ISO-10303-21;
HEADER;
FILE_DESCRIPTION(('Open CASCADE Model'),'2;1');
FILE_NAME('Open CASCADE Shape Model','2026-10-04T03:45:03',('Author'),(
    'Open CASCADE'),'Open CASCADE STEP processor 7.9','Open CASCADE 7.9'
  ,'Unknown');
FILE_SCHEMA(('AUTOMOTIVE_DESIGN { 1 0 10303 214 1 1 1 1 }'));
ENDSEC;
DATA;
#1 = APPLICATION_PROTOCOL_DEFINITION('international standard',
  'automotive_design',2000,#2);
#2 = APPLICATION_CONTEXT(
  'core data for automotive mechanical design processes');
#3 = SHAPE_DEFINITION_REPRESENTATION(#4,#10);
#4 = PRODUCT_DEFINITION_SHAPE('','',#5);
#5 = PRODUCT_DEFINITION('design','',#6,#9);
#6 = PRODUCT_DEFINITION_FORMATION('','',#7);
#7 = PRODUCT('Open CASCADE STEP translator 7.9 2',
  'Open CASCADE STEP translator 7.9 2','',(#8));
#8 = PRODUCT_CONTEXT('',#2,'mechanical');
#9 = PRODUCT_DEFINITION_CONTEXT('part definition',#2,'design');
#10 = ADVANCED_BREP_SHAPE_REPRESENTATION('',(#11,#15),#10303);
#11 = AXIS2_PLACEMENT_3D('',#12,#13,#14);
#12 = CARTESIAN_POINT('',(0.,0.,0.));
#13 = DIRECTION('',(0.,0.,1.));
#14 = DIRECTION('',(1.,0.,-0.));
#15 = MANIFOLD_SOLID_BREP('',#16);
#16 = CLOSED_SHELL('',(#17,#137,#213,#284,#681,#3192,#3199,#3254,#3309,
    #3390,#3438,#3486,#3545,#3604,#3652,#3700,#3737,#3792,#3847,#3923,
    #3972,#4021,#4070,#4119,#4168,#4217,#4266,#4315,#4364,#4413,#4462,
    #4511,#4560,#4609,#4658,#4707,#4756,#4805,#4854,#4903,#4952,#5001,
    #5050,#5099,#5148,#5197,#5246,#5295,#5322,#5398,#5447,#5496,#5545,
    #5594,#5643,#5692,#5719,#5795,#5844,#5893,#5942,#5991,#6040,#6089,
    #6138,#6187,#6214,#6290,#6339,#6388,#6437,#6486,#6535,#6584,#6611,
    #6687,#6736,#6785,#6834,#6883,#6932,#6981,#7030,#7079,#7128,#7177,
    #7226,#7275,#7324,#7373,#7422,#7471,#7520,#7569,#7618,#7667,#7716,
    #7765,#7814,#7841,#7930,#7998,#8066,#8113,#8152,#8191,#8197,#8203,
    #8209,#8215,#8254,#8293,#8326,#8579,#8592,#8689,#8923,#8978,#9033,
    #9088,#9143,#9219,#9268,#9317,#9366,#9415,#9464,#9513,#9540,#9616,
    #9665,#9692,#9768,#9817,#9866,#9915,#9964,#10013,#10040,#10095,
    #10150,#10205,#10260,#10271,#10277,#10287,#10291,#10295,#10299));
#17 = ADVANCED_FACE('',(#18),#32,.F.);
#18 = FACE_BOUND('',#19,.F.);
#19 = EDGE_LOOP('',(#20,#55,#83,#111));
#20 = ORIENTED_EDGE('',*,*,#21,.T.);
#21 = EDGE_CURVE('',#22,#24,#26,.T.);
#22 = VERTEX_POINT('',#23);
#23 = CARTESIAN_POINT('',(-50.35,-41.30711741953,2.6));
#24 = VERTEX_POINT('',#25);
#25 = CARTESIAN_POINT('',(-50.35,-43.56237970942,3.420848343982));
#26 = SURFACE_CURVE('',#27,(#31,#43),.PCURVE_S1.);
#27 = LINE('',#28,#29);
#28 = CARTESIAN_POINT('',(-50.35,-41.30711741953,2.6));
#29 = VECTOR('',#30,1.);
#30 = DIRECTION('',(0.,-0.939692620786,0.342020143326));
#31 = PCURVE('',#32,#37);
#32 = PLANE('',#33);
#33 = AXIS2_PLACEMENT_3D('',#34,#35,#36);
#34 = CARTESIAN_POINT('',(-50.35,-41.30711741953,2.6));
#35 = DIRECTION('',(0.,0.342020143326,0.939692620786));
#36 = DIRECTION('',(1.,0.,0.));
#37 = DEFINITIONAL_REPRESENTATION('',(#38),#42);
#38 = LINE('',#39,#40);
#39 = CARTESIAN_POINT('',(0.,0.));
#40 = VECTOR('',#41,1.);
#41 = DIRECTION('',(0.,-1.));
#42 = ( GEOMETRIC_REPRESENTATION_CONTEXT(2) 
PARAMETRIC_REPRESENTATION_CONTEXT() REPRESENTATION_CONTEXT('2D SPACE',''
  ) );
#43 = PCURVE('',#44,#49);
#44 = PLANE('',#45);
#45 = AXIS2_PLACEMENT_3D('',#46,#47,#48);
#46 = CARTESIAN_POINT('',(-50.35,-20.93237247727,58.579151656018));
#47 = DIRECTION('',(1.,0.,0.));
#48 = DIRECTION('',(0.,-0.342020143326,-0.939692620786));
#49 = DEFINITIONAL_REPRESENTATION('',(#50),#54);
#50 = LINE('',#51,#52);
#51 = CARTESIAN_POINT('',(59.571768914393,3.552713678801E-15));
#52 = VECTOR('',#53,1.);
#53 = DIRECTION('',(0.,-1.));
#54 = ( GEOMETRIC_REPRESENTATION_CONTEXT(2) 
PARAMETRIC_REPRESENTATION_CONTEXT() REPRESENTATION_CONTEXT('2D SPACE',''
  ) );
#55 = ORIENTED_EDGE('',*,*,#56,.T.);
#56 = EDGE_CURVE('',#24,#57,#59,.T.);
#57 = VERTEX_POINT('',#58);
#58 = CARTESIAN_POINT('',(50.35,-43.56237970942,3.420848343982));
#59 = SURFACE_CURVE('',#60,(#64,#71),.PCURVE_S1.);
#60 = LINE('',#61,#62);
#61 = CARTESIAN_POINT('',(-50.35,-43.56237970942,3.420848343982));
#62 = VECTOR('',#63,1.);
#63 = DIRECTION('',(1.,0.,0.));
#64 = PCURVE('',#32,#65);
#65 = DEFINITIONAL_REPRESENTATION('',(#66),#70);
#66 = LINE('',#67,#68);
#67 = CARTESIAN_POINT('',(0.,-2.4));
#68 = VECTOR('',#69,1.);
#69 = DIRECTION('',(1.,0.));
#70 = ( GEOMETRIC_REPRESENTATION_CONTEXT(2) 
PARAMETRIC_REPRESENTATION_CONTEXT() REPRESENTATION_CONTEXT('2D SPACE',''
  ) );
#71 = PCURVE('',#72,#77);
#72 = PLANE('',#73);
#73 = AXIS2_PLACEMENT_3D('',#74,#75,#76);
#74 = CARTESIAN_POINT('',(-1.418675771681E-15,-33.37500723829,
    31.410424171991));
#75 = DIRECTION('',(0.,-0.939692620786,0.342020143326));
#76 = DIRECTION('',(1.,0.,0.));
#77 = DEFINITIONAL_REPRESENTATION('',(#78),#82);
#78 = LINE('',#79,#80);
#79 = CARTESIAN_POINT('',(-50.35,-29.78588445719));
#80 = VECTOR('',#81,1.);
#81 = DIRECTION('',(1.,0.));
#82 = ( GEOMETRIC_REPRESENTATION_CONTEXT(2) 
PARAMETRIC_REPRESENTATION_CONTEXT() REPRESENTATION_CONTEXT('2D SPACE',''
  ) );
#83 = ORIENTED_EDGE('',*,*,#84,.F.);
#84 = EDGE_CURVE('',#85,#57,#87,.T.);
#85 = VERTEX_POINT('',#86);
#86 = CARTESIAN_POINT('',(50.35,-41.30711741953,2.6));
#87 = SURFACE_CURVE('',#88,(#92,#99),.PCURVE_S1.);
#88 = LINE('',#89,#90);
#89 = CARTESIAN_POINT('',(50.35,-41.30711741953,2.6));
#90 = VECTOR('',#91,1.);
#91 = DIRECTION('',(0.,-0.939692620786,0.342020143326));
#92 = PCURVE('',#32,#93);
#93 = DEFINITIONAL_REPRESENTATION('',(#94),#98);
#94 = LINE('',#95,#96);
#95 = CARTESIAN_POINT('',(100.7,0.));
#96 = VECTOR('',#97,1.);
#97 = DIRECTION('',(0.,-1.));
#98 = ( GEOMETRIC_REPRESENTATION_CONTEXT(2) 
PARAMETRIC_REPRESENTATION_CONTEXT() REPRESENTATION_CONTEXT('2D SPACE',''
  ) );
#99 = PCURVE('',#100,#105);
#100 = PLANE('',#101);
#101 = AXIS2_PLACEMENT_3D('',#102,#103,#104);
#102 = CARTESIAN_POINT('',(50.35,-41.30711741953,2.6));
#103 = DIRECTION('',(-1.,0.,0.));
#104 = DIRECTION('',(0.,0.342020143326,0.939692620786));
#105 = DEFINITIONAL_REPRESENTATION('',(#106),#110);
#106 = LINE('',#107,#108);
#107 = CARTESIAN_POINT('',(0.,0.));
#108 = VECTOR('',#109,1.);
#109 = DIRECTION('',(0.,-1.));
#110 = ( GEOMETRIC_REPRESENTATION_CONTEXT(2) 
PARAMETRIC_REPRESENTATION_CONTEXT() REPRESENTATION_CONTEXT('2D SPACE',''
  ) );
#111 = ORIENTED_EDGE('',*,*,#112,.F.);
#112 = EDGE_CURVE('',#22,#85,#113,.T.);
#113 = SURFACE_CURVE('',#114,(#118,#125),.PCURVE_S1.);
#114 = LINE('',#115,#116);
#115 = CARTESIAN_POINT('',(-50.35,-41.30711741953,2.6));
#116 = VECTOR('',#117,1.);
#117 = DIRECTION('',(1.,0.,0.));
#118 = PCURVE('',#32,#119);
#119 = DEFINITIONAL_REPRESENTATION('',(#120),#124);
#120 = LINE('',#121,#122);
#121 = CARTESIAN_POINT('',(0.,0.));
#122 = VECTOR('',#123,1.);
#123 = DIRECTION('',(1.,0.));
#124 = ( GEOMETRIC_REPRESENTATION_CONTEXT(2) 
PARAMETRIC_REPRESENTATION_CONTEXT() REPRESENTATION_CONTEXT('2D SPACE',''
  ) );
#125 = PCURVE('',#126,#131);
#126 = PLANE('',#127);
#127 = AXIS2_PLACEMENT_3D('',#128,#129,#130);
#128 = CARTESIAN_POINT('',(-1.418675771681E-15,-31.1197449484,
    30.589575828009));
#129 = DIRECTION('',(0.,-0.939692620786,0.342020143326));
#130 = DIRECTION('',(1.,0.,0.));
#131 = DEFINITIONAL_REPRESENTATION('',(#132),#136);
#132 = LINE('',#133,#134);
#133 = CARTESIAN_POINT('',(-50.35,-29.78588445719));
#134 = VECTOR('',#135,1.);
#135 = DIRECTION('',(1.,0.));
#136 = ( GEOMETRIC_REPRESENTATION_CONTEXT(2) 
PARAMETRIC_REPRESENTATION_CONTEXT() REPRESENTATION_CONTEXT('2D SPACE',''
  ) );
#137 = ADVANCED_FACE('',(#138),#44,.F.);
#138 = FACE_BOUND('',#139,.F.);
#139 = EDGE_LOOP('',(#140,#170,#191,#192));
#140 = ORIENTED_EDGE('',*,*,#141,.T.);
#141 = EDGE_CURVE('',#142,#144,#146,.T.);
#142 = VERTEX_POINT('',#143);
#143 = CARTESIAN_POINT('',(-50.35,-20.93237247727,58.579151656018));
#144 = VERTEX_POINT('',#145);
#145 = CARTESIAN_POINT('',(-50.35,-23.18763476716,59.4));
#146 = SURFACE_CURVE('',#147,(#151,#158),.PCURVE_S1.);
#147 = LINE('',#148,#149);
#148 = CARTESIAN_POINT('',(-50.35,-20.93237247727,58.579151656018));
#149 = VECTOR('',#150,1.);
#150 = DIRECTION('',(0.,-0.939692620786,0.342020143326));
#151 = PCURVE('',#44,#152);
#152 = DEFINITIONAL_REPRESENTATION('',(#153),#157);
#153 = LINE('',#154,#155);
#154 = CARTESIAN_POINT('',(0.,0.));
#155 = VECTOR('',#156,1.);
#156 = DIRECTION('',(0.,-1.));
#157 = ( GEOMETRIC_REPRESENTATION_CONTEXT(2) 
PARAMETRIC_REPRESENTATION_CONTEXT() REPRESENTATION_CONTEXT('2D SPACE',''
  ) );
#158 = PCURVE('',#159,#164);
#159 = PLANE('',#160);
#160 = AXIS2_PLACEMENT_3D('',#161,#162,#163);
#161 = CARTESIAN_POINT('',(50.35,-20.93237247727,58.579151656018));
#162 = DIRECTION('',(0.,-0.342020143326,-0.939692620786));
#163 = DIRECTION('',(-1.,0.,0.));
#164 = DEFINITIONAL_REPRESENTATION('',(#165),#169);
#165 = LINE('',#166,#167);
#166 = CARTESIAN_POINT('',(100.7,0.));
#167 = VECTOR('',#168,1.);
#168 = DIRECTION('',(0.,-1.));
#169 = ( GEOMETRIC_REPRESENTATION_CONTEXT(2) 
PARAMETRIC_REPRESENTATION_CONTEXT() REPRESENTATION_CONTEXT('2D SPACE',''
  ) );
#170 = ORIENTED_EDGE('',*,*,#171,.T.);
#171 = EDGE_CURVE('',#144,#24,#172,.T.);
#172 = SURFACE_CURVE('',#173,(#177,#184),.PCURVE_S1.);
#173 = LINE('',#174,#175);
#174 = CARTESIAN_POINT('',(-50.35,-23.18763476716,59.4));
#175 = VECTOR('',#176,1.);
#176 = DIRECTION('',(0.,-0.342020143326,-0.939692620786));
#177 = PCURVE('',#44,#178);
#178 = DEFINITIONAL_REPRESENTATION('',(#179),#183);
#179 = LINE('',#180,#181);
#180 = CARTESIAN_POINT('',(2.775557561563E-15,-2.4));
#181 = VECTOR('',#182,1.);
#182 = DIRECTION('',(1.,0.));
#183 = ( GEOMETRIC_REPRESENTATION_CONTEXT(2) 
PARAMETRIC_REPRESENTATION_CONTEXT() REPRESENTATION_CONTEXT('2D SPACE',''
  ) );
#184 = PCURVE('',#72,#185);
#185 = DEFINITIONAL_REPRESENTATION('',(#186),#190);
#186 = LINE('',#187,#188);
#187 = CARTESIAN_POINT('',(-50.35,29.785884457196));
#188 = VECTOR('',#189,1.);
#189 = DIRECTION('',(0.,-1.));
#190 = ( GEOMETRIC_REPRESENTATION_CONTEXT(2) 
PARAMETRIC_REPRESENTATION_CONTEXT() REPRESENTATION_CONTEXT('2D SPACE',''
  ) );
#191 = ORIENTED_EDGE('',*,*,#21,.F.);
#192 = ORIENTED_EDGE('',*,*,#193,.F.);
#193 = EDGE_CURVE('',#142,#22,#194,.T.);
#194 = SURFACE_CURVE('',#195,(#199,#206),.PCURVE_S1.);
#195 = LINE('',#196,#197);
#196 = CARTESIAN_POINT('',(-50.35,-20.93237247727,58.579151656018));
#197 = VECTOR('',#198,1.);
#198 = DIRECTION('',(0.,-0.342020143326,-0.939692620786));
#199 = PCURVE('',#44,#200);
#200 = DEFINITIONAL_REPRESENTATION('',(#201),#205);
#201 = LINE('',#202,#203);
#202 = CARTESIAN_POINT('',(0.,0.));
#203 = VECTOR('',#204,1.);
#204 = DIRECTION('',(1.,0.));
#205 = ( GEOMETRIC_REPRESENTATION_CONTEXT(2) 
PARAMETRIC_REPRESENTATION_CONTEXT() REPRESENTATION_CONTEXT('2D SPACE',''
  ) );
#206 = PCURVE('',#126,#207);
#207 = DEFINITIONAL_REPRESENTATION('',(#208),#212);
#208 = LINE('',#209,#210);
#209 = CARTESIAN_POINT('',(-50.35,29.785884457196));
#210 = VECTOR('',#211,1.);
#211 = DIRECTION('',(0.,-1.));
#212 = ( GEOMETRIC_REPRESENTATION_CONTEXT(2) 
PARAMETRIC_REPRESENTATION_CONTEXT() REPRESENTATION_CONTEXT('2D SPACE',''
  ) );
#213 = ADVANCED_FACE('',(#214),#100,.F.);
#214 = FACE_BOUND('',#215,.F.);
#215 = EDGE_LOOP('',(#216,#217,#240,#263));
#216 = ORIENTED_EDGE('',*,*,#84,.T.);
#217 = ORIENTED_EDGE('',*,*,#218,.T.);
#218 = EDGE_CURVE('',#57,#219,#221,.T.);
#219 = VERTEX_POINT('',#220);
#220 = CARTESIAN_POINT('',(50.35,-23.18763476716,59.4));
#221 = SURFACE_CURVE('',#222,(#226,#233),.PCURVE_S1.);
#222 = LINE('',#223,#224);
#223 = CARTESIAN_POINT('',(50.35,-43.56237970942,3.420848343982));
#224 = VECTOR('',#225,1.);
#225 = DIRECTION('',(0.,0.342020143326,0.939692620786));
#226 = PCURVE('',#100,#227);
#227 = DEFINITIONAL_REPRESENTATION('',(#228),#232);
#228 = LINE('',#229,#230);
#229 = CARTESIAN_POINT('',(-1.110223024625E-15,-2.4));
#230 = VECTOR('',#231,1.);
#231 = DIRECTION('',(1.,0.));
#232 = ( GEOMETRIC_REPRESENTATION_CONTEXT(2) 
PARAMETRIC_REPRESENTATION_CONTEXT() REPRESENTATION_CONTEXT('2D SPACE',''
  ) );
#233 = PCURVE('',#72,#234);
#234 = DEFINITIONAL_REPRESENTATION('',(#235),#239);
#235 = LINE('',#236,#237);
#236 = CARTESIAN_POINT('',(50.35,-29.78588445719));
#237 = VECTOR('',#238,1.);
#238 = DIRECTION('',(0.,1.));
#239 = ( GEOMETRIC_REPRESENTATION_CONTEXT(2) 
PARAMETRIC_REPRESENTATION_CONTEXT() REPRESENTATION_CONTEXT('2D SPACE',''
  ) );
#240 = ORIENTED_EDGE('',*,*,#241,.F.);
#241 = EDGE_CURVE('',#242,#219,#244,.T.);
#242 = VERTEX_POINT('',#243);
#243 = CARTESIAN_POINT('',(50.35,-20.93237247727,58.579151656018));
#244 = SURFACE_CURVE('',#245,(#249,#256),.PCURVE_S1.);
#245 = LINE('',#246,#247);
#246 = CARTESIAN_POINT('',(50.35,-20.93237247727,58.579151656018));
#247 = VECTOR('',#248,1.);
#248 = DIRECTION('',(0.,-0.939692620786,0.342020143326));
#249 = PCURVE('',#100,#250);
#250 = DEFINITIONAL_REPRESENTATION('',(#251),#255);
#251 = LINE('',#252,#253);
#252 = CARTESIAN_POINT('',(59.571768914393,-3.552713678801E-15));
#253 = VECTOR('',#254,1.);
#254 = DIRECTION('',(0.,-1.));
#255 = ( GEOMETRIC_REPRESENTATION_CONTEXT(2) 
PARAMETRIC_REPRESENTATION_CONTEXT() REPRESENTATION_CONTEXT('2D SPACE',''
  ) );
#256 = PCURVE('',#159,#257);
#257 = DEFINITIONAL_REPRESENTATION('',(#258),#262);
#258 = LINE('',#259,#260);
#259 = CARTESIAN_POINT('',(0.,0.));
#260 = VECTOR('',#261,1.);
#261 = DIRECTION('',(0.,-1.));
#262 = ( GEOMETRIC_REPRESENTATION_CONTEXT(2) 
PARAMETRIC_REPRESENTATION_CONTEXT() REPRESENTATION_CONTEXT('2D SPACE',''
  ) );
#263 = ORIENTED_EDGE('',*,*,#264,.F.);
#264 = EDGE_CURVE('',#85,#242,#265,.T.);
#265 = SURFACE_CURVE('',#266,(#270,#277),.PCURVE_S1.);
#266 = LINE('',#267,#268);
#267 = CARTESIAN_POINT('',(50.35,-41.30711741953,2.6));
#268 = VECTOR('',#269,1.);
#269 = DIRECTION('',(0.,0.342020143326,0.939692620786));
#270 = PCURVE('',#100,#271);
#271 = DEFINITIONAL_REPRESENTATION('',(#272),#276);
#272 = LINE('',#273,#274);
#273 = CARTESIAN_POINT('',(0.,0.));
#274 = VECTOR('',#275,1.);
#275 = DIRECTION('',(1.,0.));
#276 = ( GEOMETRIC_REPRESENTATION_CONTEXT(2) 
PARAMETRIC_REPRESENTATION_CONTEXT() REPRESENTATION_CONTEXT('2D SPACE',''
  ) );
#277 = PCURVE('',#126,#278);
#278 = DEFINITIONAL_REPRESENTATION('',(#279),#283);
#279 = LINE('',#280,#281);
#280 = CARTESIAN_POINT('',(50.35,-29.78588445719));
#281 = VECTOR('',#282,1.);
#282 = DIRECTION('',(0.,1.));
#283 = ( GEOMETRIC_REPRESENTATION_CONTEXT(2) 
PARAMETRIC_REPRESENTATION_CONTEXT() REPRESENTATION_CONTEXT('2D SPACE',''
  ) );
#284 = ADVANCED_FACE('',(#285,#311,#346,#381,#611,#646),#126,.F.);
#285 = FACE_BOUND('',#286,.F.);
#286 = EDGE_LOOP('',(#287,#288,#289,#310));
#287 = ORIENTED_EDGE('',*,*,#112,.T.);
#288 = ORIENTED_EDGE('',*,*,#264,.T.);
#289 = ORIENTED_EDGE('',*,*,#290,.T.);
#290 = EDGE_CURVE('',#242,#142,#291,.T.);
#291 = SURFACE_CURVE('',#292,(#296,#303),.PCURVE_S1.);
#292 = LINE('',#293,#294);
#293 = CARTESIAN_POINT('',(50.35,-20.93237247727,58.579151656018));
#294 = VECTOR('',#295,1.);
#295 = DIRECTION('',(-1.,0.,0.));
#296 = PCURVE('',#126,#297);
#297 = DEFINITIONAL_REPRESENTATION('',(#298),#302);
#298 = LINE('',#299,#300);
#299 = CARTESIAN_POINT('',(50.35,29.785884457196));
#300 = VECTOR('',#301,1.);
#301 = DIRECTION('',(-1.,0.));
#302 = ( GEOMETRIC_REPRESENTATION_CONTEXT(2) 
PARAMETRIC_REPRESENTATION_CONTEXT() REPRESENTATION_CONTEXT('2D SPACE',''
  ) );
#303 = PCURVE('',#159,#304);
#304 = DEFINITIONAL_REPRESENTATION('',(#305),#309);
#305 = LINE('',#306,#307);
#306 = CARTESIAN_POINT('',(0.,0.));
#307 = VECTOR('',#308,1.);
#308 = DIRECTION('',(1.,0.));
#309 = ( GEOMETRIC_REPRESENTATION_CONTEXT(2) 
PARAMETRIC_REPRESENTATION_CONTEXT() REPRESENTATION_CONTEXT('2D SPACE',''
  ) );
#310 = ORIENTED_EDGE('',*,*,#193,.T.);
#311 = FACE_BOUND('',#312,.F.);
#312 = EDGE_LOOP('',(#313));
#313 = ORIENTED_EDGE('',*,*,#314,.T.);
#314 = EDGE_CURVE('',#315,#315,#317,.T.);
#315 = VERTEX_POINT('',#316);
#316 = CARTESIAN_POINT('',(-35.8,-36.93408738494,14.614801274649));
#317 = SURFACE_CURVE('',#318,(#323,#334),.PCURVE_S1.);
#318 = CIRCLE('',#319,3.2);
#319 = AXIS2_PLACEMENT_3D('',#320,#321,#322);
#320 = CARTESIAN_POINT('',(-39.,-36.93408738494,14.614801274649));
#321 = DIRECTION('',(0.,0.939692620786,-0.342020143326));
#322 = DIRECTION('',(1.,0.,0.));
#323 = PCURVE('',#126,#324);
#324 = DEFINITIONAL_REPRESENTATION('',(#325),#333);
#325 = ( BOUNDED_CURVE() B_SPLINE_CURVE(2,(#326,#327,#328,#329,#330,#331
,#332),.UNSPECIFIED.,.T.,.F.) B_SPLINE_CURVE_WITH_KNOTS((1,2,2,2,2,1),(
    -2.094395102393,0.,2.094395102393,4.188790204786,6.28318530718,
8.377580409573),.UNSPECIFIED.) CURVE() GEOMETRIC_REPRESENTATION_ITEM() 
RATIONAL_B_SPLINE_CURVE((1.,0.5,1.,0.5,1.,0.5,1.)) REPRESENTATION_ITEM(
  '') );
#326 = CARTESIAN_POINT('',(-35.8,-17.));
#327 = CARTESIAN_POINT('',(-35.8,-22.54256258422));
#328 = CARTESIAN_POINT('',(-40.6,-19.77128129211));
#329 = CARTESIAN_POINT('',(-45.4,-17.));
#330 = CARTESIAN_POINT('',(-40.6,-14.22871870789));
#331 = CARTESIAN_POINT('',(-35.8,-11.45743741578));
#332 = CARTESIAN_POINT('',(-35.8,-17.));
#333 = ( GEOMETRIC_REPRESENTATION_CONTEXT(2) 
PARAMETRIC_REPRESENTATION_CONTEXT() REPRESENTATION_CONTEXT('2D SPACE',''
  ) );
#334 = PCURVE('',#335,#340);
#335 = CYLINDRICAL_SURFACE('',#336,3.2);
#336 = AXIS2_PLACEMENT_3D('',#337,#338,#339);
#337 = CARTESIAN_POINT('',(-39.,-33.55119395011,13.383528758676));
#338 = DIRECTION('',(-0.,0.939692620786,-0.342020143326));
#339 = DIRECTION('',(1.,0.,0.));
#340 = DEFINITIONAL_REPRESENTATION('',(#341),#345);
#341 = LINE('',#342,#343);
#342 = CARTESIAN_POINT('',(-6.28318530718,-3.6));
#343 = VECTOR('',#344,1.);
#344 = DIRECTION('',(1.,-0.));
#345 = ( GEOMETRIC_REPRESENTATION_CONTEXT(2) 
PARAMETRIC_REPRESENTATION_CONTEXT() REPRESENTATION_CONTEXT('2D SPACE',''
  ) );
#346 = FACE_BOUND('',#347,.F.);
#347 = EDGE_LOOP('',(#348));
#348 = ORIENTED_EDGE('',*,*,#349,.T.);
#349 = EDGE_CURVE('',#350,#350,#352,.T.);
#350 = VERTEX_POINT('',#351);
#351 = CARTESIAN_POINT('',(42.2,-36.93408738494,14.614801274649));
#352 = SURFACE_CURVE('',#353,(#358,#369),.PCURVE_S1.);
#353 = CIRCLE('',#354,3.2);
#354 = AXIS2_PLACEMENT_3D('',#355,#356,#357);
#355 = CARTESIAN_POINT('',(39.,-36.93408738494,14.614801274649));
#356 = DIRECTION('',(0.,0.939692620786,-0.342020143326));
#357 = DIRECTION('',(1.,0.,0.));
#358 = PCURVE('',#126,#359);
#359 = DEFINITIONAL_REPRESENTATION('',(#360),#368);
#360 = ( BOUNDED_CURVE() B_SPLINE_CURVE(2,(#361,#362,#363,#364,#365,#366
,#367),.UNSPECIFIED.,.T.,.F.) B_SPLINE_CURVE_WITH_KNOTS((1,2,2,2,2,1),(
    -2.094395102393,0.,2.094395102393,4.188790204786,6.28318530718,
8.377580409573),.UNSPECIFIED.) CURVE() GEOMETRIC_REPRESENTATION_ITEM() 
RATIONAL_B_SPLINE_CURVE((1.,0.5,1.,0.5,1.,0.5,1.)) REPRESENTATION_ITEM(
  '') );
#361 = CARTESIAN_POINT('',(42.2,-17.));
#362 = CARTESIAN_POINT('',(42.2,-22.54256258422));
#363 = CARTESIAN_POINT('',(37.4,-19.77128129211));
#364 = CARTESIAN_POINT('',(32.6,-17.));
#365 = CARTESIAN_POINT('',(37.4,-14.22871870789));
#366 = CARTESIAN_POINT('',(42.2,-11.45743741578));
#367 = CARTESIAN_POINT('',(42.2,-17.));
#368 = ( GEOMETRIC_REPRESENTATION_CONTEXT(2) 
PARAMETRIC_REPRESENTATION_CONTEXT() REPRESENTATION_CONTEXT('2D SPACE',''
  ) );
#369 = PCURVE('',#370,#375);
#370 = CYLINDRICAL_SURFACE('',#371,3.2);
#371 = AXIS2_PLACEMENT_3D('',#372,#373,#374);
#372 = CARTESIAN_POINT('',(39.,-33.55119395011,13.383528758676));
#373 = DIRECTION('',(-0.,0.939692620786,-0.342020143326));
#374 = DIRECTION('',(1.,0.,0.));
#375 = DEFINITIONAL_REPRESENTATION('',(#376),#380);
#376 = LINE('',#377,#378);
#377 = CARTESIAN_POINT('',(-6.28318530718,-3.6));
#378 = VECTOR('',#379,1.);
#379 = DIRECTION('',(1.,-0.));
#380 = ( GEOMETRIC_REPRESENTATION_CONTEXT(2) 
PARAMETRIC_REPRESENTATION_CONTEXT() REPRESENTATION_CONTEXT('2D SPACE',''
  ) );
#381 = FACE_BOUND('',#382,.F.);
#382 = EDGE_LOOP('',(#383,#414,#442,#471,#499,#528,#556,#585));
#383 = ORIENTED_EDGE('',*,*,#384,.F.);
#384 = EDGE_CURVE('',#385,#387,#389,.T.);
#385 = VERTEX_POINT('',#386);
#386 = CARTESIAN_POINT('',(25.,-37.2077034996,13.86304717802));
#387 = VERTEX_POINT('',#388);
#388 = CARTESIAN_POINT('',(26.5,-36.69467328461,15.272586109199));
#389 = SURFACE_CURVE('',#390,(#395,#402),.PCURVE_S1.);
#390 = CIRCLE('',#391,1.5);
#391 = AXIS2_PLACEMENT_3D('',#392,#393,#394);
#392 = CARTESIAN_POINT('',(25.,-36.69467328461,15.272586109199));
#393 = DIRECTION('',(0.,-0.939692620786,0.342020143326));
#394 = DIRECTION('',(0.,-0.342020143326,-0.939692620786));
#395 = PCURVE('',#126,#396);
#396 = DEFINITIONAL_REPRESENTATION('',(#397),#401);
#397 = CIRCLE('',#398,1.5);
#398 = AXIS2_PLACEMENT_2D('',#399,#400);
#399 = CARTESIAN_POINT('',(25.,-16.3));
#400 = DIRECTION('',(0.,-1.));
#401 = ( GEOMETRIC_REPRESENTATION_CONTEXT(2) 
PARAMETRIC_REPRESENTATION_CONTEXT() REPRESENTATION_CONTEXT('2D SPACE',''
  ) );
#402 = PCURVE('',#403,#408);
#403 = CYLINDRICAL_SURFACE('',#404,1.5);
#404 = AXIS2_PLACEMENT_3D('',#405,#406,#407);
#405 = CARTESIAN_POINT('',(25.,-35.75498066382,14.930565965873));
#406 = DIRECTION('',(0.,-0.939692620786,0.342020143326));
#407 = DIRECTION('',(0.,-0.342020143326,-0.939692620786));
#408 = DEFINITIONAL_REPRESENTATION('',(#409),#413);
#409 = LINE('',#410,#411);
#410 = CARTESIAN_POINT('',(0.,1.));
#411 = VECTOR('',#412,1.);
#412 = DIRECTION('',(1.,0.));
#413 = ( GEOMETRIC_REPRESENTATION_CONTEXT(2) 
PARAMETRIC_REPRESENTATION_CONTEXT() REPRESENTATION_CONTEXT('2D SPACE',''
  ) );
#414 = ORIENTED_EDGE('',*,*,#415,.T.);
#415 = EDGE_CURVE('',#385,#416,#418,.T.);
#416 = VERTEX_POINT('',#417);
#417 = CARTESIAN_POINT('',(-30.,-37.2077034996,13.86304717802));
#418 = SURFACE_CURVE('',#419,(#423,#430),.PCURVE_S1.);
#419 = LINE('',#420,#421);
#420 = CARTESIAN_POINT('',(-15.75,-37.2077034996,13.86304717802));
#421 = VECTOR('',#422,1.);
#422 = DIRECTION('',(-1.,0.,0.));
#423 = PCURVE('',#126,#424);
#424 = DEFINITIONAL_REPRESENTATION('',(#425),#429);
#425 = LINE('',#426,#427);
#426 = CARTESIAN_POINT('',(-15.75,-17.8));
#427 = VECTOR('',#428,1.);
#428 = DIRECTION('',(-1.,0.));
#429 = ( GEOMETRIC_REPRESENTATION_CONTEXT(2) 
PARAMETRIC_REPRESENTATION_CONTEXT() REPRESENTATION_CONTEXT('2D SPACE',''
  ) );
#430 = PCURVE('',#431,#436);
#431 = PLANE('',#432);
#432 = AXIS2_PLACEMENT_3D('',#433,#434,#435);
#433 = CARTESIAN_POINT('',(-31.5,-36.26801087881,13.521027034694));
#434 = DIRECTION('',(0.,0.342020143326,0.939692620786));
#435 = DIRECTION('',(1.,0.,0.));
#436 = DEFINITIONAL_REPRESENTATION('',(#437),#441);
#437 = LINE('',#438,#439);
#438 = CARTESIAN_POINT('',(15.75,-1.));
#439 = VECTOR('',#440,1.);
#440 = DIRECTION('',(-1.,0.));
#441 = ( GEOMETRIC_REPRESENTATION_CONTEXT(2) 
PARAMETRIC_REPRESENTATION_CONTEXT() REPRESENTATION_CONTEXT('2D SPACE',''
  ) );
#442 = ORIENTED_EDGE('',*,*,#443,.F.);
#443 = EDGE_CURVE('',#444,#416,#446,.T.);
#444 = VERTEX_POINT('',#445);
#445 = CARTESIAN_POINT('',(-31.5,-36.69467328461,15.272586109199));
#446 = SURFACE_CURVE('',#447,(#452,#459),.PCURVE_S1.);
#447 = CIRCLE('',#448,1.5);
#448 = AXIS2_PLACEMENT_3D('',#449,#450,#451);
#449 = CARTESIAN_POINT('',(-30.,-36.69467328461,15.272586109199));
#450 = DIRECTION('',(0.,-0.939692620786,0.342020143326));
#451 = DIRECTION('',(0.,-0.342020143326,-0.939692620786));
#452 = PCURVE('',#126,#453);
#453 = DEFINITIONAL_REPRESENTATION('',(#454),#458);
#454 = CIRCLE('',#455,1.5);
#455 = AXIS2_PLACEMENT_2D('',#456,#457);
#456 = CARTESIAN_POINT('',(-30.,-16.3));
#457 = DIRECTION('',(0.,-1.));
#458 = ( GEOMETRIC_REPRESENTATION_CONTEXT(2) 
PARAMETRIC_REPRESENTATION_CONTEXT() REPRESENTATION_CONTEXT('2D SPACE',''
  ) );
#459 = PCURVE('',#460,#465);
#460 = CYLINDRICAL_SURFACE('',#461,1.5);
#461 = AXIS2_PLACEMENT_3D('',#462,#463,#464);
#462 = CARTESIAN_POINT('',(-30.,-35.75498066382,14.930565965873));
#463 = DIRECTION('',(0.,-0.939692620786,0.342020143326));
#464 = DIRECTION('',(0.,-0.342020143326,-0.939692620786));
#465 = DEFINITIONAL_REPRESENTATION('',(#466),#470);
#466 = LINE('',#467,#468);
#467 = CARTESIAN_POINT('',(-6.28318530718,1.));
#468 = VECTOR('',#469,1.);
#469 = DIRECTION('',(1.,-0.));
#470 = ( GEOMETRIC_REPRESENTATION_CONTEXT(2) 
PARAMETRIC_REPRESENTATION_CONTEXT() REPRESENTATION_CONTEXT('2D SPACE',''
  ) );
#471 = ORIENTED_EDGE('',*,*,#472,.T.);
#472 = EDGE_CURVE('',#444,#473,#475,.T.);
#473 = VERTEX_POINT('',#474);
#474 = CARTESIAN_POINT('',(-31.5,-22.80865546559,53.424106513107));
#475 = SURFACE_CURVE('',#476,(#480,#487),.PCURVE_S1.);
#476 = LINE('',#477,#478);
#477 = CARTESIAN_POINT('',(-31.5,-26.7076850995,42.711610636147));
#478 = VECTOR('',#479,1.);
#479 = DIRECTION('',(0.,0.342020143326,0.939692620786));
#480 = PCURVE('',#126,#481);
#481 = DEFINITIONAL_REPRESENTATION('',(#482),#486);
#482 = LINE('',#483,#484);
#483 = CARTESIAN_POINT('',(-31.5,12.9));
#484 = VECTOR('',#485,1.);
#485 = DIRECTION('',(0.,1.));
#486 = ( GEOMETRIC_REPRESENTATION_CONTEXT(2) 
PARAMETRIC_REPRESENTATION_CONTEXT() REPRESENTATION_CONTEXT('2D SPACE',''
  ) );
#487 = PCURVE('',#488,#493);
#488 = PLANE('',#489);
#489 = AXIS2_PLACEMENT_3D('',#490,#491,#492);
#490 = CARTESIAN_POINT('',(-31.5,-21.35593262981,54.49162530096));
#491 = DIRECTION('',(1.,0.,0.));
#492 = DIRECTION('',(0.,-0.342020143326,-0.939692620786));
#493 = DEFINITIONAL_REPRESENTATION('',(#494),#498);
#494 = LINE('',#495,#496);
#495 = CARTESIAN_POINT('',(12.9,-1.));
#496 = VECTOR('',#497,1.);
#497 = DIRECTION('',(-1.,0.));
#498 = ( GEOMETRIC_REPRESENTATION_CONTEXT(2) 
PARAMETRIC_REPRESENTATION_CONTEXT() REPRESENTATION_CONTEXT('2D SPACE',''
  ) );
#499 = ORIENTED_EDGE('',*,*,#500,.F.);
#500 = EDGE_CURVE('',#501,#473,#503,.T.);
#501 = VERTEX_POINT('',#502);
#502 = CARTESIAN_POINT('',(-30.,-22.2956252506,54.833645444286));
#503 = SURFACE_CURVE('',#504,(#509,#516),.PCURVE_S1.);
#504 = CIRCLE('',#505,1.5);
#505 = AXIS2_PLACEMENT_3D('',#506,#507,#508);
#506 = CARTESIAN_POINT('',(-30.,-22.80865546559,53.424106513107));
#507 = DIRECTION('',(0.,-0.939692620786,0.342020143326));
#508 = DIRECTION('',(0.,0.342020143326,0.939692620786));
#509 = PCURVE('',#126,#510);
#510 = DEFINITIONAL_REPRESENTATION('',(#511),#515);
#511 = CIRCLE('',#512,1.5);
#512 = AXIS2_PLACEMENT_2D('',#513,#514);
#513 = CARTESIAN_POINT('',(-30.,24.3));
#514 = DIRECTION('',(0.,1.));
#515 = ( GEOMETRIC_REPRESENTATION_CONTEXT(2) 
PARAMETRIC_REPRESENTATION_CONTEXT() REPRESENTATION_CONTEXT('2D SPACE',''
  ) );
#516 = PCURVE('',#517,#522);
#517 = CYLINDRICAL_SURFACE('',#518,1.5);
#518 = AXIS2_PLACEMENT_3D('',#519,#520,#521);
#519 = CARTESIAN_POINT('',(-30.,-21.8689628448,53.082086369781));
#520 = DIRECTION('',(0.,-0.939692620786,0.342020143326));
#521 = DIRECTION('',(0.,0.342020143326,0.939692620786));
#522 = DEFINITIONAL_REPRESENTATION('',(#523),#527);
#523 = LINE('',#524,#525);
#524 = CARTESIAN_POINT('',(0.,1.));
#525 = VECTOR('',#526,1.);
#526 = DIRECTION('',(1.,0.));
#527 = ( GEOMETRIC_REPRESENTATION_CONTEXT(2) 
PARAMETRIC_REPRESENTATION_CONTEXT() REPRESENTATION_CONTEXT('2D SPACE',''
  ) );
#528 = ORIENTED_EDGE('',*,*,#529,.T.);
#529 = EDGE_CURVE('',#501,#530,#532,.T.);
#530 = VERTEX_POINT('',#531);
#531 = CARTESIAN_POINT('',(25.,-22.2956252506,54.833645444286));
#532 = SURFACE_CURVE('',#533,(#537,#544),.PCURVE_S1.);
#533 = LINE('',#534,#535);
#534 = CARTESIAN_POINT('',(13.25,-22.2956252506,54.833645444286));
#535 = VECTOR('',#536,1.);
#536 = DIRECTION('',(1.,0.,0.));
#537 = PCURVE('',#126,#538);
#538 = DEFINITIONAL_REPRESENTATION('',(#539),#543);
#539 = LINE('',#540,#541);
#540 = CARTESIAN_POINT('',(13.25,25.8));
#541 = VECTOR('',#542,1.);
#542 = DIRECTION('',(1.,0.));
#543 = ( GEOMETRIC_REPRESENTATION_CONTEXT(2) 
PARAMETRIC_REPRESENTATION_CONTEXT() REPRESENTATION_CONTEXT('2D SPACE',''
  ) );
#544 = PCURVE('',#545,#550);
#545 = PLANE('',#546);
#546 = AXIS2_PLACEMENT_3D('',#547,#548,#549);
#547 = CARTESIAN_POINT('',(26.5,-21.35593262981,54.49162530096));
#548 = DIRECTION('',(0.,-0.342020143326,-0.939692620786));
#549 = DIRECTION('',(-1.,0.,0.));
#550 = DEFINITIONAL_REPRESENTATION('',(#551),#555);
#551 = LINE('',#552,#553);
#552 = CARTESIAN_POINT('',(13.25,-1.));
#553 = VECTOR('',#554,1.);
#554 = DIRECTION('',(-1.,0.));
#555 = ( GEOMETRIC_REPRESENTATION_CONTEXT(2) 
PARAMETRIC_REPRESENTATION_CONTEXT() REPRESENTATION_CONTEXT('2D SPACE',''
  ) );
#556 = ORIENTED_EDGE('',*,*,#557,.F.);
#557 = EDGE_CURVE('',#558,#530,#560,.T.);
#558 = VERTEX_POINT('',#559);
#559 = CARTESIAN_POINT('',(26.5,-22.80865546559,53.424106513107));
#560 = SURFACE_CURVE('',#561,(#566,#573),.PCURVE_S1.);
#561 = CIRCLE('',#562,1.5);
#562 = AXIS2_PLACEMENT_3D('',#563,#564,#565);
#563 = CARTESIAN_POINT('',(25.,-22.80865546559,53.424106513107));
#564 = DIRECTION('',(0.,-0.939692620786,0.342020143326));
#565 = DIRECTION('',(1.,0.,0.));
#566 = PCURVE('',#126,#567);
#567 = DEFINITIONAL_REPRESENTATION('',(#568),#572);
#568 = CIRCLE('',#569,1.5);
#569 = AXIS2_PLACEMENT_2D('',#570,#571);
#570 = CARTESIAN_POINT('',(25.,24.3));
#571 = DIRECTION('',(1.,0.));
#572 = ( GEOMETRIC_REPRESENTATION_CONTEXT(2) 
PARAMETRIC_REPRESENTATION_CONTEXT() REPRESENTATION_CONTEXT('2D SPACE',''
  ) );
#573 = PCURVE('',#574,#579);
#574 = CYLINDRICAL_SURFACE('',#575,1.5);
#575 = AXIS2_PLACEMENT_3D('',#576,#577,#578);
#576 = CARTESIAN_POINT('',(25.,-21.8689628448,53.082086369781));
#577 = DIRECTION('',(0.,-0.939692620786,0.342020143326));
#578 = DIRECTION('',(1.,0.,0.));
#579 = DEFINITIONAL_REPRESENTATION('',(#580),#584);
#580 = LINE('',#581,#582);
#581 = CARTESIAN_POINT('',(0.,1.));
#582 = VECTOR('',#583,1.);
#583 = DIRECTION('',(1.,0.));
#584 = ( GEOMETRIC_REPRESENTATION_CONTEXT(2) 
PARAMETRIC_REPRESENTATION_CONTEXT() REPRESENTATION_CONTEXT('2D SPACE',''
  ) );
#585 = ORIENTED_EDGE('',*,*,#586,.T.);
#586 = EDGE_CURVE('',#558,#387,#587,.T.);
#587 = SURFACE_CURVE('',#588,(#592,#599),.PCURVE_S1.);
#588 = LINE('',#589,#590);
#589 = CARTESIAN_POINT('',(26.5,-34.163724224,22.226311503015));
#590 = VECTOR('',#591,1.);
#591 = DIRECTION('',(0.,-0.342020143326,-0.939692620786));
#592 = PCURVE('',#126,#593);
#593 = DEFINITIONAL_REPRESENTATION('',(#594),#598);
#594 = LINE('',#595,#596);
#595 = CARTESIAN_POINT('',(26.5,-8.9));
#596 = VECTOR('',#597,1.);
#597 = DIRECTION('',(0.,-1.));
#598 = ( GEOMETRIC_REPRESENTATION_CONTEXT(2) 
PARAMETRIC_REPRESENTATION_CONTEXT() REPRESENTATION_CONTEXT('2D SPACE',''
  ) );
#599 = PCURVE('',#600,#605);
#600 = PLANE('',#601);
#601 = AXIS2_PLACEMENT_3D('',#602,#603,#604);
#602 = CARTESIAN_POINT('',(26.5,-36.26801087881,13.521027034694));
#603 = DIRECTION('',(-1.,0.,0.));
#604 = DIRECTION('',(0.,0.342020143326,0.939692620786));
#605 = DEFINITIONAL_REPRESENTATION('',(#606),#610);
#606 = LINE('',#607,#608);
#607 = CARTESIAN_POINT('',(8.9,-1.));
#608 = VECTOR('',#609,1.);
#609 = DIRECTION('',(-1.,0.));
#610 = ( GEOMETRIC_REPRESENTATION_CONTEXT(2) 
PARAMETRIC_REPRESENTATION_CONTEXT() REPRESENTATION_CONTEXT('2D SPACE',''
  ) );
#611 = FACE_BOUND('',#612,.F.);
#612 = EDGE_LOOP('',(#613));
#613 = ORIENTED_EDGE('',*,*,#614,.T.);
#614 = EDGE_CURVE('',#615,#615,#617,.T.);
#615 = VERTEX_POINT('',#616);
#616 = CARTESIAN_POINT('',(-35.8,-22.56924136526,54.081891347657));
#617 = SURFACE_CURVE('',#618,(#623,#634),.PCURVE_S1.);
#618 = CIRCLE('',#619,3.2);
#619 = AXIS2_PLACEMENT_3D('',#620,#621,#622);
#620 = CARTESIAN_POINT('',(-39.,-22.56924136526,54.081891347657));
#621 = DIRECTION('',(0.,0.939692620786,-0.342020143326));
#622 = DIRECTION('',(1.,0.,0.));
#623 = PCURVE('',#126,#624);
#624 = DEFINITIONAL_REPRESENTATION('',(#625),#633);
#625 = ( BOUNDED_CURVE() B_SPLINE_CURVE(2,(#626,#627,#628,#629,#630,#631
,#632),.UNSPECIFIED.,.T.,.F.) B_SPLINE_CURVE_WITH_KNOTS((1,2,2,2,2,1),(
    -2.094395102393,0.,2.094395102393,4.188790204786,6.28318530718,
8.377580409573),.UNSPECIFIED.) CURVE() GEOMETRIC_REPRESENTATION_ITEM() 
RATIONAL_B_SPLINE_CURVE((1.,0.5,1.,0.5,1.,0.5,1.)) REPRESENTATION_ITEM(
  '') );
#626 = CARTESIAN_POINT('',(-35.8,25.));
#627 = CARTESIAN_POINT('',(-35.8,19.45743741578));
#628 = CARTESIAN_POINT('',(-40.6,22.22871870789));
#629 = CARTESIAN_POINT('',(-45.4,25.));
#630 = CARTESIAN_POINT('',(-40.6,27.77128129211));
#631 = CARTESIAN_POINT('',(-35.8,30.54256258422));
#632 = CARTESIAN_POINT('',(-35.8,25.));
#633 = ( GEOMETRIC_REPRESENTATION_CONTEXT(2) 
PARAMETRIC_REPRESENTATION_CONTEXT() REPRESENTATION_CONTEXT('2D SPACE',''
  ) );
#634 = PCURVE('',#635,#640);
#635 = CYLINDRICAL_SURFACE('',#636,3.2);
#636 = AXIS2_PLACEMENT_3D('',#637,#638,#639);
#637 = CARTESIAN_POINT('',(-39.,-19.18634793043,52.850618831684));
#638 = DIRECTION('',(-0.,0.939692620786,-0.342020143326));
#639 = DIRECTION('',(1.,0.,0.));
#640 = DEFINITIONAL_REPRESENTATION('',(#641),#645);
#641 = LINE('',#642,#643);
#642 = CARTESIAN_POINT('',(-6.28318530718,-3.6));
#643 = VECTOR('',#644,1.);
#644 = DIRECTION('',(1.,-0.));
#645 = ( GEOMETRIC_REPRESENTATION_CONTEXT(2) 
PARAMETRIC_REPRESENTATION_CONTEXT() REPRESENTATION_CONTEXT('2D SPACE',''
  ) );
#646 = FACE_BOUND('',#647,.F.);
#647 = EDGE_LOOP('',(#648));
#648 = ORIENTED_EDGE('',*,*,#649,.T.);
#649 = EDGE_CURVE('',#650,#650,#652,.T.);
#650 = VERTEX_POINT('',#651);
#651 = CARTESIAN_POINT('',(42.2,-22.56924136526,54.081891347657));
#652 = SURFACE_CURVE('',#653,(#658,#669),.PCURVE_S1.);
#653 = CIRCLE('',#654,3.2);
#654 = AXIS2_PLACEMENT_3D('',#655,#656,#657);
#655 = CARTESIAN_POINT('',(39.,-22.56924136526,54.081891347657));
#656 = DIRECTION('',(0.,0.939692620786,-0.342020143326));
#657 = DIRECTION('',(1.,0.,0.));
#658 = PCURVE('',#126,#659);
#659 = DEFINITIONAL_REPRESENTATION('',(#660),#668);
#660 = ( BOUNDED_CURVE() B_SPLINE_CURVE(2,(#661,#662,#663,#664,#665,#666
,#667),.UNSPECIFIED.,.T.,.F.) B_SPLINE_CURVE_WITH_KNOTS((1,2,2,2,2,1),(
    -2.094395102393,0.,2.094395102393,4.188790204786,6.28318530718,
8.377580409573),.UNSPECIFIED.) CURVE() GEOMETRIC_REPRESENTATION_ITEM() 
RATIONAL_B_SPLINE_CURVE((1.,0.5,1.,0.5,1.,0.5,1.)) REPRESENTATION_ITEM(
  '') );
#661 = CARTESIAN_POINT('',(42.2,25.));
#662 = CARTESIAN_POINT('',(42.2,19.45743741578));
#663 = CARTESIAN_POINT('',(37.4,22.22871870789));
#664 = CARTESIAN_POINT('',(32.6,25.));
#665 = CARTESIAN_POINT('',(37.4,27.77128129211));
#666 = CARTESIAN_POINT('',(42.2,30.54256258422));
#667 = CARTESIAN_POINT('',(42.2,25.));
#668 = ( GEOMETRIC_REPRESENTATION_CONTEXT(2) 
PARAMETRIC_REPRESENTATION_CONTEXT() REPRESENTATION_CONTEXT('2D SPACE',''
  ) );
#669 = PCURVE('',#670,#675);
#670 = CYLINDRICAL_SURFACE('',#671,3.2);
#671 = AXIS2_PLACEMENT_3D('',#672,#673,#674);
#672 = CARTESIAN_POINT('',(39.,-19.18634793043,52.850618831684));
#673 = DIRECTION('',(-0.,0.939692620786,-0.342020143326));
#674 = DIRECTION('',(1.,0.,0.));
#675 = DEFINITIONAL_REPRESENTATION('',(#676),#680);
#676 = LINE('',#677,#678);
#677 = CARTESIAN_POINT('',(-6.28318530718,-3.6));
#678 = VECTOR('',#679,1.);
#679 = DIRECTION('',(1.,-0.));
#680 = ( GEOMETRIC_REPRESENTATION_CONTEXT(2) 
PARAMETRIC_REPRESENTATION_CONTEXT() REPRESENTATION_CONTEXT('2D SPACE',''
  ) );
#681 = ADVANCED_FACE('',(#682,#708,#1602,#1844,#2126,#2352,#3090),#72,
  .T.);
#682 = FACE_BOUND('',#683,.T.);
#683 = EDGE_LOOP('',(#684,#685,#686,#707));
#684 = ORIENTED_EDGE('',*,*,#56,.T.);
#685 = ORIENTED_EDGE('',*,*,#218,.T.);
#686 = ORIENTED_EDGE('',*,*,#687,.T.);
#687 = EDGE_CURVE('',#219,#144,#688,.T.);
#688 = SURFACE_CURVE('',#689,(#693,#700),.PCURVE_S1.);
#689 = LINE('',#690,#691);
#690 = CARTESIAN_POINT('',(50.35,-23.18763476716,59.4));
#691 = VECTOR('',#692,1.);
#692 = DIRECTION('',(-1.,0.,0.));
#693 = PCURVE('',#72,#694);
#694 = DEFINITIONAL_REPRESENTATION('',(#695),#699);
#695 = LINE('',#696,#697);
#696 = CARTESIAN_POINT('',(50.35,29.785884457196));
#697 = VECTOR('',#698,1.);
#698 = DIRECTION('',(-1.,0.));
#699 = ( GEOMETRIC_REPRESENTATION_CONTEXT(2) 
PARAMETRIC_REPRESENTATION_CONTEXT() REPRESENTATION_CONTEXT('2D SPACE',''
  ) );
#700 = PCURVE('',#159,#701);
#701 = DEFINITIONAL_REPRESENTATION('',(#702),#706);
#702 = LINE('',#703,#704);
#703 = CARTESIAN_POINT('',(0.,-2.4));
#704 = VECTOR('',#705,1.);
#705 = DIRECTION('',(1.,0.));
#706 = ( GEOMETRIC_REPRESENTATION_CONTEXT(2) 
PARAMETRIC_REPRESENTATION_CONTEXT() REPRESENTATION_CONTEXT('2D SPACE',''
  ) );
#707 = ORIENTED_EDGE('',*,*,#171,.T.);
#708 = FACE_BOUND('',#709,.T.);
#709 = EDGE_LOOP('',(#710,#742,#770,#800,#830,#860,#890,#920,#948,#978,
    #1008,#1038,#1068,#1098,#1128,#1156,#1186,#1216,#1246,#1276,#1306,
    #1336,#1364,#1394,#1424,#1454,#1484,#1514,#1544,#1574));
#710 = ORIENTED_EDGE('',*,*,#711,.T.);
#711 = EDGE_CURVE('',#712,#714,#716,.T.);
#712 = VERTEX_POINT('',#713);
#713 = CARTESIAN_POINT('',(-4.94339453125,-41.54636180663,8.959812009104
    ));
#714 = VERTEX_POINT('',#715);
#715 = CARTESIAN_POINT('',(-4.861493164062,-41.69073037955,
    8.563162614926));
#716 = SURFACE_CURVE('',#717,(#721,#728),.PCURVE_S1.);
#717 = B_SPLINE_CURVE_WITH_KNOTS('',2,(#718,#719,#720),.UNSPECIFIED.,.F.
  ,.F.,(3,3),(0.,1.),.PIECEWISE_BEZIER_KNOTS.);
#718 = CARTESIAN_POINT('',(-4.94339453125,-41.54636180663,8.959812009104
    ));
#719 = CARTESIAN_POINT('',(-4.861493164062,-41.60884795161,
    8.788132736759));
#720 = CARTESIAN_POINT('',(-4.861493164062,-41.69073037955,
    8.563162614926));
#721 = PCURVE('',#72,#722);
#722 = DEFINITIONAL_REPRESENTATION('',(#723),#727);
#723 = B_SPLINE_CURVE_WITH_KNOTS('',2,(#724,#725,#726),.UNSPECIFIED.,.F.
  ,.F.,(3,3),(0.,1.),.PIECEWISE_BEZIER_KNOTS.);
#724 = CARTESIAN_POINT('',(-4.94339453125,-23.89144244222));
#725 = CARTESIAN_POINT('',(-4.861493164062,-24.07413970784));
#726 = CARTESIAN_POINT('',(-4.861493164062,-24.31354791097));
#727 = ( GEOMETRIC_REPRESENTATION_CONTEXT(2) 
PARAMETRIC_REPRESENTATION_CONTEXT() REPRESENTATION_CONTEXT('2D SPACE',''
  ) );
#728 = PCURVE('',#729,#736);
#729 = SURFACE_OF_LINEAR_EXTRUSION('',#730,#734);
#730 = B_SPLINE_CURVE_WITH_KNOTS('',2,(#731,#732,#733),.UNSPECIFIED.,.F.
  ,.F.,(3,3),(0.,1.),.PIECEWISE_BEZIER_KNOTS.);
#731 = CARTESIAN_POINT('',(-4.94339453125,-41.54636180663,8.959812009104
    ));
#732 = CARTESIAN_POINT('',(-4.861493164062,-41.60884795161,
    8.788132736759));
#733 = CARTESIAN_POINT('',(-4.861493164062,-41.69073037955,
    8.563162614926));
#734 = VECTOR('',#735,1.);
#735 = DIRECTION('',(0.,-0.939692620786,0.342020143326));
#736 = DEFINITIONAL_REPRESENTATION('',(#737),#741);
#737 = LINE('',#738,#739);
#738 = CARTESIAN_POINT('',(0.,0.));
#739 = VECTOR('',#740,1.);
#740 = DIRECTION('',(1.,0.));
#741 = ( GEOMETRIC_REPRESENTATION_CONTEXT(2) 
PARAMETRIC_REPRESENTATION_CONTEXT() REPRESENTATION_CONTEXT('2D SPACE',''
  ) );
#742 = ORIENTED_EDGE('',*,*,#743,.T.);
#743 = EDGE_CURVE('',#714,#744,#746,.T.);
#744 = VERTEX_POINT('',#745);
#745 = CARTESIAN_POINT('',(-5.449493164062,-41.69073037955,
    8.563162614926));
#746 = SURFACE_CURVE('',#747,(#751,#758),.PCURVE_S1.);
#747 = LINE('',#748,#749);
#748 = CARTESIAN_POINT('',(-4.861493164062,-41.69073037955,
    8.563162614926));
#749 = VECTOR('',#750,1.);
#750 = DIRECTION('',(-1.,0.,0.));
#751 = PCURVE('',#72,#752);
#752 = DEFINITIONAL_REPRESENTATION('',(#753),#757);
#753 = LINE('',#754,#755);
#754 = CARTESIAN_POINT('',(-4.861493164062,-24.31354791097));
#755 = VECTOR('',#756,1.);
#756 = DIRECTION('',(-1.,0.));
#757 = ( GEOMETRIC_REPRESENTATION_CONTEXT(2) 
PARAMETRIC_REPRESENTATION_CONTEXT() REPRESENTATION_CONTEXT('2D SPACE',''
  ) );
#758 = PCURVE('',#759,#764);
#759 = PLANE('',#760);
#760 = AXIS2_PLACEMENT_3D('',#761,#762,#763);
#761 = CARTESIAN_POINT('',(-4.861493164062,-41.69073037955,
    8.563162614926));
#762 = DIRECTION('',(0.,0.342020143326,0.939692620786));
#763 = DIRECTION('',(-1.,0.,0.));
#764 = DEFINITIONAL_REPRESENTATION('',(#765),#769);
#765 = LINE('',#766,#767);
#766 = CARTESIAN_POINT('',(0.,-7.284467476277E-15));
#767 = VECTOR('',#768,1.);
#768 = DIRECTION('',(1.,0.));
#769 = ( GEOMETRIC_REPRESENTATION_CONTEXT(2) 
PARAMETRIC_REPRESENTATION_CONTEXT() REPRESENTATION_CONTEXT('2D SPACE',''
  ) );
#770 = ORIENTED_EDGE('',*,*,#771,.T.);
#771 = EDGE_CURVE('',#744,#772,#774,.T.);
#772 = VERTEX_POINT('',#773);
#773 = CARTESIAN_POINT('',(-6.092098632813,-41.52697019972,
    9.013090011231));
#774 = SURFACE_CURVE('',#775,(#779,#786),.PCURVE_S1.);
#775 = B_SPLINE_CURVE_WITH_KNOTS('',2,(#776,#777,#778),.UNSPECIFIED.,.F.
  ,.F.,(3,3),(0.,1.),.PIECEWISE_BEZIER_KNOTS.);
#776 = CARTESIAN_POINT('',(-5.449493164062,-41.69073037955,
    8.563162614926));
#777 = CARTESIAN_POINT('',(-5.483098632813,-41.52697019972,
    9.013090011231));
#778 = CARTESIAN_POINT('',(-6.092098632813,-41.52697019972,
    9.013090011231));
#779 = PCURVE('',#72,#780);
#780 = DEFINITIONAL_REPRESENTATION('',(#781),#785);
#781 = B_SPLINE_CURVE_WITH_KNOTS('',2,(#782,#783,#784),.UNSPECIFIED.,.F.
  ,.F.,(3,3),(0.,1.),.PIECEWISE_BEZIER_KNOTS.);
#782 = CARTESIAN_POINT('',(-5.449493164062,-24.31354791097));
#783 = CARTESIAN_POINT('',(-5.483098632812,-23.83474517659));
#784 = CARTESIAN_POINT('',(-6.092098632812,-23.83474517659));
#785 = ( GEOMETRIC_REPRESENTATION_CONTEXT(2) 
PARAMETRIC_REPRESENTATION_CONTEXT() REPRESENTATION_CONTEXT('2D SPACE',''
  ) );
#786 = PCURVE('',#787,#794);
#787 = SURFACE_OF_LINEAR_EXTRUSION('',#788,#792);
#788 = B_SPLINE_CURVE_WITH_KNOTS('',2,(#789,#790,#791),.UNSPECIFIED.,.F.
  ,.F.,(3,3),(0.,1.),.PIECEWISE_BEZIER_KNOTS.);
#789 = CARTESIAN_POINT('',(-5.449493164062,-41.69073037955,
    8.563162614926));
#790 = CARTESIAN_POINT('',(-5.483098632813,-41.52697019972,
    9.013090011231));
#791 = CARTESIAN_POINT('',(-6.092098632813,-41.52697019972,
    9.013090011231));
#792 = VECTOR('',#793,1.);
#793 = DIRECTION('',(0.,-0.939692620786,0.342020143326));
#794 = DEFINITIONAL_REPRESENTATION('',(#795),#799);
#795 = LINE('',#796,#797);
#796 = CARTESIAN_POINT('',(0.,0.));
#797 = VECTOR('',#798,1.);
#798 = DIRECTION('',(1.,0.));
#799 = ( GEOMETRIC_REPRESENTATION_CONTEXT(2) 
PARAMETRIC_REPRESENTATION_CONTEXT() REPRESENTATION_CONTEXT('2D SPACE',''
  ) );
#800 = ORIENTED_EDGE('',*,*,#801,.T.);
#801 = EDGE_CURVE('',#772,#802,#804,.T.);
#802 = VERTEX_POINT('',#803);
#803 = CARTESIAN_POINT('',(-6.478493164062,-41.56216454007,
    8.916394355816));
#804 = SURFACE_CURVE('',#805,(#809,#816),.PCURVE_S1.);
#805 = B_SPLINE_CURVE_WITH_KNOTS('',2,(#806,#807,#808),.UNSPECIFIED.,.F.
  ,.F.,(3,3),(0.,1.),.PIECEWISE_BEZIER_KNOTS.);
#806 = CARTESIAN_POINT('',(-6.092098632813,-41.52697019972,
    9.013090011231));
#807 = CARTESIAN_POINT('',(-6.335690429688,-41.52697019972,
    9.013090011231));
#808 = CARTESIAN_POINT('',(-6.478493164062,-41.56216454007,
    8.916394355816));
#809 = PCURVE('',#72,#810);
#810 = DEFINITIONAL_REPRESENTATION('',(#811),#815);
#811 = B_SPLINE_CURVE_WITH_KNOTS('',2,(#812,#813,#814),.UNSPECIFIED.,.F.
  ,.F.,(3,3),(0.,1.),.PIECEWISE_BEZIER_KNOTS.);
#812 = CARTESIAN_POINT('',(-6.092098632812,-23.83474517659));
#813 = CARTESIAN_POINT('',(-6.335690429687,-23.83474517659));
#814 = CARTESIAN_POINT('',(-6.478493164062,-23.93764654378));
#815 = ( GEOMETRIC_REPRESENTATION_CONTEXT(2) 
PARAMETRIC_REPRESENTATION_CONTEXT() REPRESENTATION_CONTEXT('2D SPACE',''
  ) );
#816 = PCURVE('',#817,#824);
#817 = SURFACE_OF_LINEAR_EXTRUSION('',#818,#822);
#818 = B_SPLINE_CURVE_WITH_KNOTS('',2,(#819,#820,#821),.UNSPECIFIED.,.F.
  ,.F.,(3,3),(0.,1.),.PIECEWISE_BEZIER_KNOTS.);
#819 = CARTESIAN_POINT('',(-6.092098632813,-41.52697019972,
    9.013090011231));
#820 = CARTESIAN_POINT('',(-6.335690429688,-41.52697019972,
    9.013090011231));
#821 = CARTESIAN_POINT('',(-6.478493164062,-41.56216454007,
    8.916394355816));
#822 = VECTOR('',#823,1.);
#823 = DIRECTION('',(0.,-0.939692620786,0.342020143326));
#824 = DEFINITIONAL_REPRESENTATION('',(#825),#829);
#825 = LINE('',#826,#827);
#826 = CARTESIAN_POINT('',(0.,0.));
#827 = VECTOR('',#828,1.);
#828 = DIRECTION('',(1.,0.));
#829 = ( GEOMETRIC_REPRESENTATION_CONTEXT(2) 
PARAMETRIC_REPRESENTATION_CONTEXT() REPRESENTATION_CONTEXT('2D SPACE',''
  ) );
#830 = ORIENTED_EDGE('',*,*,#831,.T.);
#831 = EDGE_CURVE('',#802,#832,#834,.T.);
#832 = VERTEX_POINT('',#833);
#833 = CARTESIAN_POINT('',(-6.621295898438,-41.65625381389,
    8.657886200574));
#834 = SURFACE_CURVE('',#835,(#839,#846),.PCURVE_S1.);
#835 = B_SPLINE_CURVE_WITH_KNOTS('',2,(#836,#837,#838),.UNSPECIFIED.,.F.
  ,.F.,(3,3),(0.,1.),.PIECEWISE_BEZIER_KNOTS.);
#836 = CARTESIAN_POINT('',(-6.478493164062,-41.56216454007,
    8.916394355816));
#837 = CARTESIAN_POINT('',(-6.621295898438,-41.59735888043,
    8.819698700401));
#838 = CARTESIAN_POINT('',(-6.621295898438,-41.65625381389,
    8.657886200574));
#839 = PCURVE('',#72,#840);
#840 = DEFINITIONAL_REPRESENTATION('',(#841),#845);
#841 = B_SPLINE_CURVE_WITH_KNOTS('',2,(#842,#843,#844),.UNSPECIFIED.,.F.
  ,.F.,(3,3),(0.,1.),.PIECEWISE_BEZIER_KNOTS.);
#842 = CARTESIAN_POINT('',(-6.478493164062,-23.93764654378));
#843 = CARTESIAN_POINT('',(-6.621295898437,-24.04054791097));
#844 = CARTESIAN_POINT('',(-6.621295898437,-24.21274517659));
#845 = ( GEOMETRIC_REPRESENTATION_CONTEXT(2) 
PARAMETRIC_REPRESENTATION_CONTEXT() REPRESENTATION_CONTEXT('2D SPACE',''
  ) );
#846 = PCURVE('',#847,#854);
#847 = SURFACE_OF_LINEAR_EXTRUSION('',#848,#852);
#848 = B_SPLINE_CURVE_WITH_KNOTS('',2,(#849,#850,#851),.UNSPECIFIED.,.F.
  ,.F.,(3,3),(0.,1.),.PIECEWISE_BEZIER_KNOTS.);
#849 = CARTESIAN_POINT('',(-6.478493164062,-41.56216454007,
    8.916394355816));
#850 = CARTESIAN_POINT('',(-6.621295898438,-41.59735888043,
    8.819698700401));
#851 = CARTESIAN_POINT('',(-6.621295898438,-41.65625381389,
    8.657886200574));
#852 = VECTOR('',#853,1.);
#853 = DIRECTION('',(0.,-0.939692620786,0.342020143326));
#854 = DEFINITIONAL_REPRESENTATION('',(#855),#859);
#855 = LINE('',#856,#857);
#856 = CARTESIAN_POINT('',(0.,0.));
#857 = VECTOR('',#858,1.);
#858 = DIRECTION('',(1.,0.));
#859 = ( GEOMETRIC_REPRESENTATION_CONTEXT(2) 
PARAMETRIC_REPRESENTATION_CONTEXT() REPRESENTATION_CONTEXT('2D SPACE',''
  ) );
#860 = ORIENTED_EDGE('',*,*,#861,.T.);
#861 = EDGE_CURVE('',#832,#862,#864,.T.);
#862 = VERTEX_POINT('',#863);
#863 = CARTESIAN_POINT('',(-6.499493164062,-41.74172511532,
    8.423055729903));
#864 = SURFACE_CURVE('',#865,(#869,#876),.PCURVE_S1.);
#865 = B_SPLINE_CURVE_WITH_KNOTS('',2,(#866,#867,#868),.UNSPECIFIED.,.F.
  ,.F.,(3,3),(0.,1.),.PIECEWISE_BEZIER_KNOTS.);
#866 = CARTESIAN_POINT('',(-6.621295898438,-41.65625381389,
    8.657886200574));
#867 = CARTESIAN_POINT('',(-6.621295898438,-41.71371319797,
    8.500017840282));
#868 = CARTESIAN_POINT('',(-6.499493164062,-41.74172511532,
    8.423055729903));
#869 = PCURVE('',#72,#870);
#870 = DEFINITIONAL_REPRESENTATION('',(#871),#875);
#871 = B_SPLINE_CURVE_WITH_KNOTS('',2,(#872,#873,#874),.UNSPECIFIED.,.F.
  ,.F.,(3,3),(0.,1.),.PIECEWISE_BEZIER_KNOTS.);
#872 = CARTESIAN_POINT('',(-6.621295898437,-24.21274517659));
#873 = CARTESIAN_POINT('',(-6.621295898437,-24.38074517659));
#874 = CARTESIAN_POINT('',(-6.499493164062,-24.46264654378));
#875 = ( GEOMETRIC_REPRESENTATION_CONTEXT(2) 
PARAMETRIC_REPRESENTATION_CONTEXT() REPRESENTATION_CONTEXT('2D SPACE',''
  ) );
#876 = PCURVE('',#877,#884);
#877 = SURFACE_OF_LINEAR_EXTRUSION('',#878,#882);
#878 = B_SPLINE_CURVE_WITH_KNOTS('',2,(#879,#880,#881),.UNSPECIFIED.,.F.
  ,.F.,(3,3),(0.,1.),.PIECEWISE_BEZIER_KNOTS.);
#879 = CARTESIAN_POINT('',(-6.621295898438,-41.65625381389,
    8.657886200574));
#880 = CARTESIAN_POINT('',(-6.621295898438,-41.71371319797,
    8.500017840282));
#881 = CARTESIAN_POINT('',(-6.499493164062,-41.74172511532,
    8.423055729903));
#882 = VECTOR('',#883,1.);
#883 = DIRECTION('',(0.,-0.939692620786,0.342020143326));
#884 = DEFINITIONAL_REPRESENTATION('',(#885),#889);
#885 = LINE('',#886,#887);
#886 = CARTESIAN_POINT('',(0.,0.));
#887 = VECTOR('',#888,1.);
#888 = DIRECTION('',(1.,0.));
#889 = ( GEOMETRIC_REPRESENTATION_CONTEXT(2) 
PARAMETRIC_REPRESENTATION_CONTEXT() REPRESENTATION_CONTEXT('2D SPACE',''
  ) );
#890 = ORIENTED_EDGE('',*,*,#891,.T.);
#891 = EDGE_CURVE('',#862,#892,#894,.T.);
#892 = VERTEX_POINT('',#893);
#893 = CARTESIAN_POINT('',(-6.041690429687,-41.79271985108,8.28294884488
    ));
#894 = SURFACE_CURVE('',#895,(#899,#906),.PCURVE_S1.);
#895 = B_SPLINE_CURVE_WITH_KNOTS('',2,(#896,#897,#898),.UNSPECIFIED.,.F.
  ,.F.,(3,3),(0.,1.),.PIECEWISE_BEZIER_KNOTS.);
#896 = CARTESIAN_POINT('',(-6.499493164062,-41.74172511532,
    8.423055729903));
#897 = CARTESIAN_POINT('',(-6.377690429688,-41.76973703266,
    8.346093619525));
#898 = CARTESIAN_POINT('',(-6.041690429687,-41.79271985108,8.28294884488
    ));
#899 = PCURVE('',#72,#900);
#900 = DEFINITIONAL_REPRESENTATION('',(#901),#905);
#901 = B_SPLINE_CURVE_WITH_KNOTS('',2,(#902,#903,#904),.UNSPECIFIED.,.F.
  ,.F.,(3,3),(0.,1.),.PIECEWISE_BEZIER_KNOTS.);
#902 = CARTESIAN_POINT('',(-6.499493164062,-24.46264654378));
#903 = CARTESIAN_POINT('',(-6.377690429687,-24.54454791097));
#904 = CARTESIAN_POINT('',(-6.041690429687,-24.61174517659));
#905 = ( GEOMETRIC_REPRESENTATION_CONTEXT(2) 
PARAMETRIC_REPRESENTATION_CONTEXT() REPRESENTATION_CONTEXT('2D SPACE',''
  ) );
#906 = PCURVE('',#907,#914);
#907 = SURFACE_OF_LINEAR_EXTRUSION('',#908,#912);
#908 = B_SPLINE_CURVE_WITH_KNOTS('',2,(#909,#910,#911),.UNSPECIFIED.,.F.
  ,.F.,(3,3),(0.,1.),.PIECEWISE_BEZIER_KNOTS.);
#909 = CARTESIAN_POINT('',(-6.499493164062,-41.74172511532,
    8.423055729903));
#910 = CARTESIAN_POINT('',(-6.377690429688,-41.76973703266,
    8.346093619525));
#911 = CARTESIAN_POINT('',(-6.041690429687,-41.79271985108,8.28294884488
    ));
#912 = VECTOR('',#913,1.);
#913 = DIRECTION('',(0.,-0.939692620786,0.342020143326));
#914 = DEFINITIONAL_REPRESENTATION('',(#915),#919);
#915 = LINE('',#916,#917);
#916 = CARTESIAN_POINT('',(0.,0.));
#917 = VECTOR('',#918,1.);
#918 = DIRECTION('',(1.,0.));
#919 = ( GEOMETRIC_REPRESENTATION_CONTEXT(2) 
PARAMETRIC_REPRESENTATION_CONTEXT() REPRESENTATION_CONTEXT('2D SPACE',''
  ) );
#920 = ORIENTED_EDGE('',*,*,#921,.T.);
#921 = EDGE_CURVE('',#892,#922,#924,.T.);
#922 = VERTEX_POINT('',#923);
#923 = CARTESIAN_POINT('',(-5.562887695312,-41.8243206419,8.196126385664
    ));
#924 = SURFACE_CURVE('',#925,(#929,#936),.PCURVE_S1.);
#925 = LINE('',#926,#927);
#926 = CARTESIAN_POINT('',(-6.041690429687,-41.79271985108,8.28294884488
    ));
#927 = VECTOR('',#928,1.);
#928 = DIRECTION('',(0.981885659452,-6.480406461048E-02,-0.178047704206)
  );
#929 = PCURVE('',#72,#930);
#930 = DEFINITIONAL_REPRESENTATION('',(#931),#935);
#931 = LINE('',#932,#933);
#932 = CARTESIAN_POINT('',(-6.041690429687,-24.61174517659));
#933 = VECTOR('',#934,1.);
#934 = DIRECTION('',(0.981885659452,-0.189474409257));
#935 = ( GEOMETRIC_REPRESENTATION_CONTEXT(2) 
PARAMETRIC_REPRESENTATION_CONTEXT() REPRESENTATION_CONTEXT('2D SPACE',''
  ) );
#936 = PCURVE('',#937,#942);
#937 = PLANE('',#938);
#938 = AXIS2_PLACEMENT_3D('',#939,#940,#941);
#939 = CARTESIAN_POINT('',(-6.041690429687,-41.79271985108,8.28294884488
    ));
#940 = DIRECTION('',(-0.189474409257,-0.335824673975,-0.922670708642));
#941 = DIRECTION('',(0.981885659452,-6.480406461048E-02,-0.178047704206)
  );
#942 = DEFINITIONAL_REPRESENTATION('',(#943),#947);
#943 = LINE('',#944,#945);
#944 = CARTESIAN_POINT('',(-1.16045828626E-15,-1.456893495255E-14));
#945 = VECTOR('',#946,1.);
#946 = DIRECTION('',(1.,-6.938893903907E-18));
#947 = ( GEOMETRIC_REPRESENTATION_CONTEXT(2) 
PARAMETRIC_REPRESENTATION_CONTEXT() REPRESENTATION_CONTEXT('2D SPACE',''
  ) );
#948 = ORIENTED_EDGE('',*,*,#949,.T.);
#949 = EDGE_CURVE('',#922,#950,#952,.T.);
#950 = VERTEX_POINT('',#951);
#951 = CARTESIAN_POINT('',(-4.945493164063,-41.92128335254,
    7.929723527671));
#952 = SURFACE_CURVE('',#953,(#957,#964),.PCURVE_S1.);
#953 = B_SPLINE_CURVE_WITH_KNOTS('',2,(#954,#955,#956),.UNSPECIFIED.,.F.
  ,.F.,(3,3),(0.,1.),.PIECEWISE_BEZIER_KNOTS.);
#954 = CARTESIAN_POINT('',(-5.562887695312,-41.8243206419,8.196126385664
    ));
#955 = CARTESIAN_POINT('',(-5.138690429688,-41.85305033394,
    8.117192205517));
#956 = CARTESIAN_POINT('',(-4.945493164063,-41.92128335254,
    7.929723527671));
#957 = PCURVE('',#72,#958);
#958 = DEFINITIONAL_REPRESENTATION('',(#959),#963);
#959 = B_SPLINE_CURVE_WITH_KNOTS('',2,(#960,#961,#962),.UNSPECIFIED.,.F.
  ,.F.,(3,3),(0.,1.),.PIECEWISE_BEZIER_KNOTS.);
#960 = CARTESIAN_POINT('',(-5.562887695312,-24.70413970784));
#961 = CARTESIAN_POINT('',(-5.138690429687,-24.78813970784));
#962 = CARTESIAN_POINT('',(-4.945493164062,-24.98763970784));
#963 = ( GEOMETRIC_REPRESENTATION_CONTEXT(2) 
PARAMETRIC_REPRESENTATION_CONTEXT() REPRESENTATION_CONTEXT('2D SPACE',''
  ) );
#964 = PCURVE('',#965,#972);
#965 = SURFACE_OF_LINEAR_EXTRUSION('',#966,#970);
#966 = B_SPLINE_CURVE_WITH_KNOTS('',2,(#967,#968,#969),.UNSPECIFIED.,.F.
  ,.F.,(3,3),(0.,1.),.PIECEWISE_BEZIER_KNOTS.);
#967 = CARTESIAN_POINT('',(-5.562887695312,-41.8243206419,8.196126385664
    ));
#968 = CARTESIAN_POINT('',(-5.138690429688,-41.85305033394,
    8.117192205517));
#969 = CARTESIAN_POINT('',(-4.945493164063,-41.92128335254,
    7.929723527671));
#970 = VECTOR('',#971,1.);
#971 = DIRECTION('',(0.,-0.939692620786,0.342020143326));
#972 = DEFINITIONAL_REPRESENTATION('',(#973),#977);
#973 = LINE('',#974,#975);
#974 = CARTESIAN_POINT('',(0.,0.));
#975 = VECTOR('',#976,1.);
#976 = DIRECTION('',(1.,0.));
#977 = ( GEOMETRIC_REPRESENTATION_CONTEXT(2) 
PARAMETRIC_REPRESENTATION_CONTEXT() REPRESENTATION_CONTEXT('2D SPACE',''
  ) );
#978 = ORIENTED_EDGE('',*,*,#979,.T.);
#979 = EDGE_CURVE('',#950,#980,#982,.T.);
#980 = VERTEX_POINT('',#981);
#981 = CARTESIAN_POINT('',(-4.752295898438,-42.11305311169,
    7.402840444668));
#982 = SURFACE_CURVE('',#983,(#987,#994),.PCURVE_S1.);
#983 = B_SPLINE_CURVE_WITH_KNOTS('',2,(#984,#985,#986),.UNSPECIFIED.,.F.
  ,.F.,(3,3),(0.,1.),.PIECEWISE_BEZIER_KNOTS.);
#984 = CARTESIAN_POINT('',(-4.945493164063,-41.92128335254,
    7.929723527671));
#985 = CARTESIAN_POINT('',(-4.752295898438,-41.98951637113,
    7.742254849824));
#986 = CARTESIAN_POINT('',(-4.752295898438,-42.11305311169,
    7.402840444668));
#987 = PCURVE('',#72,#988);
#988 = DEFINITIONAL_REPRESENTATION('',(#989),#993);
#989 = B_SPLINE_CURVE_WITH_KNOTS('',2,(#990,#991,#992),.UNSPECIFIED.,.F.
  ,.F.,(3,3),(0.,1.),.PIECEWISE_BEZIER_KNOTS.);
#990 = CARTESIAN_POINT('',(-4.945493164062,-24.98763970784));
#991 = CARTESIAN_POINT('',(-4.752295898437,-25.18713970784));
#992 = CARTESIAN_POINT('',(-4.752295898437,-25.54833697347));
#993 = ( GEOMETRIC_REPRESENTATION_CONTEXT(2) 
PARAMETRIC_REPRESENTATION_CONTEXT() REPRESENTATION_CONTEXT('2D SPACE',''
  ) );
#994 = PCURVE('',#995,#1002);
#995 = SURFACE_OF_LINEAR_EXTRUSION('',#996,#1000);
#996 = B_SPLINE_CURVE_WITH_KNOTS('',2,(#997,#998,#999),.UNSPECIFIED.,.F.
  ,.F.,(3,3),(0.,1.),.PIECEWISE_BEZIER_KNOTS.);
#997 = CARTESIAN_POINT('',(-4.945493164063,-41.92128335254,
    7.929723527671));
#998 = CARTESIAN_POINT('',(-4.752295898438,-41.98951637113,
    7.742254849824));
#999 = CARTESIAN_POINT('',(-4.752295898438,-42.11305311169,
    7.402840444668));
#1000 = VECTOR('',#1001,1.);
#1001 = DIRECTION('',(0.,-0.939692620786,0.342020143326));
#1002 = DEFINITIONAL_REPRESENTATION('',(#1003),#1007);
#1003 = LINE('',#1004,#1005);
#1004 = CARTESIAN_POINT('',(0.,0.));
#1005 = VECTOR('',#1006,1.);
#1006 = DIRECTION('',(1.,0.));
#1007 = ( GEOMETRIC_REPRESENTATION_CONTEXT(2) 
PARAMETRIC_REPRESENTATION_CONTEXT() REPRESENTATION_CONTEXT('2D SPACE',''
  ) );
#1008 = ORIENTED_EDGE('',*,*,#1009,.T.);
#1009 = EDGE_CURVE('',#980,#1010,#1012,.T.);
#1010 = VERTEX_POINT('',#1011);
#1011 = CARTESIAN_POINT('',(-5.084091796875,-42.36228693097,
    6.718076154013));
#1012 = SURFACE_CURVE('',#1013,(#1017,#1024),.PCURVE_S1.);
#1013 = B_SPLINE_CURVE_WITH_KNOTS('',2,(#1014,#1015,#1016),
  .UNSPECIFIED.,.F.,.F.,(3,3),(0.,1.),.PIECEWISE_BEZIER_KNOTS.);
#1014 = CARTESIAN_POINT('',(-4.752295898438,-42.11305311169,
    7.402840444668));
#1015 = CARTESIAN_POINT('',(-4.752295898438,-42.27250664335,
    6.96474546697));
#1016 = CARTESIAN_POINT('',(-5.084091796875,-42.36228693097,
    6.718076154013));
#1017 = PCURVE('',#72,#1018);
#1018 = DEFINITIONAL_REPRESENTATION('',(#1019),#1023);
#1019 = B_SPLINE_CURVE_WITH_KNOTS('',2,(#1020,#1021,#1022),
  .UNSPECIFIED.,.F.,.F.,(3,3),(0.,1.),.PIECEWISE_BEZIER_KNOTS.);
#1020 = CARTESIAN_POINT('',(-4.752295898437,-25.54833697347));
#1021 = CARTESIAN_POINT('',(-4.752295898437,-26.01454791097));
#1022 = CARTESIAN_POINT('',(-5.084091796875,-26.27704791097));
#1023 = ( GEOMETRIC_REPRESENTATION_CONTEXT(2) 
PARAMETRIC_REPRESENTATION_CONTEXT() REPRESENTATION_CONTEXT('2D SPACE',''
  ) );
#1024 = PCURVE('',#1025,#1032);
#1025 = SURFACE_OF_LINEAR_EXTRUSION('',#1026,#1030);
#1026 = B_SPLINE_CURVE_WITH_KNOTS('',2,(#1027,#1028,#1029),
  .UNSPECIFIED.,.F.,.F.,(3,3),(0.,1.),.PIECEWISE_BEZIER_KNOTS.);
#1027 = CARTESIAN_POINT('',(-4.752295898438,-42.11305311169,
    7.402840444668));
#1028 = CARTESIAN_POINT('',(-4.752295898438,-42.27250664335,
    6.96474546697));
#1029 = CARTESIAN_POINT('',(-5.084091796875,-42.36228693097,
    6.718076154013));
#1030 = VECTOR('',#1031,1.);
#1031 = DIRECTION('',(0.,-0.939692620786,0.342020143326));
#1032 = DEFINITIONAL_REPRESENTATION('',(#1033),#1037);
#1033 = LINE('',#1034,#1035);
#1034 = CARTESIAN_POINT('',(0.,0.));
#1035 = VECTOR('',#1036,1.);
#1036 = DIRECTION('',(1.,0.));
#1037 = ( GEOMETRIC_REPRESENTATION_CONTEXT(2) 
PARAMETRIC_REPRESENTATION_CONTEXT() REPRESENTATION_CONTEXT('2D SPACE',''
  ) );
#1038 = ORIENTED_EDGE('',*,*,#1039,.T.);
#1039 = EDGE_CURVE('',#1010,#1040,#1042,.T.);
#1040 = VERTEX_POINT('',#1041);
#1041 = CARTESIAN_POINT('',(-6.008098632812,-42.4520672186,
    6.471406841057));
#1042 = SURFACE_CURVE('',#1043,(#1047,#1054),.PCURVE_S1.);
#1043 = B_SPLINE_CURVE_WITH_KNOTS('',2,(#1044,#1045,#1046),
  .UNSPECIFIED.,.F.,.F.,(3,3),(0.,1.),.PIECEWISE_BEZIER_KNOTS.);
#1044 = CARTESIAN_POINT('',(-5.084091796875,-42.36228693097,
    6.718076154013));
#1045 = CARTESIAN_POINT('',(-5.415887695313,-42.4520672186,
    6.471406841057));
#1046 = CARTESIAN_POINT('',(-6.008098632812,-42.4520672186,
    6.471406841057));
#1047 = PCURVE('',#72,#1048);
#1048 = DEFINITIONAL_REPRESENTATION('',(#1049),#1053);
#1049 = B_SPLINE_CURVE_WITH_KNOTS('',2,(#1050,#1051,#1052),
  .UNSPECIFIED.,.F.,.F.,(3,3),(0.,1.),.PIECEWISE_BEZIER_KNOTS.);
#1050 = CARTESIAN_POINT('',(-5.084091796875,-26.27704791097));
#1051 = CARTESIAN_POINT('',(-5.415887695312,-26.53954791097));
#1052 = CARTESIAN_POINT('',(-6.008098632812,-26.53954791097));
#1053 = ( GEOMETRIC_REPRESENTATION_CONTEXT(2) 
PARAMETRIC_REPRESENTATION_CONTEXT() REPRESENTATION_CONTEXT('2D SPACE',''
  ) );
#1054 = PCURVE('',#1055,#1062);
#1055 = SURFACE_OF_LINEAR_EXTRUSION('',#1056,#1060);
#1056 = B_SPLINE_CURVE_WITH_KNOTS('',2,(#1057,#1058,#1059),
  .UNSPECIFIED.,.F.,.F.,(3,3),(0.,1.),.PIECEWISE_BEZIER_KNOTS.);
#1057 = CARTESIAN_POINT('',(-5.084091796875,-42.36228693097,
    6.718076154013));
#1058 = CARTESIAN_POINT('',(-5.415887695313,-42.4520672186,
    6.471406841057));
#1059 = CARTESIAN_POINT('',(-6.008098632812,-42.4520672186,
    6.471406841057));
#1060 = VECTOR('',#1061,1.);
#1061 = DIRECTION('',(0.,-0.939692620786,0.342020143326));
#1062 = DEFINITIONAL_REPRESENTATION('',(#1063),#1067);
#1063 = LINE('',#1064,#1065);
#1064 = CARTESIAN_POINT('',(0.,0.));
#1065 = VECTOR('',#1066,1.);
#1066 = DIRECTION('',(1.,0.));
#1067 = ( GEOMETRIC_REPRESENTATION_CONTEXT(2) 
PARAMETRIC_REPRESENTATION_CONTEXT() REPRESENTATION_CONTEXT('2D SPACE',''
  ) );
#1068 = ORIENTED_EDGE('',*,*,#1069,.T.);
#1069 = EDGE_CURVE('',#1040,#1070,#1072,.T.);
#1070 = VERTEX_POINT('',#1071);
#1071 = CARTESIAN_POINT('',(-6.921598632813,-42.36300470567,
    6.716104084246));
#1072 = SURFACE_CURVE('',#1073,(#1077,#1084),.PCURVE_S1.);
#1073 = B_SPLINE_CURVE_WITH_KNOTS('',2,(#1074,#1075,#1076),
  .UNSPECIFIED.,.F.,.F.,(3,3),(0.,1.),.PIECEWISE_BEZIER_KNOTS.);
#1074 = CARTESIAN_POINT('',(-6.008098632812,-42.4520672186,
    6.471406841057));
#1075 = CARTESIAN_POINT('',(-6.596098632812,-42.4520672186,
    6.471406841057));
#1076 = CARTESIAN_POINT('',(-6.921598632813,-42.36300470567,
    6.716104084246));
#1077 = PCURVE('',#72,#1078);
#1078 = DEFINITIONAL_REPRESENTATION('',(#1079),#1083);
#1079 = B_SPLINE_CURVE_WITH_KNOTS('',2,(#1080,#1081,#1082),
  .UNSPECIFIED.,.F.,.F.,(3,3),(0.,1.),.PIECEWISE_BEZIER_KNOTS.);
#1080 = CARTESIAN_POINT('',(-6.008098632812,-26.53954791097));
#1081 = CARTESIAN_POINT('',(-6.596098632812,-26.53954791097));
#1082 = CARTESIAN_POINT('',(-6.921598632812,-26.27914654378));
#1083 = ( GEOMETRIC_REPRESENTATION_CONTEXT(2) 
PARAMETRIC_REPRESENTATION_CONTEXT() REPRESENTATION_CONTEXT('2D SPACE',''
  ) );
#1084 = PCURVE('',#1085,#1092);
#1085 = SURFACE_OF_LINEAR_EXTRUSION('',#1086,#1090);
#1086 = B_SPLINE_CURVE_WITH_KNOTS('',2,(#1087,#1088,#1089),
  .UNSPECIFIED.,.F.,.F.,(3,3),(0.,1.),.PIECEWISE_BEZIER_KNOTS.);
#1087 = CARTESIAN_POINT('',(-6.008098632812,-42.4520672186,
    6.471406841057));
#1088 = CARTESIAN_POINT('',(-6.596098632812,-42.4520672186,
    6.471406841057));
#1089 = CARTESIAN_POINT('',(-6.921598632813,-42.36300470567,
    6.716104084246));
#1090 = VECTOR('',#1091,1.);
#1091 = DIRECTION('',(0.,-0.939692620786,0.342020143326));
#1092 = DEFINITIONAL_REPRESENTATION('',(#1093),#1097);
#1093 = LINE('',#1094,#1095);
#1094 = CARTESIAN_POINT('',(0.,0.));
#1095 = VECTOR('',#1096,1.);
#1096 = DIRECTION('',(1.,0.));
#1097 = ( GEOMETRIC_REPRESENTATION_CONTEXT(2) 
PARAMETRIC_REPRESENTATION_CONTEXT() REPRESENTATION_CONTEXT('2D SPACE',''
  ) );
#1098 = ORIENTED_EDGE('',*,*,#1099,.T.);
#1099 = EDGE_CURVE('',#1070,#1100,#1102,.T.);
#1100 = VERTEX_POINT('',#1101);
#1101 = CARTESIAN_POINT('',(-7.276493164062,-42.10587068868,
    7.422573989705));
#1102 = SURFACE_CURVE('',#1103,(#1107,#1114),.PCURVE_S1.);
#1103 = B_SPLINE_CURVE_WITH_KNOTS('',2,(#1104,#1105,#1106),
  .UNSPECIFIED.,.F.,.F.,(3,3),(0.,1.),.PIECEWISE_BEZIER_KNOTS.);
#1104 = CARTESIAN_POINT('',(-6.921598632813,-42.36300470567,
    6.716104084246));
#1105 = CARTESIAN_POINT('',(-7.247098632813,-42.27394219274,
    6.960801327434));
#1106 = CARTESIAN_POINT('',(-7.276493164062,-42.10587068868,
    7.422573989705));
#1107 = PCURVE('',#72,#1108);
#1108 = DEFINITIONAL_REPRESENTATION('',(#1109),#1113);
#1109 = B_SPLINE_CURVE_WITH_KNOTS('',2,(#1110,#1111,#1112),
  .UNSPECIFIED.,.F.,.F.,(3,3),(0.,1.),.PIECEWISE_BEZIER_KNOTS.);
#1110 = CARTESIAN_POINT('',(-6.921598632812,-26.27914654378));
#1111 = CARTESIAN_POINT('',(-7.247098632812,-26.01874517659));
#1112 = CARTESIAN_POINT('',(-7.276493164062,-25.52733697347));
#1113 = ( GEOMETRIC_REPRESENTATION_CONTEXT(2) 
PARAMETRIC_REPRESENTATION_CONTEXT() REPRESENTATION_CONTEXT('2D SPACE',''
  ) );
#1114 = PCURVE('',#1115,#1122);
#1115 = SURFACE_OF_LINEAR_EXTRUSION('',#1116,#1120);
#1116 = B_SPLINE_CURVE_WITH_KNOTS('',2,(#1117,#1118,#1119),
  .UNSPECIFIED.,.F.,.F.,(3,3),(0.,1.),.PIECEWISE_BEZIER_KNOTS.);
#1117 = CARTESIAN_POINT('',(-6.921598632813,-42.36300470567,
    6.716104084246));
#1118 = CARTESIAN_POINT('',(-7.247098632813,-42.27394219274,
    6.960801327434));
#1119 = CARTESIAN_POINT('',(-7.276493164062,-42.10587068868,
    7.422573989705));
#1120 = VECTOR('',#1121,1.);
#1121 = DIRECTION('',(0.,-0.939692620786,0.342020143326));
#1122 = DEFINITIONAL_REPRESENTATION('',(#1123),#1127);
#1123 = LINE('',#1124,#1125);
#1124 = CARTESIAN_POINT('',(0.,0.));
#1125 = VECTOR('',#1126,1.);
#1126 = DIRECTION('',(1.,0.));
#1127 = ( GEOMETRIC_REPRESENTATION_CONTEXT(2) 
PARAMETRIC_REPRESENTATION_CONTEXT() REPRESENTATION_CONTEXT('2D SPACE',''
  ) );
#1128 = ORIENTED_EDGE('',*,*,#1129,.T.);
#1129 = EDGE_CURVE('',#1100,#1130,#1132,.T.);
#1130 = VERTEX_POINT('',#1131);
#1131 = CARTESIAN_POINT('',(-6.663295898438,-42.10587068868,
    7.422573989705));
#1132 = SURFACE_CURVE('',#1133,(#1137,#1144),.PCURVE_S1.);
#1133 = LINE('',#1134,#1135);
#1134 = CARTESIAN_POINT('',(-7.276493164062,-42.10587068868,
    7.422573989705));
#1135 = VECTOR('',#1136,1.);
#1136 = DIRECTION('',(1.,0.,0.));
#1137 = PCURVE('',#72,#1138);
#1138 = DEFINITIONAL_REPRESENTATION('',(#1139),#1143);
#1139 = LINE('',#1140,#1141);
#1140 = CARTESIAN_POINT('',(-7.276493164062,-25.52733697347));
#1141 = VECTOR('',#1142,1.);
#1142 = DIRECTION('',(1.,0.));
#1143 = ( GEOMETRIC_REPRESENTATION_CONTEXT(2) 
PARAMETRIC_REPRESENTATION_CONTEXT() REPRESENTATION_CONTEXT('2D SPACE',''
  ) );
#1144 = PCURVE('',#1145,#1150);
#1145 = PLANE('',#1146);
#1146 = AXIS2_PLACEMENT_3D('',#1147,#1148,#1149);
#1147 = CARTESIAN_POINT('',(-7.276493164062,-42.10587068868,
    7.422573989705));
#1148 = DIRECTION('',(0.,-0.342020143326,-0.939692620786));
#1149 = DIRECTION('',(1.,0.,0.));
#1150 = DEFINITIONAL_REPRESENTATION('',(#1151),#1155);
#1151 = LINE('',#1152,#1153);
#1152 = CARTESIAN_POINT('',(0.,-7.284467476277E-15));
#1153 = VECTOR('',#1154,1.);
#1154 = DIRECTION('',(1.,0.));
#1155 = ( GEOMETRIC_REPRESENTATION_CONTEXT(2) 
PARAMETRIC_REPRESENTATION_CONTEXT() REPRESENTATION_CONTEXT('2D SPACE',''
  ) );
#1156 = ORIENTED_EDGE('',*,*,#1157,.T.);
#1157 = EDGE_CURVE('',#1130,#1158,#1160,.T.);
#1158 = VERTEX_POINT('',#1159);
#1159 = CARTESIAN_POINT('',(-6.470091796875,-42.23515664088,
    7.067363755367));
#1160 = SURFACE_CURVE('',#1161,(#1165,#1172),.PCURVE_S1.);
#1161 = B_SPLINE_CURVE_WITH_KNOTS('',2,(#1162,#1163,#1164),
  .UNSPECIFIED.,.F.,.F.,(3,3),(0.,1.),.PIECEWISE_BEZIER_KNOTS.);
#1162 = CARTESIAN_POINT('',(-6.663295898438,-42.10587068868,
    7.422573989705));
#1163 = CARTESIAN_POINT('',(-6.646493164063,-42.1906242154,
    7.189715588802));
#1164 = CARTESIAN_POINT('',(-6.470091796875,-42.23515664088,
    7.067363755367));
#1165 = PCURVE('',#72,#1166);
#1166 = DEFINITIONAL_REPRESENTATION('',(#1167),#1171);
#1167 = B_SPLINE_CURVE_WITH_KNOTS('',2,(#1168,#1169,#1170),
  .UNSPECIFIED.,.F.,.F.,(3,3),(0.,1.),.PIECEWISE_BEZIER_KNOTS.);
#1168 = CARTESIAN_POINT('',(-6.663295898437,-25.52733697347));
#1169 = CARTESIAN_POINT('',(-6.646493164062,-25.77513970784));
#1170 = CARTESIAN_POINT('',(-6.470091796875,-25.9053438094));
#1171 = ( GEOMETRIC_REPRESENTATION_CONTEXT(2) 
PARAMETRIC_REPRESENTATION_CONTEXT() REPRESENTATION_CONTEXT('2D SPACE',''
  ) );
#1172 = PCURVE('',#1173,#1180);
#1173 = SURFACE_OF_LINEAR_EXTRUSION('',#1174,#1178);
#1174 = B_SPLINE_CURVE_WITH_KNOTS('',2,(#1175,#1176,#1177),
  .UNSPECIFIED.,.F.,.F.,(3,3),(0.,1.),.PIECEWISE_BEZIER_KNOTS.);
#1175 = CARTESIAN_POINT('',(-6.663295898438,-42.10587068868,
    7.422573989705));
#1176 = CARTESIAN_POINT('',(-6.646493164063,-42.1906242154,
    7.189715588802));
#1177 = CARTESIAN_POINT('',(-6.470091796875,-42.23515664088,
    7.067363755367));
#1178 = VECTOR('',#1179,1.);
#1179 = DIRECTION('',(0.,-0.939692620786,0.342020143326));
#1180 = DEFINITIONAL_REPRESENTATION('',(#1181),#1185);
#1181 = LINE('',#1182,#1183);
#1182 = CARTESIAN_POINT('',(0.,0.));
#1183 = VECTOR('',#1184,1.);
#1184 = DIRECTION('',(1.,0.));
#1185 = ( GEOMETRIC_REPRESENTATION_CONTEXT(2) 
PARAMETRIC_REPRESENTATION_CONTEXT() REPRESENTATION_CONTEXT('2D SPACE',''
  ) );
#1186 = ORIENTED_EDGE('',*,*,#1187,.T.);
#1187 = EDGE_CURVE('',#1158,#1188,#1190,.T.);
#1188 = VERTEX_POINT('',#1189);
#1189 = CARTESIAN_POINT('',(-5.974493164063,-42.27968906636,
    6.945011921933));
#1190 = SURFACE_CURVE('',#1191,(#1195,#1202),.PCURVE_S1.);
#1191 = B_SPLINE_CURVE_WITH_KNOTS('',2,(#1192,#1193,#1194),
  .UNSPECIFIED.,.F.,.F.,(3,3),(0.,1.),.PIECEWISE_BEZIER_KNOTS.);
#1192 = CARTESIAN_POINT('',(-6.470091796875,-42.23515664088,
    7.067363755367));
#1193 = CARTESIAN_POINT('',(-6.293690429687,-42.27968906636,
    6.945011921933));
#1194 = CARTESIAN_POINT('',(-5.974493164063,-42.27968906636,
    6.945011921933));
#1195 = PCURVE('',#72,#1196);
#1196 = DEFINITIONAL_REPRESENTATION('',(#1197),#1201);
#1197 = B_SPLINE_CURVE_WITH_KNOTS('',2,(#1198,#1199,#1200),
  .UNSPECIFIED.,.F.,.F.,(3,3),(0.,1.),.PIECEWISE_BEZIER_KNOTS.);
#1198 = CARTESIAN_POINT('',(-6.470091796875,-25.9053438094));
#1199 = CARTESIAN_POINT('',(-6.293690429687,-26.03554791097));
#1200 = CARTESIAN_POINT('',(-5.974493164062,-26.03554791097));
#1201 = ( GEOMETRIC_REPRESENTATION_CONTEXT(2) 
PARAMETRIC_REPRESENTATION_CONTEXT() REPRESENTATION_CONTEXT('2D SPACE',''
  ) );
#1202 = PCURVE('',#1203,#1210);
#1203 = SURFACE_OF_LINEAR_EXTRUSION('',#1204,#1208);
#1204 = B_SPLINE_CURVE_WITH_KNOTS('',2,(#1205,#1206,#1207),
  .UNSPECIFIED.,.F.,.F.,(3,3),(0.,1.),.PIECEWISE_BEZIER_KNOTS.);
#1205 = CARTESIAN_POINT('',(-6.470091796875,-42.23515664088,
    7.067363755367));
#1206 = CARTESIAN_POINT('',(-6.293690429687,-42.27968906636,
    6.945011921933));
#1207 = CARTESIAN_POINT('',(-5.974493164063,-42.27968906636,
    6.945011921933));
#1208 = VECTOR('',#1209,1.);
#1209 = DIRECTION('',(0.,-0.939692620786,0.342020143326));
#1210 = DEFINITIONAL_REPRESENTATION('',(#1211),#1215);
#1211 = LINE('',#1212,#1213);
#1212 = CARTESIAN_POINT('',(0.,0.));
#1213 = VECTOR('',#1214,1.);
#1214 = DIRECTION('',(1.,0.));
#1215 = ( GEOMETRIC_REPRESENTATION_CONTEXT(2) 
PARAMETRIC_REPRESENTATION_CONTEXT() REPRESENTATION_CONTEXT('2D SPACE',''
  ) );
#1216 = ORIENTED_EDGE('',*,*,#1217,.T.);
#1217 = EDGE_CURVE('',#1188,#1218,#1220,.T.);
#1218 = VERTEX_POINT('',#1219);
#1219 = CARTESIAN_POINT('',(-5.522993164063,-42.24233906389,
    7.047630210331));
#1220 = SURFACE_CURVE('',#1221,(#1225,#1232),.PCURVE_S1.);
#1221 = B_SPLINE_CURVE_WITH_KNOTS('',2,(#1222,#1223,#1224),
  .UNSPECIFIED.,.F.,.F.,(3,3),(0.,1.),.PIECEWISE_BEZIER_KNOTS.);
#1222 = CARTESIAN_POINT('',(-5.974493164063,-42.27968906636,
    6.945011921933));
#1223 = CARTESIAN_POINT('',(-5.688887695313,-42.27968906636,
    6.945011921933));
#1224 = CARTESIAN_POINT('',(-5.522993164063,-42.24233906389,
    7.047630210331));
#1225 = PCURVE('',#72,#1226);
#1226 = DEFINITIONAL_REPRESENTATION('',(#1227),#1231);
#1227 = B_SPLINE_CURVE_WITH_KNOTS('',2,(#1228,#1229,#1230),
  .UNSPECIFIED.,.F.,.F.,(3,3),(0.,1.),.PIECEWISE_BEZIER_KNOTS.);
#1228 = CARTESIAN_POINT('',(-5.974493164062,-26.03554791097));
#1229 = CARTESIAN_POINT('',(-5.688887695312,-26.03554791097));
#1230 = CARTESIAN_POINT('',(-5.522993164062,-25.9263438094));
#1231 = ( GEOMETRIC_REPRESENTATION_CONTEXT(2) 
PARAMETRIC_REPRESENTATION_CONTEXT() REPRESENTATION_CONTEXT('2D SPACE',''
  ) );
#1232 = PCURVE('',#1233,#1240);
#1233 = SURFACE_OF_LINEAR_EXTRUSION('',#1234,#1238);
#1234 = B_SPLINE_CURVE_WITH_KNOTS('',2,(#1235,#1236,#1237),
  .UNSPECIFIED.,.F.,.F.,(3,3),(0.,1.),.PIECEWISE_BEZIER_KNOTS.);
#1235 = CARTESIAN_POINT('',(-5.974493164063,-42.27968906636,
    6.945011921933));
#1236 = CARTESIAN_POINT('',(-5.688887695313,-42.27968906636,
    6.945011921933));
#1237 = CARTESIAN_POINT('',(-5.522993164063,-42.24233906389,
    7.047630210331));
#1238 = VECTOR('',#1239,1.);
#1239 = DIRECTION('',(0.,-0.939692620786,0.342020143326));
#1240 = DEFINITIONAL_REPRESENTATION('',(#1241),#1245);
#1241 = LINE('',#1242,#1243);
#1242 = CARTESIAN_POINT('',(0.,0.));
#1243 = VECTOR('',#1244,1.);
#1244 = DIRECTION('',(1.,0.));
#1245 = ( GEOMETRIC_REPRESENTATION_CONTEXT(2) 
PARAMETRIC_REPRESENTATION_CONTEXT() REPRESENTATION_CONTEXT('2D SPACE',''
  ) );
#1246 = ORIENTED_EDGE('',*,*,#1247,.T.);
#1247 = EDGE_CURVE('',#1218,#1248,#1250,.T.);
#1248 = VERTEX_POINT('',#1249);
#1249 = CARTESIAN_POINT('',(-5.357098632812,-42.13891170494,
    7.331794543593));
#1250 = SURFACE_CURVE('',#1251,(#1255,#1262),.PCURVE_S1.);
#1251 = B_SPLINE_CURVE_WITH_KNOTS('',2,(#1252,#1253,#1254),
  .UNSPECIFIED.,.F.,.F.,(3,3),(0.,1.),.PIECEWISE_BEZIER_KNOTS.);
#1252 = CARTESIAN_POINT('',(-5.522993164063,-42.24233906389,
    7.047630210331));
#1253 = CARTESIAN_POINT('',(-5.357098632812,-42.20498906142,
    7.150248498729));
#1254 = CARTESIAN_POINT('',(-5.357098632812,-42.13891170494,
    7.331794543593));
#1255 = PCURVE('',#72,#1256);
#1256 = DEFINITIONAL_REPRESENTATION('',(#1257),#1261);
#1257 = B_SPLINE_CURVE_WITH_KNOTS('',2,(#1258,#1259,#1260),
  .UNSPECIFIED.,.F.,.F.,(3,3),(0.,1.),.PIECEWISE_BEZIER_KNOTS.);
#1258 = CARTESIAN_POINT('',(-5.522993164062,-25.9263438094));
#1259 = CARTESIAN_POINT('',(-5.357098632812,-25.81713970784));
#1260 = CARTESIAN_POINT('',(-5.357098632812,-25.62394244222));
#1261 = ( GEOMETRIC_REPRESENTATION_CONTEXT(2) 
PARAMETRIC_REPRESENTATION_CONTEXT() REPRESENTATION_CONTEXT('2D SPACE',''
  ) );
#1262 = PCURVE('',#1263,#1270);
#1263 = SURFACE_OF_LINEAR_EXTRUSION('',#1264,#1268);
#1264 = B_SPLINE_CURVE_WITH_KNOTS('',2,(#1265,#1266,#1267),
  .UNSPECIFIED.,.F.,.F.,(3,3),(0.,1.),.PIECEWISE_BEZIER_KNOTS.);
#1265 = CARTESIAN_POINT('',(-5.522993164063,-42.24233906389,
    7.047630210331));
#1266 = CARTESIAN_POINT('',(-5.357098632812,-42.20498906142,
    7.150248498729));
#1267 = CARTESIAN_POINT('',(-5.357098632812,-42.13891170494,
    7.331794543593));
#1268 = VECTOR('',#1269,1.);
#1269 = DIRECTION('',(0.,-0.939692620786,0.342020143326));
#1270 = DEFINITIONAL_REPRESENTATION('',(#1271),#1275);
#1271 = LINE('',#1272,#1273);
#1272 = CARTESIAN_POINT('',(0.,0.));
#1273 = VECTOR('',#1274,1.);
#1274 = DIRECTION('',(1.,0.));
#1275 = ( GEOMETRIC_REPRESENTATION_CONTEXT(2) 
PARAMETRIC_REPRESENTATION_CONTEXT() REPRESENTATION_CONTEXT('2D SPACE',''
  ) );
#1276 = ORIENTED_EDGE('',*,*,#1277,.T.);
#1277 = EDGE_CURVE('',#1248,#1278,#1280,.T.);
#1278 = VERTEX_POINT('',#1279);
#1279 = CARTESIAN_POINT('',(-5.487295898437,-42.04123121962,
    7.600169471353));
#1280 = SURFACE_CURVE('',#1281,(#1285,#1292),.PCURVE_S1.);
#1281 = B_SPLINE_CURVE_WITH_KNOTS('',2,(#1282,#1283,#1284),
  .UNSPECIFIED.,.F.,.F.,(3,3),(0.,1.),.PIECEWISE_BEZIER_KNOTS.);
#1282 = CARTESIAN_POINT('',(-5.357098632812,-42.13891170494,
    7.331794543593));
#1283 = CARTESIAN_POINT('',(-5.357098632812,-42.07570544725,
    7.505452309386));
#1284 = CARTESIAN_POINT('',(-5.487295898437,-42.04123121962,
    7.600169471353));
#1285 = PCURVE('',#72,#1286);
#1286 = DEFINITIONAL_REPRESENTATION('',(#1287),#1291);
#1287 = B_SPLINE_CURVE_WITH_KNOTS('',2,(#1288,#1289,#1290),
  .UNSPECIFIED.,.F.,.F.,(3,3),(0.,1.),.PIECEWISE_BEZIER_KNOTS.);
#1288 = CARTESIAN_POINT('',(-5.357098632812,-25.62394244222));
#1289 = CARTESIAN_POINT('',(-5.357098632812,-25.43913970784));
#1290 = CARTESIAN_POINT('',(-5.487295898437,-25.3383438094));
#1291 = ( GEOMETRIC_REPRESENTATION_CONTEXT(2) 
PARAMETRIC_REPRESENTATION_CONTEXT() REPRESENTATION_CONTEXT('2D SPACE',''
  ) );
#1292 = PCURVE('',#1293,#1300);
#1293 = SURFACE_OF_LINEAR_EXTRUSION('',#1294,#1298);
#1294 = B_SPLINE_CURVE_WITH_KNOTS('',2,(#1295,#1296,#1297),
  .UNSPECIFIED.,.F.,.F.,(3,3),(0.,1.),.PIECEWISE_BEZIER_KNOTS.);
#1295 = CARTESIAN_POINT('',(-5.357098632812,-42.13891170494,
    7.331794543593));
#1296 = CARTESIAN_POINT('',(-5.357098632812,-42.07570544725,
    7.505452309386));
#1297 = CARTESIAN_POINT('',(-5.487295898437,-42.04123121962,
    7.600169471353));
#1298 = VECTOR('',#1299,1.);
#1299 = DIRECTION('',(0.,-0.939692620786,0.342020143326));
#1300 = DEFINITIONAL_REPRESENTATION('',(#1301),#1305);
#1301 = LINE('',#1302,#1303);
#1302 = CARTESIAN_POINT('',(0.,0.));
#1303 = VECTOR('',#1304,1.);
#1304 = DIRECTION('',(1.,0.));
#1305 = ( GEOMETRIC_REPRESENTATION_CONTEXT(2) 
PARAMETRIC_REPRESENTATION_CONTEXT() REPRESENTATION_CONTEXT('2D SPACE',''
  ) );
#1306 = ORIENTED_EDGE('',*,*,#1307,.T.);
#1307 = EDGE_CURVE('',#1278,#1308,#1310,.T.);
#1308 = VERTEX_POINT('',#1309);
#1309 = CARTESIAN_POINT('',(-5.932493164062,-41.98664527235,
    7.750143128894));
#1310 = SURFACE_CURVE('',#1311,(#1315,#1322),.PCURVE_S1.);
#1311 = B_SPLINE_CURVE_WITH_KNOTS('',2,(#1312,#1313,#1314),
  .UNSPECIFIED.,.F.,.F.,(3,3),(0.,1.),.PIECEWISE_BEZIER_KNOTS.);
#1312 = CARTESIAN_POINT('',(-5.487295898437,-42.04123121962,
    7.600169471353));
#1313 = CARTESIAN_POINT('',(-5.617493164063,-42.00675699199,
    7.69488663332));
#1314 = CARTESIAN_POINT('',(-5.932493164062,-41.98664527235,
    7.750143128894));
#1315 = PCURVE('',#72,#1316);
#1316 = DEFINITIONAL_REPRESENTATION('',(#1317),#1321);
#1317 = B_SPLINE_CURVE_WITH_KNOTS('',2,(#1318,#1319,#1320),
  .UNSPECIFIED.,.F.,.F.,(3,3),(0.,1.),.PIECEWISE_BEZIER_KNOTS.);
#1318 = CARTESIAN_POINT('',(-5.487295898437,-25.3383438094));
#1319 = CARTESIAN_POINT('',(-5.617493164062,-25.23754791097));
#1320 = CARTESIAN_POINT('',(-5.932493164062,-25.17874517659));
#1321 = ( GEOMETRIC_REPRESENTATION_CONTEXT(2) 
PARAMETRIC_REPRESENTATION_CONTEXT() REPRESENTATION_CONTEXT('2D SPACE',''
  ) );
#1322 = PCURVE('',#1323,#1330);
#1323 = SURFACE_OF_LINEAR_EXTRUSION('',#1324,#1328);
#1324 = B_SPLINE_CURVE_WITH_KNOTS('',2,(#1325,#1326,#1327),
  .UNSPECIFIED.,.F.,.F.,(3,3),(0.,1.),.PIECEWISE_BEZIER_KNOTS.);
#1325 = CARTESIAN_POINT('',(-5.487295898437,-42.04123121962,
    7.600169471353));
#1326 = CARTESIAN_POINT('',(-5.617493164063,-42.00675699199,
    7.69488663332));
#1327 = CARTESIAN_POINT('',(-5.932493164062,-41.98664527235,
    7.750143128894));
#1328 = VECTOR('',#1329,1.);
#1329 = DIRECTION('',(0.,-0.939692620786,0.342020143326));
#1330 = DEFINITIONAL_REPRESENTATION('',(#1331),#1335);
#1331 = LINE('',#1332,#1333);
#1332 = CARTESIAN_POINT('',(0.,0.));
#1333 = VECTOR('',#1334,1.);
#1334 = DIRECTION('',(1.,0.));
#1335 = ( GEOMETRIC_REPRESENTATION_CONTEXT(2) 
PARAMETRIC_REPRESENTATION_CONTEXT() REPRESENTATION_CONTEXT('2D SPACE',''
  ) );
#1336 = ORIENTED_EDGE('',*,*,#1337,.T.);
#1337 = EDGE_CURVE('',#1308,#1338,#1340,.T.);
#1338 = VERTEX_POINT('',#1339);
#1339 = CARTESIAN_POINT('',(-6.360887695312,-41.95791558031,
    7.829077309041));
#1340 = SURFACE_CURVE('',#1341,(#1345,#1352),.PCURVE_S1.);
#1341 = LINE('',#1342,#1343);
#1342 = CARTESIAN_POINT('',(-5.932493164062,-41.98664527235,
    7.750143128894));
#1343 = VECTOR('',#1344,1.);
#1344 = DIRECTION('',(-0.981313285878,6.581043043463E-02,0.180812671584)
  );
#1345 = PCURVE('',#72,#1346);
#1346 = DEFINITIONAL_REPRESENTATION('',(#1347),#1351);
#1347 = LINE('',#1348,#1349);
#1348 = CARTESIAN_POINT('',(-5.932493164062,-25.17874517659));
#1349 = VECTOR('',#1350,1.);
#1350 = DIRECTION('',(-0.981313285878,0.192416826081));
#1351 = ( GEOMETRIC_REPRESENTATION_CONTEXT(2) 
PARAMETRIC_REPRESENTATION_CONTEXT() REPRESENTATION_CONTEXT('2D SPACE',''
  ) );
#1352 = PCURVE('',#1353,#1358);
#1353 = PLANE('',#1354);
#1354 = AXIS2_PLACEMENT_3D('',#1355,#1356,#1357);
#1355 = CARTESIAN_POINT('',(-5.932493164062,-41.98664527235,
    7.750143128894));
#1356 = DIRECTION('',(0.192416826081,0.335628910683,0.922132853419));
#1357 = DIRECTION('',(-0.981313285878,6.581043043463E-02,0.180812671584)
  );
#1358 = DEFINITIONAL_REPRESENTATION('',(#1359),#1363);
#1359 = LINE('',#1360,#1361);
#1360 = CARTESIAN_POINT('',(1.003834184588E-15,-1.487270986296E-14));
#1361 = VECTOR('',#1362,1.);
#1362 = DIRECTION('',(1.,1.387778780781E-17));
#1363 = ( GEOMETRIC_REPRESENTATION_CONTEXT(2) 
PARAMETRIC_REPRESENTATION_CONTEXT() REPRESENTATION_CONTEXT('2D SPACE',''
  ) );
#1364 = ORIENTED_EDGE('',*,*,#1365,.T.);
#1365 = EDGE_CURVE('',#1338,#1366,#1368,.T.);
#1366 = VERTEX_POINT('',#1367);
#1367 = CARTESIAN_POINT('',(-7.024493164063,-41.86310853179,
    8.08955753405));
#1368 = SURFACE_CURVE('',#1369,(#1373,#1380),.PCURVE_S1.);
#1369 = B_SPLINE_CURVE_WITH_KNOTS('',2,(#1370,#1371,#1372),
  .UNSPECIFIED.,.F.,.F.,(3,3),(0.,1.),.PIECEWISE_BEZIER_KNOTS.);
#1370 = CARTESIAN_POINT('',(-6.360887695312,-41.95791558031,
    7.829077309041));
#1371 = CARTESIAN_POINT('',(-6.827098632813,-41.92775033888,
    7.911955628722));
#1372 = CARTESIAN_POINT('',(-7.024493164063,-41.86310853179,
    8.08955753405));
#1373 = PCURVE('',#72,#1374);
#1374 = DEFINITIONAL_REPRESENTATION('',(#1375),#1379);
#1375 = B_SPLINE_CURVE_WITH_KNOTS('',2,(#1376,#1377,#1378),
  .UNSPECIFIED.,.F.,.F.,(3,3),(0.,1.),.PIECEWISE_BEZIER_KNOTS.);
#1376 = CARTESIAN_POINT('',(-6.360887695312,-25.09474517659));
#1377 = CARTESIAN_POINT('',(-6.827098632812,-25.00654791097));
#1378 = CARTESIAN_POINT('',(-7.024493164062,-24.81754791097));
#1379 = ( GEOMETRIC_REPRESENTATION_CONTEXT(2) 
PARAMETRIC_REPRESENTATION_CONTEXT() REPRESENTATION_CONTEXT('2D SPACE',''
  ) );
#1380 = PCURVE('',#1381,#1388);
#1381 = SURFACE_OF_LINEAR_EXTRUSION('',#1382,#1386);
#1382 = B_SPLINE_CURVE_WITH_KNOTS('',2,(#1383,#1384,#1385),
  .UNSPECIFIED.,.F.,.F.,(3,3),(0.,1.),.PIECEWISE_BEZIER_KNOTS.);
#1383 = CARTESIAN_POINT('',(-6.360887695312,-41.95791558031,
    7.829077309041));
#1384 = CARTESIAN_POINT('',(-6.827098632813,-41.92775033888,
    7.911955628722));
#1385 = CARTESIAN_POINT('',(-7.024493164063,-41.86310853179,
    8.08955753405));
#1386 = VECTOR('',#1387,1.);
#1387 = DIRECTION('',(0.,-0.939692620786,0.342020143326));
#1388 = DEFINITIONAL_REPRESENTATION('',(#1389),#1393);
#1389 = LINE('',#1390,#1391);
#1390 = CARTESIAN_POINT('',(0.,0.));
#1391 = VECTOR('',#1392,1.);
#1392 = DIRECTION('',(1.,0.));
#1393 = ( GEOMETRIC_REPRESENTATION_CONTEXT(2) 
PARAMETRIC_REPRESENTATION_CONTEXT() REPRESENTATION_CONTEXT('2D SPACE',''
  ) );
#1394 = ORIENTED_EDGE('',*,*,#1395,.T.);
#1395 = EDGE_CURVE('',#1366,#1396,#1398,.T.);
#1396 = VERTEX_POINT('',#1397);
#1397 = CARTESIAN_POINT('',(-7.221887695312,-41.67636553353,
    8.602629704999));
#1398 = SURFACE_CURVE('',#1399,(#1403,#1410),.PCURVE_S1.);
#1399 = B_SPLINE_CURVE_WITH_KNOTS('',2,(#1400,#1401,#1402),
  .UNSPECIFIED.,.F.,.F.,(3,3),(0.,1.),.PIECEWISE_BEZIER_KNOTS.);
#1400 = CARTESIAN_POINT('',(-7.024493164063,-41.86310853179,
    8.08955753405));
#1401 = CARTESIAN_POINT('',(-7.221887695312,-41.7984667247,
    8.267159439379));
#1402 = CARTESIAN_POINT('',(-7.221887695312,-41.67636553353,
    8.602629704999));
#1403 = PCURVE('',#72,#1404);
#1404 = DEFINITIONAL_REPRESENTATION('',(#1405),#1409);
#1405 = B_SPLINE_CURVE_WITH_KNOTS('',2,(#1406,#1407,#1408),
  .UNSPECIFIED.,.F.,.F.,(3,3),(0.,1.),.PIECEWISE_BEZIER_KNOTS.);
#1406 = CARTESIAN_POINT('',(-7.024493164062,-24.81754791097));
#1407 = CARTESIAN_POINT('',(-7.221887695312,-24.62854791097));
#1408 = CARTESIAN_POINT('',(-7.221887695312,-24.27154791097));
#1409 = ( GEOMETRIC_REPRESENTATION_CONTEXT(2) 
PARAMETRIC_REPRESENTATION_CONTEXT() REPRESENTATION_CONTEXT('2D SPACE',''
  ) );
#1410 = PCURVE('',#1411,#1418);
#1411 = SURFACE_OF_LINEAR_EXTRUSION('',#1412,#1416);
#1412 = B_SPLINE_CURVE_WITH_KNOTS('',2,(#1413,#1414,#1415),
  .UNSPECIFIED.,.F.,.F.,(3,3),(0.,1.),.PIECEWISE_BEZIER_KNOTS.);
#1413 = CARTESIAN_POINT('',(-7.024493164063,-41.86310853179,
    8.08955753405));
#1414 = CARTESIAN_POINT('',(-7.221887695312,-41.7984667247,
    8.267159439379));
#1415 = CARTESIAN_POINT('',(-7.221887695312,-41.67636553353,
    8.602629704999));
#1416 = VECTOR('',#1417,1.);
#1417 = DIRECTION('',(0.,-0.939692620786,0.342020143326));
#1418 = DEFINITIONAL_REPRESENTATION('',(#1419),#1423);
#1419 = LINE('',#1420,#1421);
#1420 = CARTESIAN_POINT('',(0.,0.));
#1421 = VECTOR('',#1422,1.);
#1422 = DIRECTION('',(1.,0.));
#1423 = ( GEOMETRIC_REPRESENTATION_CONTEXT(2) 
PARAMETRIC_REPRESENTATION_CONTEXT() REPRESENTATION_CONTEXT('2D SPACE',''
  ) );
#1424 = ORIENTED_EDGE('',*,*,#1425,.T.);
#1425 = EDGE_CURVE('',#1396,#1426,#1428,.T.);
#1426 = VERTEX_POINT('',#1427);
#1427 = CARTESIAN_POINT('',(-6.917387695312,-41.43862546149,
    9.255815184652));
#1428 = SURFACE_CURVE('',#1429,(#1433,#1440),.PCURVE_S1.);
#1429 = B_SPLINE_CURVE_WITH_KNOTS('',2,(#1430,#1431,#1432),
  .UNSPECIFIED.,.F.,.F.,(3,3),(0.,1.),.PIECEWISE_BEZIER_KNOTS.);
#1430 = CARTESIAN_POINT('',(-7.221887695312,-41.67636553353,
    8.602629704999));
#1431 = CARTESIAN_POINT('',(-7.221887695312,-41.52265887549,
    9.024935277197));
#1432 = CARTESIAN_POINT('',(-6.917387695312,-41.43862546149,
    9.255815184652));
#1433 = PCURVE('',#72,#1434);
#1434 = DEFINITIONAL_REPRESENTATION('',(#1435),#1439);
#1435 = B_SPLINE_CURVE_WITH_KNOTS('',2,(#1436,#1437,#1438),
  .UNSPECIFIED.,.F.,.F.,(3,3),(0.,1.),.PIECEWISE_BEZIER_KNOTS.);
#1436 = CARTESIAN_POINT('',(-7.221887695312,-24.27154791097));
#1437 = CARTESIAN_POINT('',(-7.221887695312,-23.82213970784));
#1438 = CARTESIAN_POINT('',(-6.917387695312,-23.57644244222));
#1439 = ( GEOMETRIC_REPRESENTATION_CONTEXT(2) 
PARAMETRIC_REPRESENTATION_CONTEXT() REPRESENTATION_CONTEXT('2D SPACE',''
  ) );
#1440 = PCURVE('',#1441,#1448);
#1441 = SURFACE_OF_LINEAR_EXTRUSION('',#1442,#1446);
#1442 = B_SPLINE_CURVE_WITH_KNOTS('',2,(#1443,#1444,#1445),
  .UNSPECIFIED.,.F.,.F.,(3,3),(0.,1.),.PIECEWISE_BEZIER_KNOTS.);
#1443 = CARTESIAN_POINT('',(-7.221887695312,-41.67636553353,
    8.602629704999));
#1444 = CARTESIAN_POINT('',(-7.221887695312,-41.52265887549,
    9.024935277197));
#1445 = CARTESIAN_POINT('',(-6.917387695312,-41.43862546149,
    9.255815184652));
#1446 = VECTOR('',#1447,1.);
#1447 = DIRECTION('',(0.,-0.939692620786,0.342020143326));
#1448 = DEFINITIONAL_REPRESENTATION('',(#1449),#1453);
#1449 = LINE('',#1450,#1451);
#1450 = CARTESIAN_POINT('',(0.,0.));
#1451 = VECTOR('',#1452,1.);
#1452 = DIRECTION('',(1.,0.));
#1453 = ( GEOMETRIC_REPRESENTATION_CONTEXT(2) 
PARAMETRIC_REPRESENTATION_CONTEXT() REPRESENTATION_CONTEXT('2D SPACE',''
  ) );
#1454 = ORIENTED_EDGE('',*,*,#1455,.T.);
#1455 = EDGE_CURVE('',#1426,#1456,#1458,.T.);
#1456 = VERTEX_POINT('',#1457);
#1457 = CARTESIAN_POINT('',(-6.062690429687,-41.35459204748,
    9.486695092107));
#1458 = SURFACE_CURVE('',#1459,(#1463,#1470),.PCURVE_S1.);
#1459 = B_SPLINE_CURVE_WITH_KNOTS('',2,(#1460,#1461,#1462),
  .UNSPECIFIED.,.F.,.F.,(3,3),(0.,1.),.PIECEWISE_BEZIER_KNOTS.);
#1460 = CARTESIAN_POINT('',(-6.917387695312,-41.43862546149,
    9.255815184652));
#1461 = CARTESIAN_POINT('',(-6.612887695312,-41.35459204748,
    9.486695092107));
#1462 = CARTESIAN_POINT('',(-6.062690429687,-41.35459204748,
    9.486695092107));
#1463 = PCURVE('',#72,#1464);
#1464 = DEFINITIONAL_REPRESENTATION('',(#1465),#1469);
#1465 = B_SPLINE_CURVE_WITH_KNOTS('',2,(#1466,#1467,#1468),
  .UNSPECIFIED.,.F.,.F.,(3,3),(0.,1.),.PIECEWISE_BEZIER_KNOTS.);
#1466 = CARTESIAN_POINT('',(-6.917387695312,-23.57644244222));
#1467 = CARTESIAN_POINT('',(-6.612887695312,-23.33074517659));
#1468 = CARTESIAN_POINT('',(-6.062690429687,-23.33074517659));
#1469 = ( GEOMETRIC_REPRESENTATION_CONTEXT(2) 
PARAMETRIC_REPRESENTATION_CONTEXT() REPRESENTATION_CONTEXT('2D SPACE',''
  ) );
#1470 = PCURVE('',#1471,#1478);
#1471 = SURFACE_OF_LINEAR_EXTRUSION('',#1472,#1476);
#1472 = B_SPLINE_CURVE_WITH_KNOTS('',2,(#1473,#1474,#1475),
  .UNSPECIFIED.,.F.,.F.,(3,3),(0.,1.),.PIECEWISE_BEZIER_KNOTS.);
#1473 = CARTESIAN_POINT('',(-6.917387695312,-41.43862546149,
    9.255815184652));
#1474 = CARTESIAN_POINT('',(-6.612887695312,-41.35459204748,
    9.486695092107));
#1475 = CARTESIAN_POINT('',(-6.062690429687,-41.35459204748,
    9.486695092107));
#1476 = VECTOR('',#1477,1.);
#1477 = DIRECTION('',(0.,-0.939692620786,0.342020143326));
#1478 = DEFINITIONAL_REPRESENTATION('',(#1479),#1483);
#1479 = LINE('',#1480,#1481);
#1480 = CARTESIAN_POINT('',(0.,0.));
#1481 = VECTOR('',#1482,1.);
#1482 = DIRECTION('',(1.,0.));
#1483 = ( GEOMETRIC_REPRESENTATION_CONTEXT(2) 
PARAMETRIC_REPRESENTATION_CONTEXT() REPRESENTATION_CONTEXT('2D SPACE',''
  ) );
#1484 = ORIENTED_EDGE('',*,*,#1485,.T.);
#1485 = EDGE_CURVE('',#1456,#1486,#1488,.T.);
#1486 = VERTEX_POINT('',#1487);
#1487 = CARTESIAN_POINT('',(-5.753993164062,-41.36177447049,
    9.46696154707));
#1488 = SURFACE_CURVE('',#1489,(#1493,#1500),.PCURVE_S1.);
#1489 = B_SPLINE_CURVE_WITH_KNOTS('',2,(#1490,#1491,#1492),
  .UNSPECIFIED.,.F.,.F.,(3,3),(0.,1.),.PIECEWISE_BEZIER_KNOTS.);
#1490 = CARTESIAN_POINT('',(-6.062690429687,-41.35459204748,
    9.486695092107));
#1491 = CARTESIAN_POINT('',(-5.903098632813,-41.35459204748,
    9.486695092107));
#1492 = CARTESIAN_POINT('',(-5.753993164062,-41.36177447049,
    9.46696154707));
#1493 = PCURVE('',#72,#1494);
#1494 = DEFINITIONAL_REPRESENTATION('',(#1495),#1499);
#1495 = B_SPLINE_CURVE_WITH_KNOTS('',2,(#1496,#1497,#1498),
  .UNSPECIFIED.,.F.,.F.,(3,3),(0.,1.),.PIECEWISE_BEZIER_KNOTS.);
#1496 = CARTESIAN_POINT('',(-6.062690429687,-23.33074517659));
#1497 = CARTESIAN_POINT('',(-5.903098632812,-23.33074517659));
#1498 = CARTESIAN_POINT('',(-5.753993164062,-23.35174517659));
#1499 = ( GEOMETRIC_REPRESENTATION_CONTEXT(2) 
PARAMETRIC_REPRESENTATION_CONTEXT() REPRESENTATION_CONTEXT('2D SPACE',''
  ) );
#1500 = PCURVE('',#1501,#1508);
#1501 = SURFACE_OF_LINEAR_EXTRUSION('',#1502,#1506);
#1502 = B_SPLINE_CURVE_WITH_KNOTS('',2,(#1503,#1504,#1505),
  .UNSPECIFIED.,.F.,.F.,(3,3),(0.,1.),.PIECEWISE_BEZIER_KNOTS.);
#1503 = CARTESIAN_POINT('',(-6.062690429687,-41.35459204748,
    9.486695092107));
#1504 = CARTESIAN_POINT('',(-5.903098632813,-41.35459204748,
    9.486695092107));
#1505 = CARTESIAN_POINT('',(-5.753993164062,-41.36177447049,
    9.46696154707));
#1506 = VECTOR('',#1507,1.);
#1507 = DIRECTION('',(0.,-0.939692620786,0.342020143326));
#1508 = DEFINITIONAL_REPRESENTATION('',(#1509),#1513);
#1509 = LINE('',#1510,#1511);
#1510 = CARTESIAN_POINT('',(0.,0.));
#1511 = VECTOR('',#1512,1.);
#1512 = DIRECTION('',(1.,0.));
#1513 = ( GEOMETRIC_REPRESENTATION_CONTEXT(2) 
PARAMETRIC_REPRESENTATION_CONTEXT() REPRESENTATION_CONTEXT('2D SPACE',''
  ) );
#1514 = ORIENTED_EDGE('',*,*,#1515,.T.);
#1515 = EDGE_CURVE('',#1486,#1516,#1518,.T.);
#1516 = VERTEX_POINT('',#1517);
#1517 = CARTESIAN_POINT('',(-5.436887695312,-41.39122193723,
    9.386055297157));
#1518 = SURFACE_CURVE('',#1519,(#1523,#1530),.PCURVE_S1.);
#1519 = B_SPLINE_CURVE_WITH_KNOTS('',2,(#1520,#1521,#1522),
  .UNSPECIFIED.,.F.,.F.,(3,3),(0.,1.),.PIECEWISE_BEZIER_KNOTS.);
#1520 = CARTESIAN_POINT('',(-5.753993164062,-41.36177447049,
    9.46696154707));
#1521 = CARTESIAN_POINT('',(-5.604887695312,-41.3689568935,
    9.447228002034));
#1522 = CARTESIAN_POINT('',(-5.436887695312,-41.39122193723,
    9.386055297157));
#1523 = PCURVE('',#72,#1524);
#1524 = DEFINITIONAL_REPRESENTATION('',(#1525),#1529);
#1525 = B_SPLINE_CURVE_WITH_KNOTS('',2,(#1526,#1527,#1528),
  .UNSPECIFIED.,.F.,.F.,(3,3),(0.,1.),.PIECEWISE_BEZIER_KNOTS.);
#1526 = CARTESIAN_POINT('',(-5.753993164062,-23.35174517659));
#1527 = CARTESIAN_POINT('',(-5.604887695312,-23.37274517659));
#1528 = CARTESIAN_POINT('',(-5.436887695312,-23.4378438094));
#1529 = ( GEOMETRIC_REPRESENTATION_CONTEXT(2) 
PARAMETRIC_REPRESENTATION_CONTEXT() REPRESENTATION_CONTEXT('2D SPACE',''
  ) );
#1530 = PCURVE('',#1531,#1538);
#1531 = SURFACE_OF_LINEAR_EXTRUSION('',#1532,#1536);
#1532 = B_SPLINE_CURVE_WITH_KNOTS('',2,(#1533,#1534,#1535),
  .UNSPECIFIED.,.F.,.F.,(3,3),(0.,1.),.PIECEWISE_BEZIER_KNOTS.);
#1533 = CARTESIAN_POINT('',(-5.753993164062,-41.36177447049,
    9.46696154707));
#1534 = CARTESIAN_POINT('',(-5.604887695312,-41.3689568935,
    9.447228002034));
#1535 = CARTESIAN_POINT('',(-5.436887695312,-41.39122193723,
    9.386055297157));
#1536 = VECTOR('',#1537,1.);
#1537 = DIRECTION('',(0.,-0.939692620786,0.342020143326));
#1538 = DEFINITIONAL_REPRESENTATION('',(#1539),#1543);
#1539 = LINE('',#1540,#1541);
#1540 = CARTESIAN_POINT('',(0.,0.));
#1541 = VECTOR('',#1542,1.);
#1542 = DIRECTION('',(1.,0.));
#1543 = ( GEOMETRIC_REPRESENTATION_CONTEXT(2) 
PARAMETRIC_REPRESENTATION_CONTEXT() REPRESENTATION_CONTEXT('2D SPACE',''
  ) );
#1544 = ORIENTED_EDGE('',*,*,#1545,.T.);
#1545 = EDGE_CURVE('',#1516,#1546,#1548,.T.);
#1546 = VERTEX_POINT('',#1547);
#1547 = CARTESIAN_POINT('',(-5.147091796875,-41.4486813213,
    9.228186936865));
#1548 = SURFACE_CURVE('',#1549,(#1553,#1560),.PCURVE_S1.);
#1549 = B_SPLINE_CURVE_WITH_KNOTS('',2,(#1550,#1551,#1552),
  .UNSPECIFIED.,.F.,.F.,(3,3),(0.,1.),.PIECEWISE_BEZIER_KNOTS.);
#1550 = CARTESIAN_POINT('',(-5.436887695312,-41.39122193723,
    9.386055297157));
#1551 = CARTESIAN_POINT('',(-5.268887695313,-41.41348698095,
    9.32488259228));
#1552 = CARTESIAN_POINT('',(-5.147091796875,-41.4486813213,
    9.228186936865));
#1553 = PCURVE('',#72,#1554);
#1554 = DEFINITIONAL_REPRESENTATION('',(#1555),#1559);
#1555 = B_SPLINE_CURVE_WITH_KNOTS('',2,(#1556,#1557,#1558),
  .UNSPECIFIED.,.F.,.F.,(3,3),(0.,1.),.PIECEWISE_BEZIER_KNOTS.);
#1556 = CARTESIAN_POINT('',(-5.436887695312,-23.4378438094));
#1557 = CARTESIAN_POINT('',(-5.268887695312,-23.50294244222));
#1558 = CARTESIAN_POINT('',(-5.147091796875,-23.6058438094));
#1559 = ( GEOMETRIC_REPRESENTATION_CONTEXT(2) 
PARAMETRIC_REPRESENTATION_CONTEXT() REPRESENTATION_CONTEXT('2D SPACE',''
  ) );
#1560 = PCURVE('',#1561,#1568);
#1561 = SURFACE_OF_LINEAR_EXTRUSION('',#1562,#1566);
#1562 = B_SPLINE_CURVE_WITH_KNOTS('',2,(#1563,#1564,#1565),
  .UNSPECIFIED.,.F.,.F.,(3,3),(0.,1.),.PIECEWISE_BEZIER_KNOTS.);
#1563 = CARTESIAN_POINT('',(-5.436887695312,-41.39122193723,
    9.386055297157));
#1564 = CARTESIAN_POINT('',(-5.268887695313,-41.41348698095,
    9.32488259228));
#1565 = CARTESIAN_POINT('',(-5.147091796875,-41.4486813213,
    9.228186936865));
#1566 = VECTOR('',#1567,1.);
#1567 = DIRECTION('',(0.,-0.939692620786,0.342020143326));
#1568 = DEFINITIONAL_REPRESENTATION('',(#1569),#1573);
#1569 = LINE('',#1570,#1571);
#1570 = CARTESIAN_POINT('',(0.,0.));
#1571 = VECTOR('',#1572,1.);
#1572 = DIRECTION('',(1.,0.));
#1573 = ( GEOMETRIC_REPRESENTATION_CONTEXT(2) 
PARAMETRIC_REPRESENTATION_CONTEXT() REPRESENTATION_CONTEXT('2D SPACE',''
  ) );
#1574 = ORIENTED_EDGE('',*,*,#1575,.T.);
#1575 = EDGE_CURVE('',#1546,#712,#1576,.T.);
#1576 = SURFACE_CURVE('',#1577,(#1581,#1588),.PCURVE_S1.);
#1577 = B_SPLINE_CURVE_WITH_KNOTS('',2,(#1578,#1579,#1580),
  .UNSPECIFIED.,.F.,.F.,(3,3),(0.,1.),.PIECEWISE_BEZIER_KNOTS.);
#1578 = CARTESIAN_POINT('',(-5.147091796875,-41.4486813213,
    9.228186936865));
#1579 = CARTESIAN_POINT('',(-5.025295898438,-41.48387566166,
    9.13149128145));
#1580 = CARTESIAN_POINT('',(-4.94339453125,-41.54636180663,
    8.959812009104));
#1581 = PCURVE('',#72,#1582);
#1582 = DEFINITIONAL_REPRESENTATION('',(#1583),#1587);
#1583 = B_SPLINE_CURVE_WITH_KNOTS('',2,(#1584,#1585,#1586),
  .UNSPECIFIED.,.F.,.F.,(3,3),(0.,1.),.PIECEWISE_BEZIER_KNOTS.);
#1584 = CARTESIAN_POINT('',(-5.147091796875,-23.6058438094));
#1585 = CARTESIAN_POINT('',(-5.025295898437,-23.70874517659));
#1586 = CARTESIAN_POINT('',(-4.94339453125,-23.89144244222));
#1587 = ( GEOMETRIC_REPRESENTATION_CONTEXT(2) 
PARAMETRIC_REPRESENTATION_CONTEXT() REPRESENTATION_CONTEXT('2D SPACE',''
  ) );
#1588 = PCURVE('',#1589,#1596);
#1589 = SURFACE_OF_LINEAR_EXTRUSION('',#1590,#1594);
#1590 = B_SPLINE_CURVE_WITH_KNOTS('',2,(#1591,#1592,#1593),
  .UNSPECIFIED.,.F.,.F.,(3,3),(0.,1.),.PIECEWISE_BEZIER_KNOTS.);
#1591 = CARTESIAN_POINT('',(-5.147091796875,-41.4486813213,
    9.228186936865));
#1592 = CARTESIAN_POINT('',(-5.025295898438,-41.48387566166,
    9.13149128145));
#1593 = CARTESIAN_POINT('',(-4.94339453125,-41.54636180663,
    8.959812009104));
#1594 = VECTOR('',#1595,1.);
#1595 = DIRECTION('',(0.,-0.939692620786,0.342020143326));
#1596 = DEFINITIONAL_REPRESENTATION('',(#1597),#1601);
#1597 = LINE('',#1598,#1599);
#1598 = CARTESIAN_POINT('',(0.,0.));
#1599 = VECTOR('',#1600,1.);
#1600 = DIRECTION('',(1.,0.));
#1601 = ( GEOMETRIC_REPRESENTATION_CONTEXT(2) 
PARAMETRIC_REPRESENTATION_CONTEXT() REPRESENTATION_CONTEXT('2D SPACE',''
  ) );
#1602 = FACE_BOUND('',#1603,.T.);
#1603 = EDGE_LOOP('',(#1604,#1636,#1666,#1696,#1726,#1756,#1786,#1816));
#1604 = ORIENTED_EDGE('',*,*,#1605,.T.);
#1605 = EDGE_CURVE('',#1606,#1608,#1610,.T.);
#1606 = VERTEX_POINT('',#1607);
#1607 = CARTESIAN_POINT('',(-3.026098632812,-42.4520672186,
    6.471406841057));
#1608 = VERTEX_POINT('',#1609);
#1609 = CARTESIAN_POINT('',(-4.097098632813,-42.29836289858,
    6.893705989574));
#1610 = SURFACE_CURVE('',#1611,(#1615,#1622),.PCURVE_S1.);
#1611 = B_SPLINE_CURVE_WITH_KNOTS('',2,(#1612,#1613,#1614),
  .UNSPECIFIED.,.F.,.F.,(3,3),(0.,1.),.PIECEWISE_BEZIER_KNOTS.);
#1612 = CARTESIAN_POINT('',(-3.026098632812,-42.4520672186,
    6.471406841057));
#1613 = CARTESIAN_POINT('',(-3.693901367188,-42.4520672186,
    6.471406841057));
#1614 = CARTESIAN_POINT('',(-4.097098632813,-42.29836289858,
    6.893705989574));
#1615 = PCURVE('',#72,#1616);
#1616 = DEFINITIONAL_REPRESENTATION('',(#1617),#1621);
#1617 = B_SPLINE_CURVE_WITH_KNOTS('',2,(#1618,#1619,#1620),
  .UNSPECIFIED.,.F.,.F.,(3,3),(0.,1.),.PIECEWISE_BEZIER_KNOTS.);
#1618 = CARTESIAN_POINT('',(-3.026098632812,-26.53954791097));
#1619 = CARTESIAN_POINT('',(-3.693901367187,-26.53954791097));
#1620 = CARTESIAN_POINT('',(-4.097098632812,-26.09014654378));
#1621 = ( GEOMETRIC_REPRESENTATION_CONTEXT(2) 
PARAMETRIC_REPRESENTATION_CONTEXT() REPRESENTATION_CONTEXT('2D SPACE',''
  ) );
#1622 = PCURVE('',#1623,#1630);
#1623 = SURFACE_OF_LINEAR_EXTRUSION('',#1624,#1628);
#1624 = B_SPLINE_CURVE_WITH_KNOTS('',2,(#1625,#1626,#1627),
  .UNSPECIFIED.,.F.,.F.,(3,3),(0.,1.),.PIECEWISE_BEZIER_KNOTS.);
#1625 = CARTESIAN_POINT('',(-3.026098632812,-42.4520672186,
    6.471406841057));
#1626 = CARTESIAN_POINT('',(-3.693901367188,-42.4520672186,
    6.471406841057));
#1627 = CARTESIAN_POINT('',(-4.097098632813,-42.29836289858,
    6.893705989574));
#1628 = VECTOR('',#1629,1.);
#1629 = DIRECTION('',(0.,-0.939692620786,0.342020143326));
#1630 = DEFINITIONAL_REPRESENTATION('',(#1631),#1635);
#1631 = LINE('',#1632,#1633);
#1632 = CARTESIAN_POINT('',(0.,0.));
#1633 = VECTOR('',#1634,1.);
#1634 = DIRECTION('',(1.,0.));
#1635 = ( GEOMETRIC_REPRESENTATION_CONTEXT(2) 
PARAMETRIC_REPRESENTATION_CONTEXT() REPRESENTATION_CONTEXT('2D SPACE',''
  ) );
#1636 = ORIENTED_EDGE('',*,*,#1637,.T.);
#1637 = EDGE_CURVE('',#1608,#1638,#1640,.T.);
#1638 = VERTEX_POINT('',#1639);
#1639 = CARTESIAN_POINT('',(-4.500295898437,-41.90332963304,
    7.979050966582));
#1640 = SURFACE_CURVE('',#1641,(#1645,#1652),.PCURVE_S1.);
#1641 = B_SPLINE_CURVE_WITH_KNOTS('',2,(#1642,#1643,#1644),
  .UNSPECIFIED.,.F.,.F.,(3,3),(0.,1.),.PIECEWISE_BEZIER_KNOTS.);
#1642 = CARTESIAN_POINT('',(-4.097098632813,-42.29836289858,
    6.893705989574));
#1643 = CARTESIAN_POINT('',(-4.500295898437,-42.14465857856,
    7.316005138091));
#1644 = CARTESIAN_POINT('',(-4.500295898437,-41.90332963304,
    7.979050966582));
#1645 = PCURVE('',#72,#1646);
#1646 = DEFINITIONAL_REPRESENTATION('',(#1647),#1651);
#1647 = B_SPLINE_CURVE_WITH_KNOTS('',2,(#1648,#1649,#1650),
  .UNSPECIFIED.,.F.,.F.,(3,3),(0.,1.),.PIECEWISE_BEZIER_KNOTS.);
#1648 = CARTESIAN_POINT('',(-4.097098632812,-26.09014654378));
#1649 = CARTESIAN_POINT('',(-4.500295898437,-25.64074517659));
#1650 = CARTESIAN_POINT('',(-4.500295898437,-24.93514654378));
#1651 = ( GEOMETRIC_REPRESENTATION_CONTEXT(2) 
PARAMETRIC_REPRESENTATION_CONTEXT() REPRESENTATION_CONTEXT('2D SPACE',''
  ) );
#1652 = PCURVE('',#1653,#1660);
#1653 = SURFACE_OF_LINEAR_EXTRUSION('',#1654,#1658);
#1654 = B_SPLINE_CURVE_WITH_KNOTS('',2,(#1655,#1656,#1657),
  .UNSPECIFIED.,.F.,.F.,(3,3),(0.,1.),.PIECEWISE_BEZIER_KNOTS.);
#1655 = CARTESIAN_POINT('',(-4.097098632813,-42.29836289858,
    6.893705989574));
#1656 = CARTESIAN_POINT('',(-4.500295898437,-42.14465857856,
    7.316005138091));
#1657 = CARTESIAN_POINT('',(-4.500295898437,-41.90332963304,
    7.979050966582));
#1658 = VECTOR('',#1659,1.);
#1659 = DIRECTION('',(0.,-0.939692620786,0.342020143326));
#1660 = DEFINITIONAL_REPRESENTATION('',(#1661),#1665);
#1661 = LINE('',#1662,#1663);
#1662 = CARTESIAN_POINT('',(0.,0.));
#1663 = VECTOR('',#1664,1.);
#1664 = DIRECTION('',(1.,0.));
#1665 = ( GEOMETRIC_REPRESENTATION_CONTEXT(2) 
PARAMETRIC_REPRESENTATION_CONTEXT() REPRESENTATION_CONTEXT('2D SPACE',''
  ) );
#1666 = ORIENTED_EDGE('',*,*,#1667,.T.);
#1667 = EDGE_CURVE('',#1638,#1668,#1670,.T.);
#1668 = VERTEX_POINT('',#1669);
#1669 = CARTESIAN_POINT('',(-4.094993164063,-41.5082963675,9.06439594359
    ));
#1670 = SURFACE_CURVE('',#1671,(#1675,#1682),.PCURVE_S1.);
#1671 = B_SPLINE_CURVE_WITH_KNOTS('',2,(#1672,#1673,#1674),
  .UNSPECIFIED.,.F.,.F.,(3,3),(0.,1.),.PIECEWISE_BEZIER_KNOTS.);
#1672 = CARTESIAN_POINT('',(-4.500295898437,-41.90332963304,
    7.979050966582));
#1673 = CARTESIAN_POINT('',(-4.500295898437,-41.66200068751,
    8.642096795072));
#1674 = CARTESIAN_POINT('',(-4.094993164063,-41.5082963675,9.06439594359
    ));
#1675 = PCURVE('',#72,#1676);
#1676 = DEFINITIONAL_REPRESENTATION('',(#1677),#1681);
#1677 = B_SPLINE_CURVE_WITH_KNOTS('',2,(#1678,#1679,#1680),
  .UNSPECIFIED.,.F.,.F.,(3,3),(0.,1.),.PIECEWISE_BEZIER_KNOTS.);
#1678 = CARTESIAN_POINT('',(-4.500295898437,-24.93514654378));
#1679 = CARTESIAN_POINT('',(-4.500295898437,-24.22954791097));
#1680 = CARTESIAN_POINT('',(-4.094993164062,-23.78014654378));
#1681 = ( GEOMETRIC_REPRESENTATION_CONTEXT(2) 
PARAMETRIC_REPRESENTATION_CONTEXT() REPRESENTATION_CONTEXT('2D SPACE',''
  ) );
#1682 = PCURVE('',#1683,#1690);
#1683 = SURFACE_OF_LINEAR_EXTRUSION('',#1684,#1688);
#1684 = B_SPLINE_CURVE_WITH_KNOTS('',2,(#1685,#1686,#1687),
  .UNSPECIFIED.,.F.,.F.,(3,3),(0.,1.),.PIECEWISE_BEZIER_KNOTS.);
#1685 = CARTESIAN_POINT('',(-4.500295898437,-41.90332963304,
    7.979050966582));
#1686 = CARTESIAN_POINT('',(-4.500295898437,-41.66200068751,
    8.642096795072));
#1687 = CARTESIAN_POINT('',(-4.094993164063,-41.5082963675,9.06439594359
    ));
#1688 = VECTOR('',#1689,1.);
#1689 = DIRECTION('',(0.,-0.939692620786,0.342020143326));
#1690 = DEFINITIONAL_REPRESENTATION('',(#1691),#1695);
#1691 = LINE('',#1692,#1693);
#1692 = CARTESIAN_POINT('',(0.,0.));
#1693 = VECTOR('',#1694,1.);
#1694 = DIRECTION('',(1.,0.));
#1695 = ( GEOMETRIC_REPRESENTATION_CONTEXT(2) 
PARAMETRIC_REPRESENTATION_CONTEXT() REPRESENTATION_CONTEXT('2D SPACE',''
  ) );
#1696 = ORIENTED_EDGE('',*,*,#1697,.T.);
#1697 = EDGE_CURVE('',#1668,#1698,#1700,.T.);
#1698 = VERTEX_POINT('',#1699);
#1699 = CARTESIAN_POINT('',(-3.030295898438,-41.35459204748,
    9.486695092107));
#1700 = SURFACE_CURVE('',#1701,(#1705,#1712),.PCURVE_S1.);
#1701 = B_SPLINE_CURVE_WITH_KNOTS('',2,(#1702,#1703,#1704),
  .UNSPECIFIED.,.F.,.F.,(3,3),(0.,1.),.PIECEWISE_BEZIER_KNOTS.);
#1702 = CARTESIAN_POINT('',(-4.094993164063,-41.5082963675,9.06439594359
    ));
#1703 = CARTESIAN_POINT('',(-3.689690429687,-41.35459204748,
    9.486695092107));
#1704 = CARTESIAN_POINT('',(-3.030295898438,-41.35459204748,
    9.486695092107));
#1705 = PCURVE('',#72,#1706);
#1706 = DEFINITIONAL_REPRESENTATION('',(#1707),#1711);
#1707 = B_SPLINE_CURVE_WITH_KNOTS('',2,(#1708,#1709,#1710),
  .UNSPECIFIED.,.F.,.F.,(3,3),(0.,1.),.PIECEWISE_BEZIER_KNOTS.);
#1708 = CARTESIAN_POINT('',(-4.094993164062,-23.78014654378));
#1709 = CARTESIAN_POINT('',(-3.689690429687,-23.33074517659));
#1710 = CARTESIAN_POINT('',(-3.030295898437,-23.33074517659));
#1711 = ( GEOMETRIC_REPRESENTATION_CONTEXT(2) 
PARAMETRIC_REPRESENTATION_CONTEXT() REPRESENTATION_CONTEXT('2D SPACE',''
  ) );
#1712 = PCURVE('',#1713,#1720);
#1713 = SURFACE_OF_LINEAR_EXTRUSION('',#1714,#1718);
#1714 = B_SPLINE_CURVE_WITH_KNOTS('',2,(#1715,#1716,#1717),
  .UNSPECIFIED.,.F.,.F.,(3,3),(0.,1.),.PIECEWISE_BEZIER_KNOTS.);
#1715 = CARTESIAN_POINT('',(-4.094993164063,-41.5082963675,9.06439594359
    ));
#1716 = CARTESIAN_POINT('',(-3.689690429687,-41.35459204748,
    9.486695092107));
#1717 = CARTESIAN_POINT('',(-3.030295898438,-41.35459204748,
    9.486695092107));
#1718 = VECTOR('',#1719,1.);
#1719 = DIRECTION('',(0.,-0.939692620786,0.342020143326));
#1720 = DEFINITIONAL_REPRESENTATION('',(#1721),#1725);
#1721 = LINE('',#1722,#1723);
#1722 = CARTESIAN_POINT('',(0.,0.));
#1723 = VECTOR('',#1724,1.);
#1724 = DIRECTION('',(1.,0.));
#1725 = ( GEOMETRIC_REPRESENTATION_CONTEXT(2) 
PARAMETRIC_REPRESENTATION_CONTEXT() REPRESENTATION_CONTEXT('2D SPACE',''
  ) );
#1726 = ORIENTED_EDGE('',*,*,#1727,.T.);
#1727 = EDGE_CURVE('',#1698,#1728,#1730,.T.);
#1728 = VERTEX_POINT('',#1729);
#1729 = CARTESIAN_POINT('',(-1.959295898437,-41.50757625477,
    9.066374437037));
#1730 = SURFACE_CURVE('',#1731,(#1735,#1742),.PCURVE_S1.);
#1731 = B_SPLINE_CURVE_WITH_KNOTS('',2,(#1732,#1733,#1734),
  .UNSPECIFIED.,.F.,.F.,(3,3),(0.,1.),.PIECEWISE_BEZIER_KNOTS.);
#1732 = CARTESIAN_POINT('',(-3.030295898438,-41.35459204748,
    9.486695092107));
#1733 = CARTESIAN_POINT('',(-2.366690429687,-41.35459204748,
    9.486695092107));
#1734 = CARTESIAN_POINT('',(-1.959295898437,-41.50757625477,
    9.066374437037));
#1735 = PCURVE('',#72,#1736);
#1736 = DEFINITIONAL_REPRESENTATION('',(#1737),#1741);
#1737 = B_SPLINE_CURVE_WITH_KNOTS('',2,(#1738,#1739,#1740),
  .UNSPECIFIED.,.F.,.F.,(3,3),(0.,1.),.PIECEWISE_BEZIER_KNOTS.);
#1738 = CARTESIAN_POINT('',(-3.030295898437,-23.33074517659));
#1739 = CARTESIAN_POINT('',(-2.366690429687,-23.33074517659));
#1740 = CARTESIAN_POINT('',(-1.959295898437,-23.77804107503));
#1741 = ( GEOMETRIC_REPRESENTATION_CONTEXT(2) 
PARAMETRIC_REPRESENTATION_CONTEXT() REPRESENTATION_CONTEXT('2D SPACE',''
  ) );
#1742 = PCURVE('',#1743,#1750);
#1743 = SURFACE_OF_LINEAR_EXTRUSION('',#1744,#1748);
#1744 = B_SPLINE_CURVE_WITH_KNOTS('',2,(#1745,#1746,#1747),
  .UNSPECIFIED.,.F.,.F.,(3,3),(0.,1.),.PIECEWISE_BEZIER_KNOTS.);
#1745 = CARTESIAN_POINT('',(-3.030295898438,-41.35459204748,
    9.486695092107));
#1746 = CARTESIAN_POINT('',(-2.366690429687,-41.35459204748,
    9.486695092107));
#1747 = CARTESIAN_POINT('',(-1.959295898437,-41.50757625477,
    9.066374437037));
#1748 = VECTOR('',#1749,1.);
#1749 = DIRECTION('',(0.,-0.939692620786,0.342020143326));
#1750 = DEFINITIONAL_REPRESENTATION('',(#1751),#1755);
#1751 = LINE('',#1752,#1753);
#1752 = CARTESIAN_POINT('',(0.,0.));
#1753 = VECTOR('',#1754,1.);
#1754 = DIRECTION('',(1.,0.));
#1755 = ( GEOMETRIC_REPRESENTATION_CONTEXT(2) 
PARAMETRIC_REPRESENTATION_CONTEXT() REPRESENTATION_CONTEXT('2D SPACE',''
  ) );
#1756 = ORIENTED_EDGE('',*,*,#1757,.T.);
#1757 = EDGE_CURVE('',#1728,#1758,#1760,.T.);
#1758 = VERTEX_POINT('',#1759);
#1759 = CARTESIAN_POINT('',(-1.551901367187,-41.91050971802,
    7.959323845225));
#1760 = SURFACE_CURVE('',#1761,(#1765,#1772),.PCURVE_S1.);
#1761 = B_SPLINE_CURVE_WITH_KNOTS('',2,(#1762,#1763,#1764),
  .UNSPECIFIED.,.F.,.F.,(3,3),(0.,1.),.PIECEWISE_BEZIER_KNOTS.);
#1762 = CARTESIAN_POINT('',(-1.959295898437,-41.50757625477,
    9.066374437037));
#1763 = CARTESIAN_POINT('',(-1.551901367187,-41.66056046207,
    8.646053781968));
#1764 = CARTESIAN_POINT('',(-1.551901367187,-41.91050971802,
    7.959323845225));
#1765 = PCURVE('',#72,#1766);
#1766 = DEFINITIONAL_REPRESENTATION('',(#1767),#1771);
#1767 = B_SPLINE_CURVE_WITH_KNOTS('',2,(#1768,#1769,#1770),
  .UNSPECIFIED.,.F.,.F.,(3,3),(0.,1.),.PIECEWISE_BEZIER_KNOTS.);
#1768 = CARTESIAN_POINT('',(-1.959295898437,-23.77804107503));
#1769 = CARTESIAN_POINT('',(-1.551901367187,-24.22533697347));
#1770 = CARTESIAN_POINT('',(-1.551901367187,-24.95613970784));
#1771 = ( GEOMETRIC_REPRESENTATION_CONTEXT(2) 
PARAMETRIC_REPRESENTATION_CONTEXT() REPRESENTATION_CONTEXT('2D SPACE',''
  ) );
#1772 = PCURVE('',#1773,#1780);
#1773 = SURFACE_OF_LINEAR_EXTRUSION('',#1774,#1778);
#1774 = B_SPLINE_CURVE_WITH_KNOTS('',2,(#1775,#1776,#1777),
  .UNSPECIFIED.,.F.,.F.,(3,3),(0.,1.),.PIECEWISE_BEZIER_KNOTS.);
#1775 = CARTESIAN_POINT('',(-1.959295898437,-41.50757625477,
    9.066374437037));
#1776 = CARTESIAN_POINT('',(-1.551901367187,-41.66056046207,
    8.646053781968));
#1777 = CARTESIAN_POINT('',(-1.551901367187,-41.91050971802,
    7.959323845225));
#1778 = VECTOR('',#1779,1.);
#1779 = DIRECTION('',(0.,-0.939692620786,0.342020143326));
#1780 = DEFINITIONAL_REPRESENTATION('',(#1781),#1785);
#1781 = LINE('',#1782,#1783);
#1782 = CARTESIAN_POINT('',(0.,0.));
#1783 = VECTOR('',#1784,1.);
#1784 = DIRECTION('',(1.,0.));
#1785 = ( GEOMETRIC_REPRESENTATION_CONTEXT(2) 
PARAMETRIC_REPRESENTATION_CONTEXT() REPRESENTATION_CONTEXT('2D SPACE',''
  ) );
#1786 = ORIENTED_EDGE('',*,*,#1787,.T.);
#1787 = EDGE_CURVE('',#1758,#1788,#1790,.T.);
#1788 = VERTEX_POINT('',#1789);
#1789 = CARTESIAN_POINT('',(-1.953,-42.29764512388,6.895678059342));
#1790 = SURFACE_CURVE('',#1791,(#1795,#1802),.PCURVE_S1.);
#1791 = B_SPLINE_CURVE_WITH_KNOTS('',2,(#1792,#1793,#1794),
  .UNSPECIFIED.,.F.,.F.,(3,3),(0.,1.),.PIECEWISE_BEZIER_KNOTS.);
#1792 = CARTESIAN_POINT('',(-1.551901367187,-41.91050971802,
    7.959323845225));
#1793 = CARTESIAN_POINT('',(-1.551901367187,-42.14322302917,
    7.319949277627));
#1794 = CARTESIAN_POINT('',(-1.953,-42.29764512388,6.895678059342));
#1795 = PCURVE('',#72,#1796);
#1796 = DEFINITIONAL_REPRESENTATION('',(#1797),#1801);
#1797 = B_SPLINE_CURVE_WITH_KNOTS('',2,(#1798,#1799,#1800),
  .UNSPECIFIED.,.F.,.F.,(3,3),(0.,1.),.PIECEWISE_BEZIER_KNOTS.);
#1798 = CARTESIAN_POINT('',(-1.551901367187,-24.95613970784));
#1799 = CARTESIAN_POINT('',(-1.551901367187,-25.63654791097));
#1800 = CARTESIAN_POINT('',(-1.953,-26.08804791097));
#1801 = ( GEOMETRIC_REPRESENTATION_CONTEXT(2) 
PARAMETRIC_REPRESENTATION_CONTEXT() REPRESENTATION_CONTEXT('2D SPACE',''
  ) );
#1802 = PCURVE('',#1803,#1810);
#1803 = SURFACE_OF_LINEAR_EXTRUSION('',#1804,#1808);
#1804 = B_SPLINE_CURVE_WITH_KNOTS('',2,(#1805,#1806,#1807),
  .UNSPECIFIED.,.F.,.F.,(3,3),(0.,1.),.PIECEWISE_BEZIER_KNOTS.);
#1805 = CARTESIAN_POINT('',(-1.551901367187,-41.91050971802,
    7.959323845225));
#1806 = CARTESIAN_POINT('',(-1.551901367187,-42.14322302917,
    7.319949277627));
#1807 = CARTESIAN_POINT('',(-1.953,-42.29764512388,6.895678059342));
#1808 = VECTOR('',#1809,1.);
#1809 = DIRECTION('',(0.,-0.939692620786,0.342020143326));
#1810 = DEFINITIONAL_REPRESENTATION('',(#1811),#1815);
#1811 = LINE('',#1812,#1813);
#1812 = CARTESIAN_POINT('',(0.,0.));
#1813 = VECTOR('',#1814,1.);
#1814 = DIRECTION('',(1.,0.));
#1815 = ( GEOMETRIC_REPRESENTATION_CONTEXT(2) 
PARAMETRIC_REPRESENTATION_CONTEXT() REPRESENTATION_CONTEXT('2D SPACE',''
  ) );
#1816 = ORIENTED_EDGE('',*,*,#1817,.T.);
#1817 = EDGE_CURVE('',#1788,#1606,#1818,.T.);
#1818 = SURFACE_CURVE('',#1819,(#1823,#1830),.PCURVE_S1.);
#1819 = B_SPLINE_CURVE_WITH_KNOTS('',2,(#1820,#1821,#1822),
  .UNSPECIFIED.,.F.,.F.,(3,3),(0.,1.),.PIECEWISE_BEZIER_KNOTS.);
#1820 = CARTESIAN_POINT('',(-1.953,-42.29764512388,6.895678059342));
#1821 = CARTESIAN_POINT('',(-2.354098632813,-42.4520672186,
    6.471406841057));
#1822 = CARTESIAN_POINT('',(-3.026098632812,-42.4520672186,
    6.471406841057));
#1823 = PCURVE('',#72,#1824);
#1824 = DEFINITIONAL_REPRESENTATION('',(#1825),#1829);
#1825 = B_SPLINE_CURVE_WITH_KNOTS('',2,(#1826,#1827,#1828),
  .UNSPECIFIED.,.F.,.F.,(3,3),(0.,1.),.PIECEWISE_BEZIER_KNOTS.);
#1826 = CARTESIAN_POINT('',(-1.953,-26.08804791097));
#1827 = CARTESIAN_POINT('',(-2.354098632812,-26.53954791097));
#1828 = CARTESIAN_POINT('',(-3.026098632812,-26.53954791097));
#1829 = ( GEOMETRIC_REPRESENTATION_CONTEXT(2) 
PARAMETRIC_REPRESENTATION_CONTEXT() REPRESENTATION_CONTEXT('2D SPACE',''
  ) );
#1830 = PCURVE('',#1831,#1838);
#1831 = SURFACE_OF_LINEAR_EXTRUSION('',#1832,#1836);
#1832 = B_SPLINE_CURVE_WITH_KNOTS('',2,(#1833,#1834,#1835),
  .UNSPECIFIED.,.F.,.F.,(3,3),(0.,1.),.PIECEWISE_BEZIER_KNOTS.);
#1833 = CARTESIAN_POINT('',(-1.953,-42.29764512388,6.895678059342));
#1834 = CARTESIAN_POINT('',(-2.354098632813,-42.4520672186,
    6.471406841057));
#1835 = CARTESIAN_POINT('',(-3.026098632812,-42.4520672186,
    6.471406841057));
#1836 = VECTOR('',#1837,1.);
#1837 = DIRECTION('',(0.,-0.939692620786,0.342020143326));
#1838 = DEFINITIONAL_REPRESENTATION('',(#1839),#1843);
#1839 = LINE('',#1840,#1841);
#1840 = CARTESIAN_POINT('',(0.,0.));
#1841 = VECTOR('',#1842,1.);
#1842 = DIRECTION('',(1.,0.));
#1843 = ( GEOMETRIC_REPRESENTATION_CONTEXT(2) 
PARAMETRIC_REPRESENTATION_CONTEXT() REPRESENTATION_CONTEXT('2D SPACE',''
  ) );
#1844 = FACE_BOUND('',#1845,.T.);
#1845 = EDGE_LOOP('',(#1846,#1876,#1904,#1932,#1960,#1988,#2016,#2044,
    #2072,#2100));
#1846 = ORIENTED_EDGE('',*,*,#1847,.T.);
#1847 = EDGE_CURVE('',#1848,#1850,#1852,.T.);
#1848 = VERTEX_POINT('',#1849);
#1849 = CARTESIAN_POINT('',(1.316704101562,-41.37182799228,
    9.439339722963));
#1850 = VERTEX_POINT('',#1851);
#1851 = CARTESIAN_POINT('',(1.316704101562,-42.41902620233,
    6.562186287169));
#1852 = SURFACE_CURVE('',#1853,(#1857,#1864),.PCURVE_S1.);
#1853 = LINE('',#1854,#1855);
#1854 = CARTESIAN_POINT('',(1.316704101562,-41.37182799228,
    9.439339722963));
#1855 = VECTOR('',#1856,1.);
#1856 = DIRECTION('',(0.,-0.342020143326,-0.939692620786));
#1857 = PCURVE('',#72,#1858);
#1858 = DEFINITIONAL_REPRESENTATION('',(#1859),#1863);
#1859 = LINE('',#1860,#1861);
#1860 = CARTESIAN_POINT('',(1.316704101563,-23.38113970784));
#1861 = VECTOR('',#1862,1.);
#1862 = DIRECTION('',(0.,-1.));
#1863 = ( GEOMETRIC_REPRESENTATION_CONTEXT(2) 
PARAMETRIC_REPRESENTATION_CONTEXT() REPRESENTATION_CONTEXT('2D SPACE',''
  ) );
#1864 = PCURVE('',#1865,#1870);
#1865 = PLANE('',#1866);
#1866 = AXIS2_PLACEMENT_3D('',#1867,#1868,#1869);
#1867 = CARTESIAN_POINT('',(1.316704101562,-41.37182799228,
    9.439339722963));
#1868 = DIRECTION('',(-1.,0.,0.));
#1869 = DIRECTION('',(0.,-0.342020143326,-0.939692620786));
#1870 = DEFINITIONAL_REPRESENTATION('',(#1871),#1875);
#1871 = LINE('',#1872,#1873);
#1872 = CARTESIAN_POINT('',(-4.860398566474E-15,-1.335383531094E-14));
#1873 = VECTOR('',#1874,1.);
#1874 = DIRECTION('',(1.,0.));
#1875 = ( GEOMETRIC_REPRESENTATION_CONTEXT(2) 
PARAMETRIC_REPRESENTATION_CONTEXT() REPRESENTATION_CONTEXT('2D SPACE',''
  ) );
#1876 = ORIENTED_EDGE('',*,*,#1877,.T.);
#1877 = EDGE_CURVE('',#1850,#1878,#1880,.T.);
#1878 = VERTEX_POINT('',#1879);
#1879 = CARTESIAN_POINT('',(0.686704101562,-42.41902620233,
    6.562186287169));
#1880 = SURFACE_CURVE('',#1881,(#1885,#1892),.PCURVE_S1.);
#1881 = LINE('',#1882,#1883);
#1882 = CARTESIAN_POINT('',(1.316704101562,-42.41902620233,
    6.562186287169));
#1883 = VECTOR('',#1884,1.);
#1884 = DIRECTION('',(-1.,0.,0.));
#1885 = PCURVE('',#72,#1886);
#1886 = DEFINITIONAL_REPRESENTATION('',(#1887),#1891);
#1887 = LINE('',#1888,#1889);
#1888 = CARTESIAN_POINT('',(1.316704101563,-26.44294244222));
#1889 = VECTOR('',#1890,1.);
#1890 = DIRECTION('',(-1.,0.));
#1891 = ( GEOMETRIC_REPRESENTATION_CONTEXT(2) 
PARAMETRIC_REPRESENTATION_CONTEXT() REPRESENTATION_CONTEXT('2D SPACE',''
  ) );
#1892 = PCURVE('',#1893,#1898);
#1893 = PLANE('',#1894);
#1894 = AXIS2_PLACEMENT_3D('',#1895,#1896,#1897);
#1895 = CARTESIAN_POINT('',(1.316704101562,-42.41902620233,
    6.562186287169));
#1896 = DIRECTION('',(0.,0.342020143326,0.939692620786));
#1897 = DIRECTION('',(-1.,0.,0.));
#1898 = DEFINITIONAL_REPRESENTATION('',(#1899),#1903);
#1899 = LINE('',#1900,#1901);
#1900 = CARTESIAN_POINT('',(0.,-1.487270986296E-14));
#1901 = VECTOR('',#1902,1.);
#1902 = DIRECTION('',(1.,0.));
#1903 = ( GEOMETRIC_REPRESENTATION_CONTEXT(2) 
PARAMETRIC_REPRESENTATION_CONTEXT() REPRESENTATION_CONTEXT('2D SPACE',''
  ) );
#1904 = ORIENTED_EDGE('',*,*,#1905,.T.);
#1905 = EDGE_CURVE('',#1878,#1906,#1908,.T.);
#1906 = VERTEX_POINT('',#1907);
#1907 = CARTESIAN_POINT('',(-0.543901367188,-41.69503702773,
    8.551330196321));
#1908 = SURFACE_CURVE('',#1909,(#1913,#1920),.PCURVE_S1.);
#1909 = LINE('',#1910,#1911);
#1910 = CARTESIAN_POINT('',(0.686704101562,-42.41902620233,
    6.562186287169));
#1911 = VECTOR('',#1912,1.);
#1912 = DIRECTION('',(-0.502591827489,0.295684564701,0.812386664797));
#1913 = PCURVE('',#72,#1914);
#1914 = DEFINITIONAL_REPRESENTATION('',(#1915),#1919);
#1915 = LINE('',#1916,#1917);
#1916 = CARTESIAN_POINT('',(0.686704101563,-26.44294244222));
#1917 = VECTOR('',#1918,1.);
#1918 = DIRECTION('',(-0.502591827489,0.864523831332));
#1919 = ( GEOMETRIC_REPRESENTATION_CONTEXT(2) 
PARAMETRIC_REPRESENTATION_CONTEXT() REPRESENTATION_CONTEXT('2D SPACE',''
  ) );
#1920 = PCURVE('',#1921,#1926);
#1921 = PLANE('',#1922);
#1922 = AXIS2_PLACEMENT_3D('',#1923,#1924,#1925);
#1923 = CARTESIAN_POINT('',(0.686704101562,-42.41902620233,
    6.562186287169));
#1924 = DIRECTION('',(0.864523831332,0.171896528872,0.472281831558));
#1925 = DIRECTION('',(-0.502591827489,0.295684564701,0.812386664797));
#1926 = DEFINITIONAL_REPRESENTATION('',(#1927),#1931);
#1927 = LINE('',#1928,#1929);
#1928 = CARTESIAN_POINT('',(4.540565222212E-15,-1.365761022134E-14));
#1929 = VECTOR('',#1930,1.);
#1930 = DIRECTION('',(1.,0.));
#1931 = ( GEOMETRIC_REPRESENTATION_CONTEXT(2) 
PARAMETRIC_REPRESENTATION_CONTEXT() REPRESENTATION_CONTEXT('2D SPACE',''
  ) );
#1932 = ORIENTED_EDGE('',*,*,#1933,.T.);
#1933 = EDGE_CURVE('',#1906,#1934,#1936,.T.);
#1934 = VERTEX_POINT('',#1935);
#1935 = CARTESIAN_POINT('',(-0.543901367188,-42.41902620233,
    6.562186287169));
#1936 = SURFACE_CURVE('',#1937,(#1941,#1948),.PCURVE_S1.);
#1937 = LINE('',#1938,#1939);
#1938 = CARTESIAN_POINT('',(-0.543901367188,-41.69503702773,
    8.551330196321));
#1939 = VECTOR('',#1940,1.);
#1940 = DIRECTION('',(0.,-0.342020143326,-0.939692620786));
#1941 = PCURVE('',#72,#1942);
#1942 = DEFINITIONAL_REPRESENTATION('',(#1943),#1947);
#1943 = LINE('',#1944,#1945);
#1944 = CARTESIAN_POINT('',(-0.543901367187,-24.32613970784));
#1945 = VECTOR('',#1946,1.);
#1946 = DIRECTION('',(0.,-1.));
#1947 = ( GEOMETRIC_REPRESENTATION_CONTEXT(2) 
PARAMETRIC_REPRESENTATION_CONTEXT() REPRESENTATION_CONTEXT('2D SPACE',''
  ) );
#1948 = PCURVE('',#1949,#1954);
#1949 = PLANE('',#1950);
#1950 = AXIS2_PLACEMENT_3D('',#1951,#1952,#1953);
#1951 = CARTESIAN_POINT('',(-0.543901367188,-41.69503702773,
    8.551330196321));
#1952 = DIRECTION('',(-1.,0.,0.));
#1953 = DIRECTION('',(0.,-0.342020143326,-0.939692620786));
#1954 = DEFINITIONAL_REPRESENTATION('',(#1955),#1959);
#1955 = LINE('',#1956,#1957);
#1956 = CARTESIAN_POINT('',(-4.860398566474E-15,-1.335383531094E-14));
#1957 = VECTOR('',#1958,1.);
#1958 = DIRECTION('',(1.,0.));
#1959 = ( GEOMETRIC_REPRESENTATION_CONTEXT(2) 
PARAMETRIC_REPRESENTATION_CONTEXT() REPRESENTATION_CONTEXT('2D SPACE',''
  ) );
#1960 = ORIENTED_EDGE('',*,*,#1961,.T.);
#1961 = EDGE_CURVE('',#1934,#1962,#1964,.T.);
#1962 = VERTEX_POINT('',#1963);
#1963 = CARTESIAN_POINT('',(-1.173901367188,-42.41902620233,
    6.562186287169));
#1964 = SURFACE_CURVE('',#1965,(#1969,#1976),.PCURVE_S1.);
#1965 = LINE('',#1966,#1967);
#1966 = CARTESIAN_POINT('',(-0.543901367188,-42.41902620233,
    6.562186287169));
#1967 = VECTOR('',#1968,1.);
#1968 = DIRECTION('',(-1.,0.,0.));
#1969 = PCURVE('',#72,#1970);
#1970 = DEFINITIONAL_REPRESENTATION('',(#1971),#1975);
#1971 = LINE('',#1972,#1973);
#1972 = CARTESIAN_POINT('',(-0.543901367187,-26.44294244222));
#1973 = VECTOR('',#1974,1.);
#1974 = DIRECTION('',(-1.,0.));
#1975 = ( GEOMETRIC_REPRESENTATION_CONTEXT(2) 
PARAMETRIC_REPRESENTATION_CONTEXT() REPRESENTATION_CONTEXT('2D SPACE',''
  ) );
#1976 = PCURVE('',#1977,#1982);
#1977 = PLANE('',#1978);
#1978 = AXIS2_PLACEMENT_3D('',#1979,#1980,#1981);
#1979 = CARTESIAN_POINT('',(-0.543901367188,-42.41902620233,
    6.562186287169));
#1980 = DIRECTION('',(0.,0.342020143326,0.939692620786));
#1981 = DIRECTION('',(-1.,0.,0.));
#1982 = DEFINITIONAL_REPRESENTATION('',(#1983),#1987);
#1983 = LINE('',#1984,#1985);
#1984 = CARTESIAN_POINT('',(0.,-1.487270986296E-14));
#1985 = VECTOR('',#1986,1.);
#1986 = DIRECTION('',(1.,0.));
#1987 = ( GEOMETRIC_REPRESENTATION_CONTEXT(2) 
PARAMETRIC_REPRESENTATION_CONTEXT() REPRESENTATION_CONTEXT('2D SPACE',''
  ) );
#1988 = ORIENTED_EDGE('',*,*,#1989,.T.);
#1989 = EDGE_CURVE('',#1962,#1990,#1992,.T.);
#1990 = VERTEX_POINT('',#1991);
#1991 = CARTESIAN_POINT('',(-1.173901367188,-41.37182799228,
    9.439339722963));
#1992 = SURFACE_CURVE('',#1993,(#1997,#2004),.PCURVE_S1.);
#1993 = LINE('',#1994,#1995);
#1994 = CARTESIAN_POINT('',(-1.173901367188,-42.41902620233,
    6.562186287169));
#1995 = VECTOR('',#1996,1.);
#1996 = DIRECTION('',(0.,0.342020143326,0.939692620786));
#1997 = PCURVE('',#72,#1998);
#1998 = DEFINITIONAL_REPRESENTATION('',(#1999),#2003);
#1999 = LINE('',#2000,#2001);
#2000 = CARTESIAN_POINT('',(-1.173901367187,-26.44294244222));
#2001 = VECTOR('',#2002,1.);
#2002 = DIRECTION('',(0.,1.));
#2003 = ( GEOMETRIC_REPRESENTATION_CONTEXT(2) 
PARAMETRIC_REPRESENTATION_CONTEXT() REPRESENTATION_CONTEXT('2D SPACE',''
  ) );
#2004 = PCURVE('',#2005,#2010);
#2005 = PLANE('',#2006);
#2006 = AXIS2_PLACEMENT_3D('',#2007,#2008,#2009);
#2007 = CARTESIAN_POINT('',(-1.173901367188,-42.41902620233,
    6.562186287169));
#2008 = DIRECTION('',(1.,0.,0.));
#2009 = DIRECTION('',(0.,0.342020143326,0.939692620786));
#2010 = DEFINITIONAL_REPRESENTATION('',(#2011),#2015);
#2011 = LINE('',#2012,#2013);
#2012 = CARTESIAN_POINT('',(4.860398566474E-15,-1.335383531094E-14));
#2013 = VECTOR('',#2014,1.);
#2014 = DIRECTION('',(1.,0.));
#2015 = ( GEOMETRIC_REPRESENTATION_CONTEXT(2) 
PARAMETRIC_REPRESENTATION_CONTEXT() REPRESENTATION_CONTEXT('2D SPACE',''
  ) );
#2016 = ORIENTED_EDGE('',*,*,#2017,.T.);
#2017 = EDGE_CURVE('',#1990,#2018,#2020,.T.);
#2018 = VERTEX_POINT('',#2019);
#2019 = CARTESIAN_POINT('',(-0.527098632813,-41.37182799228,
    9.439339722963));
#2020 = SURFACE_CURVE('',#2021,(#2025,#2032),.PCURVE_S1.);
#2021 = LINE('',#2022,#2023);
#2022 = CARTESIAN_POINT('',(-1.173901367188,-41.37182799228,
    9.439339722963));
#2023 = VECTOR('',#2024,1.);
#2024 = DIRECTION('',(1.,0.,0.));
#2025 = PCURVE('',#72,#2026);
#2026 = DEFINITIONAL_REPRESENTATION('',(#2027),#2031);
#2027 = LINE('',#2028,#2029);
#2028 = CARTESIAN_POINT('',(-1.173901367187,-23.38113970784));
#2029 = VECTOR('',#2030,1.);
#2030 = DIRECTION('',(1.,0.));
#2031 = ( GEOMETRIC_REPRESENTATION_CONTEXT(2) 
PARAMETRIC_REPRESENTATION_CONTEXT() REPRESENTATION_CONTEXT('2D SPACE',''
  ) );
#2032 = PCURVE('',#2033,#2038);
#2033 = PLANE('',#2034);
#2034 = AXIS2_PLACEMENT_3D('',#2035,#2036,#2037);
#2035 = CARTESIAN_POINT('',(-1.173901367188,-41.37182799228,
    9.439339722963));
#2036 = DIRECTION('',(0.,-0.342020143326,-0.939692620786));
#2037 = DIRECTION('',(1.,0.,0.));
#2038 = DEFINITIONAL_REPRESENTATION('',(#2039),#2043);
#2039 = LINE('',#2040,#2041);
#2040 = CARTESIAN_POINT('',(0.,-1.517648477336E-14));
#2041 = VECTOR('',#2042,1.);
#2042 = DIRECTION('',(1.,0.));
#2043 = ( GEOMETRIC_REPRESENTATION_CONTEXT(2) 
PARAMETRIC_REPRESENTATION_CONTEXT() REPRESENTATION_CONTEXT('2D SPACE',''
  ) );
#2044 = ORIENTED_EDGE('',*,*,#2045,.T.);
#2045 = EDGE_CURVE('',#2018,#2046,#2048,.T.);
#2046 = VERTEX_POINT('',#2047);
#2047 = CARTESIAN_POINT('',(0.686704101562,-42.08432341965,
    7.481774624814));
#2048 = SURFACE_CURVE('',#2049,(#2053,#2060),.PCURVE_S1.);
#2049 = LINE('',#2050,#2051);
#2050 = CARTESIAN_POINT('',(-0.527098632813,-41.37182799228,
    9.439339722963));
#2051 = VECTOR('',#2052,1.);
#2052 = DIRECTION('',(0.50343905886,-0.295515916414,-0.811923307437));
#2053 = PCURVE('',#72,#2054);
#2054 = DEFINITIONAL_REPRESENTATION('',(#2055),#2059);
#2055 = LINE('',#2056,#2057);
#2056 = CARTESIAN_POINT('',(-0.527098632812,-23.38113970784));
#2057 = VECTOR('',#2058,1.);
#2058 = DIRECTION('',(0.50343905886,-0.86403073673));
#2059 = ( GEOMETRIC_REPRESENTATION_CONTEXT(2) 
PARAMETRIC_REPRESENTATION_CONTEXT() REPRESENTATION_CONTEXT('2D SPACE',''
  ) );
#2060 = PCURVE('',#2061,#2066);
#2061 = PLANE('',#2062);
#2062 = AXIS2_PLACEMENT_3D('',#2063,#2064,#2065);
#2063 = CARTESIAN_POINT('',(-0.527098632813,-41.37182799228,
    9.439339722963));
#2064 = DIRECTION('',(-0.86403073673,-0.172186299067,-0.473077968626));
#2065 = DIRECTION('',(0.50343905886,-0.295515916414,-0.811923307437));
#2066 = DEFINITIONAL_REPRESENTATION('',(#2067),#2071);
#2067 = LINE('',#2068,#2069);
#2068 = CARTESIAN_POINT('',(-3.819234539777E-15,-1.396138513175E-14));
#2069 = VECTOR('',#2070,1.);
#2070 = DIRECTION('',(1.,0.));
#2071 = ( GEOMETRIC_REPRESENTATION_CONTEXT(2) 
PARAMETRIC_REPRESENTATION_CONTEXT() REPRESENTATION_CONTEXT('2D SPACE',''
  ) );
#2072 = ORIENTED_EDGE('',*,*,#2073,.T.);
#2073 = EDGE_CURVE('',#2046,#2074,#2076,.T.);
#2074 = VERTEX_POINT('',#2075);
#2075 = CARTESIAN_POINT('',(0.686704101562,-41.37182799228,
    9.439339722963));
#2076 = SURFACE_CURVE('',#2077,(#2081,#2088),.PCURVE_S1.);
#2077 = LINE('',#2078,#2079);
#2078 = CARTESIAN_POINT('',(0.686704101562,-42.08432341965,
    7.481774624814));
#2079 = VECTOR('',#2080,1.);
#2080 = DIRECTION('',(0.,0.342020143326,0.939692620786));
#2081 = PCURVE('',#72,#2082);
#2082 = DEFINITIONAL_REPRESENTATION('',(#2083),#2087);
#2083 = LINE('',#2084,#2085);
#2084 = CARTESIAN_POINT('',(0.686704101563,-25.46433697347));
#2085 = VECTOR('',#2086,1.);
#2086 = DIRECTION('',(0.,1.));
#2087 = ( GEOMETRIC_REPRESENTATION_CONTEXT(2) 
PARAMETRIC_REPRESENTATION_CONTEXT() REPRESENTATION_CONTEXT('2D SPACE',''
  ) );
#2088 = PCURVE('',#2089,#2094);
#2089 = PLANE('',#2090);
#2090 = AXIS2_PLACEMENT_3D('',#2091,#2092,#2093);
#2091 = CARTESIAN_POINT('',(0.686704101562,-42.08432341965,
    7.481774624814));
#2092 = DIRECTION('',(1.,0.,0.));
#2093 = DIRECTION('',(0.,0.342020143326,0.939692620786));
#2094 = DEFINITIONAL_REPRESENTATION('',(#2095),#2099);
#2095 = LINE('',#2096,#2097);
#2096 = CARTESIAN_POINT('',(3.26481399017E-15,-6.373142745063E-15));
#2097 = VECTOR('',#2098,1.);
#2098 = DIRECTION('',(1.,0.));
#2099 = ( GEOMETRIC_REPRESENTATION_CONTEXT(2) 
PARAMETRIC_REPRESENTATION_CONTEXT() REPRESENTATION_CONTEXT('2D SPACE',''
  ) );
#2100 = ORIENTED_EDGE('',*,*,#2101,.T.);
#2101 = EDGE_CURVE('',#2074,#1848,#2102,.T.);
#2102 = SURFACE_CURVE('',#2103,(#2107,#2114),.PCURVE_S1.);
#2103 = LINE('',#2104,#2105);
#2104 = CARTESIAN_POINT('',(0.686704101562,-41.37182799228,
    9.439339722963));
#2105 = VECTOR('',#2106,1.);
#2106 = DIRECTION('',(1.,0.,0.));
#2107 = PCURVE('',#72,#2108);
#2108 = DEFINITIONAL_REPRESENTATION('',(#2109),#2113);
#2109 = LINE('',#2110,#2111);
#2110 = CARTESIAN_POINT('',(0.686704101563,-23.38113970784));
#2111 = VECTOR('',#2112,1.);
#2112 = DIRECTION('',(1.,0.));
#2113 = ( GEOMETRIC_REPRESENTATION_CONTEXT(2) 
PARAMETRIC_REPRESENTATION_CONTEXT() REPRESENTATION_CONTEXT('2D SPACE',''
  ) );
#2114 = PCURVE('',#2115,#2120);
#2115 = PLANE('',#2116);
#2116 = AXIS2_PLACEMENT_3D('',#2117,#2118,#2119);
#2117 = CARTESIAN_POINT('',(0.686704101562,-41.37182799228,
    9.439339722963));
#2118 = DIRECTION('',(0.,-0.342020143326,-0.939692620786));
#2119 = DIRECTION('',(1.,0.,0.));
#2120 = DEFINITIONAL_REPRESENTATION('',(#2121),#2125);
#2121 = LINE('',#2122,#2123);
#2122 = CARTESIAN_POINT('',(0.,-1.517648477336E-14));
#2123 = VECTOR('',#2124,1.);
#2124 = DIRECTION('',(1.,0.));
#2125 = ( GEOMETRIC_REPRESENTATION_CONTEXT(2) 
PARAMETRIC_REPRESENTATION_CONTEXT() REPRESENTATION_CONTEXT('2D SPACE',''
  ) );
#2126 = FACE_BOUND('',#2127,.T.);
#2127 = EDGE_LOOP('',(#2128,#2158,#2186,#2214,#2242,#2270,#2298,#2326));
#2128 = ORIENTED_EDGE('',*,*,#2129,.T.);
#2129 = EDGE_CURVE('',#2130,#2132,#2134,.T.);
#2130 = VERTEX_POINT('',#2131);
#2131 = CARTESIAN_POINT('',(4.370098632812,-42.41902620233,
    6.562186287169));
#2132 = VERTEX_POINT('',#2133);
#2133 = CARTESIAN_POINT('',(3.723309570312,-42.41902620233,
    6.562186287169));
#2134 = SURFACE_CURVE('',#2135,(#2139,#2146),.PCURVE_S1.);
#2135 = LINE('',#2136,#2137);
#2136 = CARTESIAN_POINT('',(4.370098632812,-42.41902620233,
    6.562186287169));
#2137 = VECTOR('',#2138,1.);
#2138 = DIRECTION('',(-1.,0.,0.));
#2139 = PCURVE('',#72,#2140);
#2140 = DEFINITIONAL_REPRESENTATION('',(#2141),#2145);
#2141 = LINE('',#2142,#2143);
#2142 = CARTESIAN_POINT('',(4.370098632813,-26.44294244222));
#2143 = VECTOR('',#2144,1.);
#2144 = DIRECTION('',(-1.,0.));
#2145 = ( GEOMETRIC_REPRESENTATION_CONTEXT(2) 
PARAMETRIC_REPRESENTATION_CONTEXT() REPRESENTATION_CONTEXT('2D SPACE',''
  ) );
#2146 = PCURVE('',#2147,#2152);
#2147 = PLANE('',#2148);
#2148 = AXIS2_PLACEMENT_3D('',#2149,#2150,#2151);
#2149 = CARTESIAN_POINT('',(4.370098632812,-42.41902620233,
    6.562186287169));
#2150 = DIRECTION('',(0.,0.342020143326,0.939692620786));
#2151 = DIRECTION('',(-1.,0.,0.));
#2152 = DEFINITIONAL_REPRESENTATION('',(#2153),#2157);
#2153 = LINE('',#2154,#2155);
#2154 = CARTESIAN_POINT('',(0.,-1.487270986296E-14));
#2155 = VECTOR('',#2156,1.);
#2156 = DIRECTION('',(1.,0.));
#2157 = ( GEOMETRIC_REPRESENTATION_CONTEXT(2) 
PARAMETRIC_REPRESENTATION_CONTEXT() REPRESENTATION_CONTEXT('2D SPACE',''
  ) );
#2158 = ORIENTED_EDGE('',*,*,#2159,.T.);
#2159 = EDGE_CURVE('',#2132,#2160,#2162,.T.);
#2160 = VERTEX_POINT('',#2161);
#2161 = CARTESIAN_POINT('',(3.521704101562,-42.20786483626,
    7.142347372298));
#2162 = SURFACE_CURVE('',#2163,(#2167,#2174),.PCURVE_S1.);
#2163 = LINE('',#2164,#2165);
#2164 = CARTESIAN_POINT('',(3.723309570312,-42.41902620233,
    6.562186287169));
#2165 = VECTOR('',#2166,1.);
#2166 = DIRECTION('',(-0.310411875198,0.325125087214,0.893273835618));
#2167 = PCURVE('',#72,#2168);
#2168 = DEFINITIONAL_REPRESENTATION('',(#2169),#2173);
#2169 = LINE('',#2170,#2171);
#2170 = CARTESIAN_POINT('',(3.723309570313,-26.44294244222));
#2171 = VECTOR('',#2172,1.);
#2172 = DIRECTION('',(-0.310411875198,0.950602160599));
#2173 = ( GEOMETRIC_REPRESENTATION_CONTEXT(2) 
PARAMETRIC_REPRESENTATION_CONTEXT() REPRESENTATION_CONTEXT('2D SPACE',''
  ) );
#2174 = PCURVE('',#2175,#2180);
#2175 = PLANE('',#2176);
#2176 = AXIS2_PLACEMENT_3D('',#2177,#2178,#2179);
#2177 = CARTESIAN_POINT('',(3.723309570312,-42.41902620233,
    6.562186287169));
#2178 = DIRECTION('',(0.950602160599,0.106167114045,0.291691748528));
#2179 = DIRECTION('',(-0.310411875198,0.325125087214,0.893273835618));
#2180 = DEFINITIONAL_REPRESENTATION('',(#2181),#2185);
#2181 = LINE('',#2182,#2183);
#2182 = CARTESIAN_POINT('',(5.033857071818E-15,-1.335383531094E-14));
#2183 = VECTOR('',#2184,1.);
#2184 = DIRECTION('',(1.,5.551115123126E-17));
#2185 = ( GEOMETRIC_REPRESENTATION_CONTEXT(2) 
PARAMETRIC_REPRESENTATION_CONTEXT() REPRESENTATION_CONTEXT('2D SPACE',''
  ) );
#2186 = ORIENTED_EDGE('',*,*,#2187,.T.);
#2187 = EDGE_CURVE('',#2160,#2188,#2190,.T.);
#2188 = VERTEX_POINT('',#2189);
#2189 = CARTESIAN_POINT('',(2.375098632813,-42.20786483626,
    7.142347372298));
#2190 = SURFACE_CURVE('',#2191,(#2195,#2202),.PCURVE_S1.);
#2191 = LINE('',#2192,#2193);
#2192 = CARTESIAN_POINT('',(3.521704101562,-42.20786483626,
    7.142347372298));
#2193 = VECTOR('',#2194,1.);
#2194 = DIRECTION('',(-1.,0.,0.));
#2195 = PCURVE('',#72,#2196);
#2196 = DEFINITIONAL_REPRESENTATION('',(#2197),#2201);
#2197 = LINE('',#2198,#2199);
#2198 = CARTESIAN_POINT('',(3.521704101563,-25.82554791097));
#2199 = VECTOR('',#2200,1.);
#2200 = DIRECTION('',(-1.,0.));
#2201 = ( GEOMETRIC_REPRESENTATION_CONTEXT(2) 
PARAMETRIC_REPRESENTATION_CONTEXT() REPRESENTATION_CONTEXT('2D SPACE',''
  ) );
#2202 = PCURVE('',#2203,#2208);
#2203 = PLANE('',#2204);
#2204 = AXIS2_PLACEMENT_3D('',#2205,#2206,#2207);
#2205 = CARTESIAN_POINT('',(3.521704101562,-42.20786483626,
    7.142347372298));
#2206 = DIRECTION('',(0.,0.342020143326,0.939692620786));
#2207 = DIRECTION('',(-1.,0.,0.));
#2208 = DEFINITIONAL_REPRESENTATION('',(#2209),#2213);
#2209 = LINE('',#2210,#2211);
#2210 = CARTESIAN_POINT('',(0.,-7.588242386682E-15));
#2211 = VECTOR('',#2212,1.);
#2212 = DIRECTION('',(1.,0.));
#2213 = ( GEOMETRIC_REPRESENTATION_CONTEXT(2) 
PARAMETRIC_REPRESENTATION_CONTEXT() REPRESENTATION_CONTEXT('2D SPACE',''
  ) );
#2214 = ORIENTED_EDGE('',*,*,#2215,.T.);
#2215 = EDGE_CURVE('',#2188,#2216,#2218,.T.);
#2216 = VERTEX_POINT('',#2217);
#2217 = CARTESIAN_POINT('',(2.169309570313,-42.41902620233,
    6.562186287169));
#2218 = SURFACE_CURVE('',#2219,(#2223,#2230),.PCURVE_S1.);
#2219 = LINE('',#2220,#2221);
#2220 = CARTESIAN_POINT('',(2.375098632813,-42.20786483626,
    7.142347372298));
#2221 = VECTOR('',#2222,1.);
#2222 = DIRECTION('',(-0.31621516108,-0.324470234586,-0.891474642809));
#2223 = PCURVE('',#72,#2224);
#2224 = DEFINITIONAL_REPRESENTATION('',(#2225),#2229);
#2225 = LINE('',#2226,#2227);
#2226 = CARTESIAN_POINT('',(2.375098632813,-25.82554791097));
#2227 = VECTOR('',#2228,1.);
#2228 = DIRECTION('',(-0.31621516108,-0.948687499603));
#2229 = ( GEOMETRIC_REPRESENTATION_CONTEXT(2) 
PARAMETRIC_REPRESENTATION_CONTEXT() REPRESENTATION_CONTEXT('2D SPACE',''
  ) );
#2230 = PCURVE('',#2231,#2236);
#2231 = PLANE('',#2232);
#2232 = AXIS2_PLACEMENT_3D('',#2233,#2234,#2235);
#2233 = CARTESIAN_POINT('',(2.375098632813,-42.20786483626,
    7.142347372298));
#2234 = DIRECTION('',(-0.948687499603,0.108151954714,0.297145053447));
#2235 = DIRECTION('',(-0.31621516108,-0.324470234586,-0.891474642809));
#2236 = DEFINITIONAL_REPRESENTATION('',(#2237),#2241);
#2237 = LINE('',#2238,#2239);
#2238 = CARTESIAN_POINT('',(-2.586355163604E-15,-6.676917655468E-15));
#2239 = VECTOR('',#2240,1.);
#2240 = DIRECTION('',(1.,0.));
#2241 = ( GEOMETRIC_REPRESENTATION_CONTEXT(2) 
PARAMETRIC_REPRESENTATION_CONTEXT() REPRESENTATION_CONTEXT('2D SPACE',''
  ) );
#2242 = ORIENTED_EDGE('',*,*,#2243,.T.);
#2243 = EDGE_CURVE('',#2216,#2244,#2246,.T.);
#2244 = VERTEX_POINT('',#2245);
#2245 = CARTESIAN_POINT('',(1.526704101563,-42.41902620233,
    6.562186287169));
#2246 = SURFACE_CURVE('',#2247,(#2251,#2258),.PCURVE_S1.);
#2247 = LINE('',#2248,#2249);
#2248 = CARTESIAN_POINT('',(2.169309570313,-42.41902620233,
    6.562186287169));
#2249 = VECTOR('',#2250,1.);
#2250 = DIRECTION('',(-1.,0.,0.));
#2251 = PCURVE('',#72,#2252);
#2252 = DEFINITIONAL_REPRESENTATION('',(#2253),#2257);
#2253 = LINE('',#2254,#2255);
#2254 = CARTESIAN_POINT('',(2.169309570313,-26.44294244222));
#2255 = VECTOR('',#2256,1.);
#2256 = DIRECTION('',(-1.,0.));
#2257 = ( GEOMETRIC_REPRESENTATION_CONTEXT(2) 
PARAMETRIC_REPRESENTATION_CONTEXT() REPRESENTATION_CONTEXT('2D SPACE',''
  ) );
#2258 = PCURVE('',#2259,#2264);
#2259 = PLANE('',#2260);
#2260 = AXIS2_PLACEMENT_3D('',#2261,#2262,#2263);
#2261 = CARTESIAN_POINT('',(2.169309570313,-42.41902620233,
    6.562186287169));
#2262 = DIRECTION('',(0.,0.342020143326,0.939692620786));
#2263 = DIRECTION('',(-1.,0.,0.));
#2264 = DEFINITIONAL_REPRESENTATION('',(#2265),#2269);
#2265 = LINE('',#2266,#2267);
#2266 = CARTESIAN_POINT('',(0.,-1.487270986296E-14));
#2267 = VECTOR('',#2268,1.);
#2268 = DIRECTION('',(1.,0.));
#2269 = ( GEOMETRIC_REPRESENTATION_CONTEXT(2) 
PARAMETRIC_REPRESENTATION_CONTEXT() REPRESENTATION_CONTEXT('2D SPACE',''
  ) );
#2270 = ORIENTED_EDGE('',*,*,#2271,.T.);
#2271 = EDGE_CURVE('',#2244,#2272,#2274,.T.);
#2272 = VERTEX_POINT('',#2273);
#2273 = CARTESIAN_POINT('',(2.614506835938,-41.37182799228,
    9.439339722963));
#2274 = SURFACE_CURVE('',#2275,(#2279,#2286),.PCURVE_S1.);
#2275 = LINE('',#2276,#2277);
#2276 = CARTESIAN_POINT('',(1.526704101563,-42.41902620233,
    6.562186287169));
#2277 = VECTOR('',#2278,1.);
#2278 = DIRECTION('',(0.334780635764,0.322284244608,0.885468684706));
#2279 = PCURVE('',#72,#2280);
#2280 = DEFINITIONAL_REPRESENTATION('',(#2281),#2285);
#2281 = LINE('',#2282,#2283);
#2282 = CARTESIAN_POINT('',(1.526704101563,-26.44294244222));
#2283 = VECTOR('',#2284,1.);
#2284 = DIRECTION('',(0.334780635764,0.942296092488));
#2285 = ( GEOMETRIC_REPRESENTATION_CONTEXT(2) 
PARAMETRIC_REPRESENTATION_CONTEXT() REPRESENTATION_CONTEXT('2D SPACE',''
  ) );
#2286 = PCURVE('',#2287,#2292);
#2287 = PLANE('',#2288);
#2288 = AXIS2_PLACEMENT_3D('',#2289,#2290,#2291);
#2289 = CARTESIAN_POINT('',(1.526704101563,-42.41902620233,
    6.562186287169));
#2290 = DIRECTION('',(0.942296092488,-0.114501721027,-0.31459089301));
#2291 = DIRECTION('',(0.334780635764,0.322284244608,0.885468684706));
#2292 = DEFINITIONAL_REPRESENTATION('',(#2293),#2297);
#2293 = LINE('',#2294,#2295);
#2294 = CARTESIAN_POINT('',(4.313834038078E-15,-1.365761022134E-14));
#2295 = VECTOR('',#2296,1.);
#2296 = DIRECTION('',(1.,5.551115123126E-17));
#2297 = ( GEOMETRIC_REPRESENTATION_CONTEXT(2) 
PARAMETRIC_REPRESENTATION_CONTEXT() REPRESENTATION_CONTEXT('2D SPACE',''
  ) );
#2298 = ORIENTED_EDGE('',*,*,#2299,.T.);
#2299 = EDGE_CURVE('',#2272,#2300,#2302,.T.);
#2300 = VERTEX_POINT('',#2301);
#2301 = CARTESIAN_POINT('',(3.311704101562,-41.37182799228,
    9.439339722963));
#2302 = SURFACE_CURVE('',#2303,(#2307,#2314),.PCURVE_S1.);
#2303 = LINE('',#2304,#2305);
#2304 = CARTESIAN_POINT('',(2.614506835938,-41.37182799228,
    9.439339722963));
#2305 = VECTOR('',#2306,1.);
#2306 = DIRECTION('',(1.,0.,0.));
#2307 = PCURVE('',#72,#2308);
#2308 = DEFINITIONAL_REPRESENTATION('',(#2309),#2313);
#2309 = LINE('',#2310,#2311);
#2310 = CARTESIAN_POINT('',(2.614506835938,-23.38113970784));
#2311 = VECTOR('',#2312,1.);
#2312 = DIRECTION('',(1.,0.));
#2313 = ( GEOMETRIC_REPRESENTATION_CONTEXT(2) 
PARAMETRIC_REPRESENTATION_CONTEXT() REPRESENTATION_CONTEXT('2D SPACE',''
  ) );
#2314 = PCURVE('',#2315,#2320);
#2315 = PLANE('',#2316);
#2316 = AXIS2_PLACEMENT_3D('',#2317,#2318,#2319);
#2317 = CARTESIAN_POINT('',(2.614506835938,-41.37182799228,
    9.439339722963));
#2318 = DIRECTION('',(0.,-0.342020143326,-0.939692620786));
#2319 = DIRECTION('',(1.,0.,0.));
#2320 = DEFINITIONAL_REPRESENTATION('',(#2321),#2325);
#2321 = LINE('',#2322,#2323);
#2322 = CARTESIAN_POINT('',(0.,-1.517648477336E-14));
#2323 = VECTOR('',#2324,1.);
#2324 = DIRECTION('',(1.,0.));
#2325 = ( GEOMETRIC_REPRESENTATION_CONTEXT(2) 
PARAMETRIC_REPRESENTATION_CONTEXT() REPRESENTATION_CONTEXT('2D SPACE',''
  ) );
#2326 = ORIENTED_EDGE('',*,*,#2327,.T.);
#2327 = EDGE_CURVE('',#2300,#2130,#2328,.T.);
#2328 = SURFACE_CURVE('',#2329,(#2333,#2340),.PCURVE_S1.);
#2329 = LINE('',#2330,#2331);
#2330 = CARTESIAN_POINT('',(3.311704101562,-41.37182799228,
    9.439339722963));
#2331 = VECTOR('',#2332,1.);
#2332 = DIRECTION('',(0.326708008501,-0.323251898615,-0.888127292241));
#2333 = PCURVE('',#72,#2334);
#2334 = DEFINITIONAL_REPRESENTATION('',(#2335),#2339);
#2335 = LINE('',#2336,#2337);
#2336 = CARTESIAN_POINT('',(3.311704101563,-23.38113970784));
#2337 = VECTOR('',#2338,1.);
#2338 = DIRECTION('',(0.326708008501,-0.945125323532));
#2339 = ( GEOMETRIC_REPRESENTATION_CONTEXT(2) 
PARAMETRIC_REPRESENTATION_CONTEXT() REPRESENTATION_CONTEXT('2D SPACE',''
  ) );
#2340 = PCURVE('',#2341,#2346);
#2341 = PLANE('',#2342);
#2342 = AXIS2_PLACEMENT_3D('',#2343,#2344,#2345);
#2343 = CARTESIAN_POINT('',(3.311704101562,-41.37182799228,
    9.439339722963));
#2344 = DIRECTION('',(-0.945125323532,-0.111740719893,-0.30700510474));
#2345 = DIRECTION('',(0.326708008501,-0.323251898615,-0.888127292241));
#2346 = DEFINITIONAL_REPRESENTATION('',(#2347),#2351);
#2347 = LINE('',#2348,#2349);
#2348 = CARTESIAN_POINT('',(-5.028948271673E-15,-1.335383531094E-14));
#2349 = VECTOR('',#2350,1.);
#2350 = DIRECTION('',(1.,0.));
#2351 = ( GEOMETRIC_REPRESENTATION_CONTEXT(2) 
PARAMETRIC_REPRESENTATION_CONTEXT() REPRESENTATION_CONTEXT('2D SPACE',''
  ) );
#2352 = FACE_BOUND('',#2353,.T.);
#2353 = EDGE_LOOP('',(#2354,#2386,#2416,#2446,#2476,#2506,#2534,#2562,
    #2590,#2618,#2646,#2676,#2706,#2736,#2766,#2796,#2826,#2856,#2886,
    #2916,#2946,#2976,#3006,#3034,#3062));
#2354 = ORIENTED_EDGE('',*,*,#2355,.T.);
#2355 = EDGE_CURVE('',#2356,#2358,#2360,.T.);
#2356 = VERTEX_POINT('',#2357);
#2357 = CARTESIAN_POINT('',(6.501598632813,-42.34720197223,
    6.759521737534));
#2358 = VERTEX_POINT('',#2359);
#2359 = CARTESIAN_POINT('',(6.482704101563,-42.23946562708,
    7.055524913082));
#2360 = SURFACE_CURVE('',#2361,(#2365,#2372),.PCURVE_S1.);
#2361 = B_SPLINE_CURVE_WITH_KNOTS('',2,(#2362,#2363,#2364),
  .UNSPECIFIED.,.F.,.F.,(3,3),(0.,1.),.PIECEWISE_BEZIER_KNOTS.);
#2362 = CARTESIAN_POINT('',(6.501598632813,-42.34720197223,
    6.759521737534));
#2363 = CARTESIAN_POINT('',(6.482704101563,-42.31272540657,
    6.854245323181));
#2364 = CARTESIAN_POINT('',(6.482704101563,-42.23946562708,
    7.055524913082));
#2365 = PCURVE('',#72,#2366);
#2366 = DEFINITIONAL_REPRESENTATION('',(#2367),#2371);
#2367 = B_SPLINE_CURVE_WITH_KNOTS('',2,(#2368,#2369,#2370),
  .UNSPECIFIED.,.F.,.F.,(3,3),(0.,1.),.PIECEWISE_BEZIER_KNOTS.);
#2368 = CARTESIAN_POINT('',(6.501598632813,-26.23294244222));
#2369 = CARTESIAN_POINT('',(6.482704101563,-26.13213970784));
#2370 = CARTESIAN_POINT('',(6.482704101563,-25.91794244222));
#2371 = ( GEOMETRIC_REPRESENTATION_CONTEXT(2) 
PARAMETRIC_REPRESENTATION_CONTEXT() REPRESENTATION_CONTEXT('2D SPACE',''
  ) );
#2372 = PCURVE('',#2373,#2380);
#2373 = SURFACE_OF_LINEAR_EXTRUSION('',#2374,#2378);
#2374 = B_SPLINE_CURVE_WITH_KNOTS('',2,(#2375,#2376,#2377),
  .UNSPECIFIED.,.F.,.F.,(3,3),(0.,1.),.PIECEWISE_BEZIER_KNOTS.);
#2375 = CARTESIAN_POINT('',(6.501598632813,-42.34720197223,
    6.759521737534));
#2376 = CARTESIAN_POINT('',(6.482704101563,-42.31272540657,
    6.854245323181));
#2377 = CARTESIAN_POINT('',(6.482704101563,-42.23946562708,
    7.055524913082));
#2378 = VECTOR('',#2379,1.);
#2379 = DIRECTION('',(0.,-0.939692620786,0.342020143326));
#2380 = DEFINITIONAL_REPRESENTATION('',(#2381),#2385);
#2381 = LINE('',#2382,#2383);
#2382 = CARTESIAN_POINT('',(0.,0.));
#2383 = VECTOR('',#2384,1.);
#2384 = DIRECTION('',(1.,0.));
#2385 = ( GEOMETRIC_REPRESENTATION_CONTEXT(2) 
PARAMETRIC_REPRESENTATION_CONTEXT() REPRESENTATION_CONTEXT('2D SPACE',''
  ) );
#2386 = ORIENTED_EDGE('',*,*,#2387,.T.);
#2387 = EDGE_CURVE('',#2358,#2388,#2390,.T.);
#2388 = VERTEX_POINT('',#2389);
#2389 = CARTESIAN_POINT('',(6.486901367188,-42.17195038318,
    7.241021521161));
#2390 = SURFACE_CURVE('',#2391,(#2395,#2402),.PCURVE_S1.);
#2391 = B_SPLINE_CURVE_WITH_KNOTS('',2,(#2392,#2393,#2394),
  .UNSPECIFIED.,.F.,.F.,(3,3),(0.,1.),.PIECEWISE_BEZIER_KNOTS.);
#2392 = CARTESIAN_POINT('',(6.482704101563,-42.23946562708,
    7.055524913082));
#2393 = CARTESIAN_POINT('',(6.482704101563,-42.19637108902,
    7.173926183301));
#2394 = CARTESIAN_POINT('',(6.486901367188,-42.17195038318,
    7.241021521161));
#2395 = PCURVE('',#72,#2396);
#2396 = DEFINITIONAL_REPRESENTATION('',(#2397),#2401);
#2397 = B_SPLINE_CURVE_WITH_KNOTS('',2,(#2398,#2399,#2400),
  .UNSPECIFIED.,.F.,.F.,(3,3),(0.,1.),.PIECEWISE_BEZIER_KNOTS.);
#2398 = CARTESIAN_POINT('',(6.482704101563,-25.91794244222));
#2399 = CARTESIAN_POINT('',(6.482704101563,-25.79194244222));
#2400 = CARTESIAN_POINT('',(6.486901367188,-25.72054107503));
#2401 = ( GEOMETRIC_REPRESENTATION_CONTEXT(2) 
PARAMETRIC_REPRESENTATION_CONTEXT() REPRESENTATION_CONTEXT('2D SPACE',''
  ) );
#2402 = PCURVE('',#2403,#2410);
#2403 = SURFACE_OF_LINEAR_EXTRUSION('',#2404,#2408);
#2404 = B_SPLINE_CURVE_WITH_KNOTS('',2,(#2405,#2406,#2407),
  .UNSPECIFIED.,.F.,.F.,(3,3),(0.,1.),.PIECEWISE_BEZIER_KNOTS.);
#2405 = CARTESIAN_POINT('',(6.482704101563,-42.23946562708,
    7.055524913082));
#2406 = CARTESIAN_POINT('',(6.482704101563,-42.19637108902,
    7.173926183301));
#2407 = CARTESIAN_POINT('',(6.486901367188,-42.17195038318,
    7.241021521161));
#2408 = VECTOR('',#2409,1.);
#2409 = DIRECTION('',(0.,-0.939692620786,0.342020143326));
#2410 = DEFINITIONAL_REPRESENTATION('',(#2411),#2415);
#2411 = LINE('',#2412,#2413);
#2412 = CARTESIAN_POINT('',(0.,0.));
#2413 = VECTOR('',#2414,1.);
#2414 = DIRECTION('',(1.,0.));
#2415 = ( GEOMETRIC_REPRESENTATION_CONTEXT(2) 
PARAMETRIC_REPRESENTATION_CONTEXT() REPRESENTATION_CONTEXT('2D SPACE',''
  ) );
#2416 = ORIENTED_EDGE('',*,*,#2417,.T.);
#2417 = EDGE_CURVE('',#2388,#2418,#2420,.T.);
#2418 = VERTEX_POINT('',#2419);
#2419 = CARTESIAN_POINT('',(6.491098632813,-42.12885818315,7.3594163677)
  );
#2420 = SURFACE_CURVE('',#2421,(#2425,#2432),.PCURVE_S1.);
#2421 = B_SPLINE_CURVE_WITH_KNOTS('',2,(#2422,#2423,#2424),
  .UNSPECIFIED.,.F.,.F.,(3,3),(0.,1.),.PIECEWISE_BEZIER_KNOTS.);
#2422 = CARTESIAN_POINT('',(6.486901367188,-42.17195038318,
    7.241021521161));
#2423 = CARTESIAN_POINT('',(6.491098632813,-42.14752967735,
    7.308116859021));
#2424 = CARTESIAN_POINT('',(6.491098632813,-42.12885818315,7.3594163677)
  );
#2425 = PCURVE('',#72,#2426);
#2426 = DEFINITIONAL_REPRESENTATION('',(#2427),#2431);
#2427 = B_SPLINE_CURVE_WITH_KNOTS('',2,(#2428,#2429,#2430),
  .UNSPECIFIED.,.F.,.F.,(3,3),(0.,1.),.PIECEWISE_BEZIER_KNOTS.);
#2428 = CARTESIAN_POINT('',(6.486901367188,-25.72054107503));
#2429 = CARTESIAN_POINT('',(6.491098632813,-25.64913970784));
#2430 = CARTESIAN_POINT('',(6.491098632813,-25.59454791097));
#2431 = ( GEOMETRIC_REPRESENTATION_CONTEXT(2) 
PARAMETRIC_REPRESENTATION_CONTEXT() REPRESENTATION_CONTEXT('2D SPACE',''
  ) );
#2432 = PCURVE('',#2433,#2440);
#2433 = SURFACE_OF_LINEAR_EXTRUSION('',#2434,#2438);
#2434 = B_SPLINE_CURVE_WITH_KNOTS('',2,(#2435,#2436,#2437),
  .UNSPECIFIED.,.F.,.F.,(3,3),(0.,1.),.PIECEWISE_BEZIER_KNOTS.);
#2435 = CARTESIAN_POINT('',(6.486901367188,-42.17195038318,
    7.241021521161));
#2436 = CARTESIAN_POINT('',(6.491098632813,-42.14752967735,
    7.308116859021));
#2437 = CARTESIAN_POINT('',(6.491098632813,-42.12885818315,7.3594163677)
  );
#2438 = VECTOR('',#2439,1.);
#2439 = DIRECTION('',(0.,-0.939692620786,0.342020143326));
#2440 = DEFINITIONAL_REPRESENTATION('',(#2441),#2445);
#2441 = LINE('',#2442,#2443);
#2442 = CARTESIAN_POINT('',(0.,0.));
#2443 = VECTOR('',#2444,1.);
#2444 = DIRECTION('',(1.,0.));
#2445 = ( GEOMETRIC_REPRESENTATION_CONTEXT(2) 
PARAMETRIC_REPRESENTATION_CONTEXT() REPRESENTATION_CONTEXT('2D SPACE',''
  ) );
#2446 = ORIENTED_EDGE('',*,*,#2447,.T.);
#2447 = EDGE_CURVE('',#2418,#2448,#2450,.T.);
#2448 = VERTEX_POINT('',#2449);
#2449 = CARTESIAN_POINT('',(6.398697265625,-42.03332868388,
    7.621881509837));
#2450 = SURFACE_CURVE('',#2451,(#2455,#2462),.PCURVE_S1.);
#2451 = B_SPLINE_CURVE_WITH_KNOTS('',2,(#2452,#2453,#2454),
  .UNSPECIFIED.,.F.,.F.,(3,3),(0.,1.),.PIECEWISE_BEZIER_KNOTS.);
#2452 = CARTESIAN_POINT('',(6.491098632813,-42.12885818315,7.3594163677)
  );
#2453 = CARTESIAN_POINT('',(6.491098632813,-42.06277615062,
    7.540975259924));
#2454 = CARTESIAN_POINT('',(6.398697265625,-42.03332868388,
    7.621881509837));
#2455 = PCURVE('',#72,#2456);
#2456 = DEFINITIONAL_REPRESENTATION('',(#2457),#2461);
#2457 = B_SPLINE_CURVE_WITH_KNOTS('',2,(#2458,#2459,#2460),
  .UNSPECIFIED.,.F.,.F.,(3,3),(0.,1.),.PIECEWISE_BEZIER_KNOTS.);
#2458 = CARTESIAN_POINT('',(6.491098632813,-25.59454791097));
#2459 = CARTESIAN_POINT('',(6.491098632813,-25.40133697347));
#2460 = CARTESIAN_POINT('',(6.398697265625,-25.31523834065));
#2461 = ( GEOMETRIC_REPRESENTATION_CONTEXT(2) 
PARAMETRIC_REPRESENTATION_CONTEXT() REPRESENTATION_CONTEXT('2D SPACE',''
  ) );
#2462 = PCURVE('',#2463,#2470);
#2463 = SURFACE_OF_LINEAR_EXTRUSION('',#2464,#2468);
#2464 = B_SPLINE_CURVE_WITH_KNOTS('',2,(#2465,#2466,#2467),
  .UNSPECIFIED.,.F.,.F.,(3,3),(0.,1.),.PIECEWISE_BEZIER_KNOTS.);
#2465 = CARTESIAN_POINT('',(6.491098632813,-42.12885818315,7.3594163677)
  );
#2466 = CARTESIAN_POINT('',(6.491098632813,-42.06277615062,
    7.540975259924));
#2467 = CARTESIAN_POINT('',(6.398697265625,-42.03332868388,
    7.621881509837));
#2468 = VECTOR('',#2469,1.);
#2469 = DIRECTION('',(0.,-0.939692620786,0.342020143326));
#2470 = DEFINITIONAL_REPRESENTATION('',(#2471),#2475);
#2471 = LINE('',#2472,#2473);
#2472 = CARTESIAN_POINT('',(0.,0.));
#2473 = VECTOR('',#2474,1.);
#2474 = DIRECTION('',(1.,0.));
#2475 = ( GEOMETRIC_REPRESENTATION_CONTEXT(2) 
PARAMETRIC_REPRESENTATION_CONTEXT() REPRESENTATION_CONTEXT('2D SPACE',''
  ) );
#2476 = ORIENTED_EDGE('',*,*,#2477,.T.);
#2477 = EDGE_CURVE('',#2448,#2478,#2480,.T.);
#2478 = VERTEX_POINT('',#2479);
#2479 = CARTESIAN_POINT('',(6.100493164063,-42.00388121715,
    7.702787759751));
#2480 = SURFACE_CURVE('',#2481,(#2485,#2492),.PCURVE_S1.);
#2481 = B_SPLINE_CURVE_WITH_KNOTS('',2,(#2482,#2483,#2484),
  .UNSPECIFIED.,.F.,.F.,(3,3),(0.,1.),.PIECEWISE_BEZIER_KNOTS.);
#2482 = CARTESIAN_POINT('',(6.398697265625,-42.03332868388,
    7.621881509837));
#2483 = CARTESIAN_POINT('',(6.306295898438,-42.00388121715,
    7.702787759751));
#2484 = CARTESIAN_POINT('',(6.100493164063,-42.00388121715,
    7.702787759751));
#2485 = PCURVE('',#72,#2486);
#2486 = DEFINITIONAL_REPRESENTATION('',(#2487),#2491);
#2487 = B_SPLINE_CURVE_WITH_KNOTS('',2,(#2488,#2489,#2490),
  .UNSPECIFIED.,.F.,.F.,(3,3),(0.,1.),.PIECEWISE_BEZIER_KNOTS.);
#2488 = CARTESIAN_POINT('',(6.398697265625,-25.31523834065));
#2489 = CARTESIAN_POINT('',(6.306295898438,-25.22913970784));
#2490 = CARTESIAN_POINT('',(6.100493164063,-25.22913970784));
#2491 = ( GEOMETRIC_REPRESENTATION_CONTEXT(2) 
PARAMETRIC_REPRESENTATION_CONTEXT() REPRESENTATION_CONTEXT('2D SPACE',''
  ) );
#2492 = PCURVE('',#2493,#2500);
#2493 = SURFACE_OF_LINEAR_EXTRUSION('',#2494,#2498);
#2494 = B_SPLINE_CURVE_WITH_KNOTS('',2,(#2495,#2496,#2497),
  .UNSPECIFIED.,.F.,.F.,(3,3),(0.,1.),.PIECEWISE_BEZIER_KNOTS.);
#2495 = CARTESIAN_POINT('',(6.398697265625,-42.03332868388,
    7.621881509837));
#2496 = CARTESIAN_POINT('',(6.306295898438,-42.00388121715,
    7.702787759751));
#2497 = CARTESIAN_POINT('',(6.100493164063,-42.00388121715,
    7.702787759751));
#2498 = VECTOR('',#2499,1.);
#2499 = DIRECTION('',(0.,-0.939692620786,0.342020143326));
#2500 = DEFINITIONAL_REPRESENTATION('',(#2501),#2505);
#2501 = LINE('',#2502,#2503);
#2502 = CARTESIAN_POINT('',(0.,0.));
#2503 = VECTOR('',#2504,1.);
#2504 = DIRECTION('',(1.,0.));
#2505 = ( GEOMETRIC_REPRESENTATION_CONTEXT(2) 
PARAMETRIC_REPRESENTATION_CONTEXT() REPRESENTATION_CONTEXT('2D SPACE',''
  ) );
#2506 = ORIENTED_EDGE('',*,*,#2507,.T.);
#2507 = EDGE_CURVE('',#2478,#2508,#2510,.T.);
#2508 = VERTEX_POINT('',#2509);
#2509 = CARTESIAN_POINT('',(5.378098632813,-42.00388121715,
    7.702787759751));
#2510 = SURFACE_CURVE('',#2511,(#2515,#2522),.PCURVE_S1.);
#2511 = LINE('',#2512,#2513);
#2512 = CARTESIAN_POINT('',(6.100493164063,-42.00388121715,
    7.702787759751));
#2513 = VECTOR('',#2514,1.);
#2514 = DIRECTION('',(-1.,0.,0.));
#2515 = PCURVE('',#72,#2516);
#2516 = DEFINITIONAL_REPRESENTATION('',(#2517),#2521);
#2517 = LINE('',#2518,#2519);
#2518 = CARTESIAN_POINT('',(6.100493164063,-25.22913970784));
#2519 = VECTOR('',#2520,1.);
#2520 = DIRECTION('',(-1.,0.));
#2521 = ( GEOMETRIC_REPRESENTATION_CONTEXT(2) 
PARAMETRIC_REPRESENTATION_CONTEXT() REPRESENTATION_CONTEXT('2D SPACE',''
  ) );
#2522 = PCURVE('',#2523,#2528);
#2523 = PLANE('',#2524);
#2524 = AXIS2_PLACEMENT_3D('',#2525,#2526,#2527);
#2525 = CARTESIAN_POINT('',(6.100493164063,-42.00388121715,
    7.702787759751));
#2526 = DIRECTION('',(0.,0.342020143326,0.939692620786));
#2527 = DIRECTION('',(-1.,0.,0.));
#2528 = DEFINITIONAL_REPRESENTATION('',(#2529),#2533);
#2529 = LINE('',#2530,#2531);
#2530 = CARTESIAN_POINT('',(0.,-7.588242386682E-15));
#2531 = VECTOR('',#2532,1.);
#2532 = DIRECTION('',(1.,0.));
#2533 = ( GEOMETRIC_REPRESENTATION_CONTEXT(2) 
PARAMETRIC_REPRESENTATION_CONTEXT() REPRESENTATION_CONTEXT('2D SPACE',''
  ) );
#2534 = ORIENTED_EDGE('',*,*,#2535,.T.);
#2535 = EDGE_CURVE('',#2508,#2536,#2538,.T.);
#2536 = VERTEX_POINT('',#2537);
#2537 = CARTESIAN_POINT('',(5.378098632813,-42.41902620233,
    6.562186287169));
#2538 = SURFACE_CURVE('',#2539,(#2543,#2550),.PCURVE_S1.);
#2539 = LINE('',#2540,#2541);
#2540 = CARTESIAN_POINT('',(5.378098632813,-42.00388121715,
    7.702787759751));
#2541 = VECTOR('',#2542,1.);
#2542 = DIRECTION('',(0.,-0.342020143326,-0.939692620786));
#2543 = PCURVE('',#72,#2544);
#2544 = DEFINITIONAL_REPRESENTATION('',(#2545),#2549);
#2545 = LINE('',#2546,#2547);
#2546 = CARTESIAN_POINT('',(5.378098632813,-25.22913970784));
#2547 = VECTOR('',#2548,1.);
#2548 = DIRECTION('',(0.,-1.));
#2549 = ( GEOMETRIC_REPRESENTATION_CONTEXT(2) 
PARAMETRIC_REPRESENTATION_CONTEXT() REPRESENTATION_CONTEXT('2D SPACE',''
  ) );
#2550 = PCURVE('',#2551,#2556);
#2551 = PLANE('',#2552);
#2552 = AXIS2_PLACEMENT_3D('',#2553,#2554,#2555);
#2553 = CARTESIAN_POINT('',(5.378098632813,-42.00388121715,
    7.702787759751));
#2554 = DIRECTION('',(-1.,0.,0.));
#2555 = DIRECTION('',(0.,-0.342020143326,-0.939692620786));
#2556 = DEFINITIONAL_REPRESENTATION('',(#2557),#2561);
#2557 = LINE('',#2558,#2559);
#2558 = CARTESIAN_POINT('',(-2.430199283237E-15,-6.676917655468E-15));
#2559 = VECTOR('',#2560,1.);
#2560 = DIRECTION('',(1.,0.));
#2561 = ( GEOMETRIC_REPRESENTATION_CONTEXT(2) 
PARAMETRIC_REPRESENTATION_CONTEXT() REPRESENTATION_CONTEXT('2D SPACE',''
  ) );
#2562 = ORIENTED_EDGE('',*,*,#2563,.T.);
#2563 = EDGE_CURVE('',#2536,#2564,#2566,.T.);
#2564 = VERTEX_POINT('',#2565);
#2565 = CARTESIAN_POINT('',(4.748098632813,-42.41902620233,
    6.562186287169));
#2566 = SURFACE_CURVE('',#2567,(#2571,#2578),.PCURVE_S1.);
#2567 = LINE('',#2568,#2569);
#2568 = CARTESIAN_POINT('',(5.378098632813,-42.41902620233,
    6.562186287169));
#2569 = VECTOR('',#2570,1.);
#2570 = DIRECTION('',(-1.,0.,0.));
#2571 = PCURVE('',#72,#2572);
#2572 = DEFINITIONAL_REPRESENTATION('',(#2573),#2577);
#2573 = LINE('',#2574,#2575);
#2574 = CARTESIAN_POINT('',(5.378098632813,-26.44294244222));
#2575 = VECTOR('',#2576,1.);
#2576 = DIRECTION('',(-1.,0.));
#2577 = ( GEOMETRIC_REPRESENTATION_CONTEXT(2) 
PARAMETRIC_REPRESENTATION_CONTEXT() REPRESENTATION_CONTEXT('2D SPACE',''
  ) );
#2578 = PCURVE('',#2579,#2584);
#2579 = PLANE('',#2580);
#2580 = AXIS2_PLACEMENT_3D('',#2581,#2582,#2583);
#2581 = CARTESIAN_POINT('',(5.378098632813,-42.41902620233,
    6.562186287169));
#2582 = DIRECTION('',(0.,0.342020143326,0.939692620786));
#2583 = DIRECTION('',(-1.,0.,0.));
#2584 = DEFINITIONAL_REPRESENTATION('',(#2585),#2589);
#2585 = LINE('',#2586,#2587);
#2586 = CARTESIAN_POINT('',(0.,-1.487270986296E-14));
#2587 = VECTOR('',#2588,1.);
#2588 = DIRECTION('',(1.,0.));
#2589 = ( GEOMETRIC_REPRESENTATION_CONTEXT(2) 
PARAMETRIC_REPRESENTATION_CONTEXT() REPRESENTATION_CONTEXT('2D SPACE',''
  ) );
#2590 = ORIENTED_EDGE('',*,*,#2591,.T.);
#2591 = EDGE_CURVE('',#2564,#2592,#2594,.T.);
#2592 = VERTEX_POINT('',#2593);
#2593 = CARTESIAN_POINT('',(4.748098632813,-41.37182799228,
    9.439339722963));
#2594 = SURFACE_CURVE('',#2595,(#2599,#2606),.PCURVE_S1.);
#2595 = LINE('',#2596,#2597);
#2596 = CARTESIAN_POINT('',(4.748098632813,-42.41902620233,
    6.562186287169));
#2597 = VECTOR('',#2598,1.);
#2598 = DIRECTION('',(0.,0.342020143326,0.939692620786));
#2599 = PCURVE('',#72,#2600);
#2600 = DEFINITIONAL_REPRESENTATION('',(#2601),#2605);
#2601 = LINE('',#2602,#2603);
#2602 = CARTESIAN_POINT('',(4.748098632813,-26.44294244222));
#2603 = VECTOR('',#2604,1.);
#2604 = DIRECTION('',(0.,1.));
#2605 = ( GEOMETRIC_REPRESENTATION_CONTEXT(2) 
PARAMETRIC_REPRESENTATION_CONTEXT() REPRESENTATION_CONTEXT('2D SPACE',''
  ) );
#2606 = PCURVE('',#2607,#2612);
#2607 = PLANE('',#2608);
#2608 = AXIS2_PLACEMENT_3D('',#2609,#2610,#2611);
#2609 = CARTESIAN_POINT('',(4.748098632813,-42.41902620233,
    6.562186287169));
#2610 = DIRECTION('',(1.,0.,0.));
#2611 = DIRECTION('',(0.,0.342020143326,0.939692620786));
#2612 = DEFINITIONAL_REPRESENTATION('',(#2613),#2617);
#2613 = LINE('',#2614,#2615);
#2614 = CARTESIAN_POINT('',(4.860398566474E-15,-1.335383531094E-14));
#2615 = VECTOR('',#2616,1.);
#2616 = DIRECTION('',(1.,0.));
#2617 = ( GEOMETRIC_REPRESENTATION_CONTEXT(2) 
PARAMETRIC_REPRESENTATION_CONTEXT() REPRESENTATION_CONTEXT('2D SPACE',''
  ) );
#2618 = ORIENTED_EDGE('',*,*,#2619,.T.);
#2619 = EDGE_CURVE('',#2592,#2620,#2622,.T.);
#2620 = VERTEX_POINT('',#2621);
#2621 = CARTESIAN_POINT('',(6.390295898438,-41.37182799228,
    9.439339722963));
#2622 = SURFACE_CURVE('',#2623,(#2627,#2634),.PCURVE_S1.);
#2623 = LINE('',#2624,#2625);
#2624 = CARTESIAN_POINT('',(4.748098632813,-41.37182799228,
    9.439339722963));
#2625 = VECTOR('',#2626,1.);
#2626 = DIRECTION('',(1.,0.,0.));
#2627 = PCURVE('',#72,#2628);
#2628 = DEFINITIONAL_REPRESENTATION('',(#2629),#2633);
#2629 = LINE('',#2630,#2631);
#2630 = CARTESIAN_POINT('',(4.748098632813,-23.38113970784));
#2631 = VECTOR('',#2632,1.);
#2632 = DIRECTION('',(1.,0.));
#2633 = ( GEOMETRIC_REPRESENTATION_CONTEXT(2) 
PARAMETRIC_REPRESENTATION_CONTEXT() REPRESENTATION_CONTEXT('2D SPACE',''
  ) );
#2634 = PCURVE('',#2635,#2640);
#2635 = PLANE('',#2636);
#2636 = AXIS2_PLACEMENT_3D('',#2637,#2638,#2639);
#2637 = CARTESIAN_POINT('',(4.748098632813,-41.37182799228,
    9.439339722963));
#2638 = DIRECTION('',(0.,-0.342020143326,-0.939692620786));
#2639 = DIRECTION('',(1.,0.,0.));
#2640 = DEFINITIONAL_REPRESENTATION('',(#2641),#2645);
#2641 = LINE('',#2642,#2643);
#2642 = CARTESIAN_POINT('',(0.,-1.517648477336E-14));
#2643 = VECTOR('',#2644,1.);
#2644 = DIRECTION('',(1.,0.));
#2645 = ( GEOMETRIC_REPRESENTATION_CONTEXT(2) 
PARAMETRIC_REPRESENTATION_CONTEXT() REPRESENTATION_CONTEXT('2D SPACE',''
  ) );
#2646 = ORIENTED_EDGE('',*,*,#2647,.T.);
#2647 = EDGE_CURVE('',#2620,#2648,#2650,.T.);
#2648 = VERTEX_POINT('',#2649);
#2649 = CARTESIAN_POINT('',(6.795598632813,-41.39912213493,
    9.364349682353));
#2650 = SURFACE_CURVE('',#2651,(#2655,#2662),.PCURVE_S1.);
#2651 = B_SPLINE_CURVE_WITH_KNOTS('',2,(#2652,#2653,#2654),
  .UNSPECIFIED.,.F.,.F.,(3,3),(0.,1.),.PIECEWISE_BEZIER_KNOTS.);
#2652 = CARTESIAN_POINT('',(6.390295898438,-41.37182799228,
    9.439339722963));
#2653 = CARTESIAN_POINT('',(6.625493164063,-41.37182799228,
    9.439339722963));
#2654 = CARTESIAN_POINT('',(6.795598632813,-41.39912213493,
    9.364349682353));
#2655 = PCURVE('',#72,#2656);
#2656 = DEFINITIONAL_REPRESENTATION('',(#2657),#2661);
#2657 = B_SPLINE_CURVE_WITH_KNOTS('',2,(#2658,#2659,#2660),
  .UNSPECIFIED.,.F.,.F.,(3,3),(0.,1.),.PIECEWISE_BEZIER_KNOTS.);
#2658 = CARTESIAN_POINT('',(6.390295898438,-23.38113970784));
#2659 = CARTESIAN_POINT('',(6.625493164063,-23.38113970784));
#2660 = CARTESIAN_POINT('',(6.795598632813,-23.46094244222));
#2661 = ( GEOMETRIC_REPRESENTATION_CONTEXT(2) 
PARAMETRIC_REPRESENTATION_CONTEXT() REPRESENTATION_CONTEXT('2D SPACE',''
  ) );
#2662 = PCURVE('',#2663,#2670);
#2663 = SURFACE_OF_LINEAR_EXTRUSION('',#2664,#2668);
#2664 = B_SPLINE_CURVE_WITH_KNOTS('',2,(#2665,#2666,#2667),
  .UNSPECIFIED.,.F.,.F.,(3,3),(0.,1.),.PIECEWISE_BEZIER_KNOTS.);
#2665 = CARTESIAN_POINT('',(6.390295898438,-41.37182799228,
    9.439339722963));
#2666 = CARTESIAN_POINT('',(6.625493164063,-41.37182799228,
    9.439339722963));
#2667 = CARTESIAN_POINT('',(6.795598632813,-41.39912213493,
    9.364349682353));
#2668 = VECTOR('',#2669,1.);
#2669 = DIRECTION('',(0.,-0.939692620786,0.342020143326));
#2670 = DEFINITIONAL_REPRESENTATION('',(#2671),#2675);
#2671 = LINE('',#2672,#2673);
#2672 = CARTESIAN_POINT('',(0.,0.));
#2673 = VECTOR('',#2674,1.);
#2674 = DIRECTION('',(1.,0.));
#2675 = ( GEOMETRIC_REPRESENTATION_CONTEXT(2) 
PARAMETRIC_REPRESENTATION_CONTEXT() REPRESENTATION_CONTEXT('2D SPACE',''
  ) );
#2676 = ORIENTED_EDGE('',*,*,#2677,.T.);
#2677 = EDGE_CURVE('',#2648,#2678,#2680,.T.);
#2678 = VERTEX_POINT('',#2679);
#2679 = CARTESIAN_POINT('',(7.051802734375,-41.47094636503,
    9.167014231987));
#2680 = SURFACE_CURVE('',#2681,(#2685,#2692),.PCURVE_S1.);
#2681 = B_SPLINE_CURVE_WITH_KNOTS('',2,(#2682,#2683,#2684),
  .UNSPECIFIED.,.F.,.F.,(3,3),(0.,1.),.PIECEWISE_BEZIER_KNOTS.);
#2682 = CARTESIAN_POINT('',(6.795598632813,-41.39912213493,
    9.364349682353));
#2683 = CARTESIAN_POINT('',(6.965704101563,-41.42641627758,
    9.289359641742));
#2684 = CARTESIAN_POINT('',(7.051802734375,-41.47094636503,
    9.167014231987));
#2685 = PCURVE('',#72,#2686);
#2686 = DEFINITIONAL_REPRESENTATION('',(#2687),#2691);
#2687 = B_SPLINE_CURVE_WITH_KNOTS('',2,(#2688,#2689,#2690),
  .UNSPECIFIED.,.F.,.F.,(3,3),(0.,1.),.PIECEWISE_BEZIER_KNOTS.);
#2688 = CARTESIAN_POINT('',(6.795598632813,-23.46094244222));
#2689 = CARTESIAN_POINT('',(6.965704101563,-23.54074517659));
#2690 = CARTESIAN_POINT('',(7.051802734375,-23.67094244222));
#2691 = ( GEOMETRIC_REPRESENTATION_CONTEXT(2) 
PARAMETRIC_REPRESENTATION_CONTEXT() REPRESENTATION_CONTEXT('2D SPACE',''
  ) );
#2692 = PCURVE('',#2693,#2700);
#2693 = SURFACE_OF_LINEAR_EXTRUSION('',#2694,#2698);
#2694 = B_SPLINE_CURVE_WITH_KNOTS('',2,(#2695,#2696,#2697),
  .UNSPECIFIED.,.F.,.F.,(3,3),(0.,1.),.PIECEWISE_BEZIER_KNOTS.);
#2695 = CARTESIAN_POINT('',(6.795598632813,-41.39912213493,
    9.364349682353));
#2696 = CARTESIAN_POINT('',(6.965704101563,-41.42641627758,
    9.289359641742));
#2697 = CARTESIAN_POINT('',(7.051802734375,-41.47094636503,
    9.167014231987));
#2698 = VECTOR('',#2699,1.);
#2699 = DIRECTION('',(0.,-0.939692620786,0.342020143326));
#2700 = DEFINITIONAL_REPRESENTATION('',(#2701),#2705);
#2701 = LINE('',#2702,#2703);
#2702 = CARTESIAN_POINT('',(0.,0.));
#2703 = VECTOR('',#2704,1.);
#2704 = DIRECTION('',(1.,0.));
#2705 = ( GEOMETRIC_REPRESENTATION_CONTEXT(2) 
PARAMETRIC_REPRESENTATION_CONTEXT() REPRESENTATION_CONTEXT('2D SPACE',''
  ) );
#2706 = ORIENTED_EDGE('',*,*,#2707,.T.);
#2707 = EDGE_CURVE('',#2678,#2708,#2710,.T.);
#2708 = VERTEX_POINT('',#2709);
#2709 = CARTESIAN_POINT('',(7.175697265625,-41.56072665265,
    8.920344919031));
#2710 = SURFACE_CURVE('',#2711,(#2715,#2722),.PCURVE_S1.);
#2711 = B_SPLINE_CURVE_WITH_KNOTS('',2,(#2712,#2713,#2714),
  .UNSPECIFIED.,.F.,.F.,(3,3),(0.,1.),.PIECEWISE_BEZIER_KNOTS.);
#2712 = CARTESIAN_POINT('',(7.051802734375,-41.47094636503,
    9.167014231987));
#2713 = CARTESIAN_POINT('',(7.137901367188,-41.51547645248,
    9.044668822233));
#2714 = CARTESIAN_POINT('',(7.175697265625,-41.56072665265,
    8.920344919031));
#2715 = PCURVE('',#72,#2716);
#2716 = DEFINITIONAL_REPRESENTATION('',(#2717),#2721);
#2717 = B_SPLINE_CURVE_WITH_KNOTS('',2,(#2718,#2719,#2720),
  .UNSPECIFIED.,.F.,.F.,(3,3),(0.,1.),.PIECEWISE_BEZIER_KNOTS.);
#2718 = CARTESIAN_POINT('',(7.051802734375,-23.67094244222));
#2719 = CARTESIAN_POINT('',(7.137901367188,-23.80113970784));
#2720 = CARTESIAN_POINT('',(7.175697265625,-23.93344244222));
#2721 = ( GEOMETRIC_REPRESENTATION_CONTEXT(2) 
PARAMETRIC_REPRESENTATION_CONTEXT() REPRESENTATION_CONTEXT('2D SPACE',''
  ) );
#2722 = PCURVE('',#2723,#2730);
#2723 = SURFACE_OF_LINEAR_EXTRUSION('',#2724,#2728);
#2724 = B_SPLINE_CURVE_WITH_KNOTS('',2,(#2725,#2726,#2727),
  .UNSPECIFIED.,.F.,.F.,(3,3),(0.,1.),.PIECEWISE_BEZIER_KNOTS.);
#2725 = CARTESIAN_POINT('',(7.051802734375,-41.47094636503,
    9.167014231987));
#2726 = CARTESIAN_POINT('',(7.137901367188,-41.51547645248,
    9.044668822233));
#2727 = CARTESIAN_POINT('',(7.175697265625,-41.56072665265,
    8.920344919031));
#2728 = VECTOR('',#2729,1.);
#2729 = DIRECTION('',(0.,-0.939692620786,0.342020143326));
#2730 = DEFINITIONAL_REPRESENTATION('',(#2731),#2735);
#2731 = LINE('',#2732,#2733);
#2732 = CARTESIAN_POINT('',(0.,0.));
#2733 = VECTOR('',#2734,1.);
#2734 = DIRECTION('',(1.,0.));
#2735 = ( GEOMETRIC_REPRESENTATION_CONTEXT(2) 
PARAMETRIC_REPRESENTATION_CONTEXT() REPRESENTATION_CONTEXT('2D SPACE',''
  ) );
#2736 = ORIENTED_EDGE('',*,*,#2737,.T.);
#2737 = EDGE_CURVE('',#2708,#2738,#2740,.T.);
#2738 = VERTEX_POINT('',#2739);
#2739 = CARTESIAN_POINT('',(7.213493164063,-41.6548182645,8.661830340109
    ));
#2740 = SURFACE_CURVE('',#2741,(#2745,#2752),.PCURVE_S1.);
#2741 = B_SPLINE_CURVE_WITH_KNOTS('',2,(#2742,#2743,#2744),
  .UNSPECIFIED.,.F.,.F.,(3,3),(0.,1.),.PIECEWISE_BEZIER_KNOTS.);
#2742 = CARTESIAN_POINT('',(7.175697265625,-41.56072665265,
    8.920344919031));
#2743 = CARTESIAN_POINT('',(7.213493164063,-41.60597685283,
    8.796021015829));
#2744 = CARTESIAN_POINT('',(7.213493164063,-41.6548182645,8.661830340109
    ));
#2745 = PCURVE('',#72,#2746);
#2746 = DEFINITIONAL_REPRESENTATION('',(#2747),#2751);
#2747 = B_SPLINE_CURVE_WITH_KNOTS('',2,(#2748,#2749,#2750),
  .UNSPECIFIED.,.F.,.F.,(3,3),(0.,1.),.PIECEWISE_BEZIER_KNOTS.);
#2748 = CARTESIAN_POINT('',(7.175697265625,-23.93344244222));
#2749 = CARTESIAN_POINT('',(7.213493164063,-24.06574517659));
#2750 = CARTESIAN_POINT('',(7.213493164063,-24.20854791097));
#2751 = ( GEOMETRIC_REPRESENTATION_CONTEXT(2) 
PARAMETRIC_REPRESENTATION_CONTEXT() REPRESENTATION_CONTEXT('2D SPACE',''
  ) );
#2752 = PCURVE('',#2753,#2760);
#2753 = SURFACE_OF_LINEAR_EXTRUSION('',#2754,#2758);
#2754 = B_SPLINE_CURVE_WITH_KNOTS('',2,(#2755,#2756,#2757),
  .UNSPECIFIED.,.F.,.F.,(3,3),(0.,1.),.PIECEWISE_BEZIER_KNOTS.);
#2755 = CARTESIAN_POINT('',(7.175697265625,-41.56072665265,
    8.920344919031));
#2756 = CARTESIAN_POINT('',(7.213493164063,-41.60597685283,
    8.796021015829));
#2757 = CARTESIAN_POINT('',(7.213493164063,-41.6548182645,8.661830340109
    ));
#2758 = VECTOR('',#2759,1.);
#2759 = DIRECTION('',(0.,-0.939692620786,0.342020143326));
#2760 = DEFINITIONAL_REPRESENTATION('',(#2761),#2765);
#2761 = LINE('',#2762,#2763);
#2762 = CARTESIAN_POINT('',(0.,0.));
#2763 = VECTOR('',#2764,1.);
#2764 = DIRECTION('',(1.,0.));
#2765 = ( GEOMETRIC_REPRESENTATION_CONTEXT(2) 
PARAMETRIC_REPRESENTATION_CONTEXT() REPRESENTATION_CONTEXT('2D SPACE',''
  ) );
#2766 = ORIENTED_EDGE('',*,*,#2767,.T.);
#2767 = EDGE_CURVE('',#2738,#2768,#2770,.T.);
#2768 = VERTEX_POINT('',#2769);
#2769 = CARTESIAN_POINT('',(6.696901367188,-41.91338549286,
    7.951422718795));
#2770 = SURFACE_CURVE('',#2771,(#2775,#2782),.PCURVE_S1.);
#2771 = B_SPLINE_CURVE_WITH_KNOTS('',2,(#2772,#2773,#2774),
  .UNSPECIFIED.,.F.,.F.,(3,3),(0.,1.),.PIECEWISE_BEZIER_KNOTS.);
#2772 = CARTESIAN_POINT('',(7.213493164063,-41.6548182645,8.661830340109
    ));
#2773 = CARTESIAN_POINT('',(7.213493164063,-41.84443236154,
    8.140869890089));
#2774 = CARTESIAN_POINT('',(6.696901367188,-41.91338549286,
    7.951422718795));
#2775 = PCURVE('',#72,#2776);
#2776 = DEFINITIONAL_REPRESENTATION('',(#2777),#2781);
#2777 = B_SPLINE_CURVE_WITH_KNOTS('',2,(#2778,#2779,#2780),
  .UNSPECIFIED.,.F.,.F.,(3,3),(0.,1.),.PIECEWISE_BEZIER_KNOTS.);
#2778 = CARTESIAN_POINT('',(7.213493164063,-24.20854791097));
#2779 = CARTESIAN_POINT('',(7.213493164063,-24.76294244222));
#2780 = CARTESIAN_POINT('',(6.696901367188,-24.96454791097));
#2781 = ( GEOMETRIC_REPRESENTATION_CONTEXT(2) 
PARAMETRIC_REPRESENTATION_CONTEXT() REPRESENTATION_CONTEXT('2D SPACE',''
  ) );
#2782 = PCURVE('',#2783,#2790);
#2783 = SURFACE_OF_LINEAR_EXTRUSION('',#2784,#2788);
#2784 = B_SPLINE_CURVE_WITH_KNOTS('',2,(#2785,#2786,#2787),
  .UNSPECIFIED.,.F.,.F.,(3,3),(0.,1.),.PIECEWISE_BEZIER_KNOTS.);
#2785 = CARTESIAN_POINT('',(7.213493164063,-41.6548182645,8.661830340109
    ));
#2786 = CARTESIAN_POINT('',(7.213493164063,-41.84443236154,
    8.140869890089));
#2787 = CARTESIAN_POINT('',(6.696901367188,-41.91338549286,
    7.951422718795));
#2788 = VECTOR('',#2789,1.);
#2789 = DIRECTION('',(0.,-0.939692620786,0.342020143326));
#2790 = DEFINITIONAL_REPRESENTATION('',(#2791),#2795);
#2791 = LINE('',#2792,#2793);
#2792 = CARTESIAN_POINT('',(0.,0.));
#2793 = VECTOR('',#2794,1.);
#2794 = DIRECTION('',(1.,0.));
#2795 = ( GEOMETRIC_REPRESENTATION_CONTEXT(2) 
PARAMETRIC_REPRESENTATION_CONTEXT() REPRESENTATION_CONTEXT('2D SPACE',''
  ) );
#2796 = ORIENTED_EDGE('',*,*,#2797,.T.);
#2797 = EDGE_CURVE('',#2768,#2798,#2800,.T.);
#2798 = VERTEX_POINT('',#2799);
#2799 = CARTESIAN_POINT('',(6.86489453125,-41.93852163536,7.882361734847
    ));
#2800 = SURFACE_CURVE('',#2801,(#2805,#2812),.PCURVE_S1.);
#2801 = B_SPLINE_CURVE_WITH_KNOTS('',2,(#2802,#2803,#2804),
  .UNSPECIFIED.,.F.,.F.,(3,3),(0.,1.),.PIECEWISE_BEZIER_KNOTS.);
#2802 = CARTESIAN_POINT('',(6.696901367188,-41.91338549286,
    7.951422718795));
#2803 = CARTESIAN_POINT('',(6.810295898438,-41.92918588827,
    7.908011489187));
#2804 = CARTESIAN_POINT('',(6.86489453125,-41.93852163536,7.882361734847
    ));
#2805 = PCURVE('',#72,#2806);
#2806 = DEFINITIONAL_REPRESENTATION('',(#2807),#2811);
#2807 = B_SPLINE_CURVE_WITH_KNOTS('',2,(#2808,#2809,#2810),
  .UNSPECIFIED.,.F.,.F.,(3,3),(0.,1.),.PIECEWISE_BEZIER_KNOTS.);
#2808 = CARTESIAN_POINT('',(6.696901367188,-24.96454791097));
#2809 = CARTESIAN_POINT('',(6.810295898438,-25.01074517659));
#2810 = CARTESIAN_POINT('',(6.86489453125,-25.03804107503));
#2811 = ( GEOMETRIC_REPRESENTATION_CONTEXT(2) 
PARAMETRIC_REPRESENTATION_CONTEXT() REPRESENTATION_CONTEXT('2D SPACE',''
  ) );
#2812 = PCURVE('',#2813,#2820);
#2813 = SURFACE_OF_LINEAR_EXTRUSION('',#2814,#2818);
#2814 = B_SPLINE_CURVE_WITH_KNOTS('',2,(#2815,#2816,#2817),
  .UNSPECIFIED.,.F.,.F.,(3,3),(0.,1.),.PIECEWISE_BEZIER_KNOTS.);
#2815 = CARTESIAN_POINT('',(6.696901367188,-41.91338549286,
    7.951422718795));
#2816 = CARTESIAN_POINT('',(6.810295898438,-41.92918588827,
    7.908011489187));
#2817 = CARTESIAN_POINT('',(6.86489453125,-41.93852163536,7.882361734847
    ));
#2818 = VECTOR('',#2819,1.);
#2819 = DIRECTION('',(0.,-0.939692620786,0.342020143326));
#2820 = DEFINITIONAL_REPRESENTATION('',(#2821),#2825);
#2821 = LINE('',#2822,#2823);
#2822 = CARTESIAN_POINT('',(0.,0.));
#2823 = VECTOR('',#2824,1.);
#2824 = DIRECTION('',(1.,0.));
#2825 = ( GEOMETRIC_REPRESENTATION_CONTEXT(2) 
PARAMETRIC_REPRESENTATION_CONTEXT() REPRESENTATION_CONTEXT('2D SPACE',''
  ) );
#2826 = ORIENTED_EDGE('',*,*,#2827,.T.);
#2827 = EDGE_CURVE('',#2798,#2828,#2830,.T.);
#2828 = VERTEX_POINT('',#2829);
#2829 = CARTESIAN_POINT('',(6.976197265625,-41.96940465149,
    7.797511345398));
#2830 = SURFACE_CURVE('',#2831,(#2835,#2842),.PCURVE_S1.);
#2831 = B_SPLINE_CURVE_WITH_KNOTS('',2,(#2832,#2833,#2834),
  .UNSPECIFIED.,.F.,.F.,(3,3),(0.,1.),.PIECEWISE_BEZIER_KNOTS.);
#2832 = CARTESIAN_POINT('',(6.86489453125,-41.93852163536,7.882361734847
    ));
#2833 = CARTESIAN_POINT('',(6.919493164063,-41.94785738246,
    7.856711980508));
#2834 = CARTESIAN_POINT('',(6.976197265625,-41.96940465149,
    7.797511345398));
#2835 = PCURVE('',#72,#2836);
#2836 = DEFINITIONAL_REPRESENTATION('',(#2837),#2841);
#2837 = B_SPLINE_CURVE_WITH_KNOTS('',2,(#2838,#2839,#2840),
  .UNSPECIFIED.,.F.,.F.,(3,3),(0.,1.),.PIECEWISE_BEZIER_KNOTS.);
#2838 = CARTESIAN_POINT('',(6.86489453125,-25.03804107503));
#2839 = CARTESIAN_POINT('',(6.919493164063,-25.06533697347));
#2840 = CARTESIAN_POINT('',(6.976197265625,-25.12833697347));
#2841 = ( GEOMETRIC_REPRESENTATION_CONTEXT(2) 
PARAMETRIC_REPRESENTATION_CONTEXT() REPRESENTATION_CONTEXT('2D SPACE',''
  ) );
#2842 = PCURVE('',#2843,#2850);
#2843 = SURFACE_OF_LINEAR_EXTRUSION('',#2844,#2848);
#2844 = B_SPLINE_CURVE_WITH_KNOTS('',2,(#2845,#2846,#2847),
  .UNSPECIFIED.,.F.,.F.,(3,3),(0.,1.),.PIECEWISE_BEZIER_KNOTS.);
#2845 = CARTESIAN_POINT('',(6.86489453125,-41.93852163536,7.882361734847
    ));
#2846 = CARTESIAN_POINT('',(6.919493164063,-41.94785738246,
    7.856711980508));
#2847 = CARTESIAN_POINT('',(6.976197265625,-41.96940465149,
    7.797511345398));
#2848 = VECTOR('',#2849,1.);
#2849 = DIRECTION('',(0.,-0.939692620786,0.342020143326));
#2850 = DEFINITIONAL_REPRESENTATION('',(#2851),#2855);
#2851 = LINE('',#2852,#2853);
#2852 = CARTESIAN_POINT('',(0.,0.));
#2853 = VECTOR('',#2854,1.);
#2854 = DIRECTION('',(1.,0.));
#2855 = ( GEOMETRIC_REPRESENTATION_CONTEXT(2) 
PARAMETRIC_REPRESENTATION_CONTEXT() REPRESENTATION_CONTEXT('2D SPACE',''
  ) );
#2856 = ORIENTED_EDGE('',*,*,#2857,.T.);
#2857 = EDGE_CURVE('',#2828,#2858,#2860,.T.);
#2858 = VERTEX_POINT('',#2859);
#2859 = CARTESIAN_POINT('',(7.051802734375,-42.00819020335,
    7.690948917465));
#2860 = SURFACE_CURVE('',#2861,(#2865,#2872),.PCURVE_S1.);
#2861 = B_SPLINE_CURVE_WITH_KNOTS('',2,(#2862,#2863,#2864),
  .UNSPECIFIED.,.F.,.F.,(3,3),(0.,1.),.PIECEWISE_BEZIER_KNOTS.);
#2862 = CARTESIAN_POINT('',(6.976197265625,-41.96940465149,
    7.797511345398));
#2863 = CARTESIAN_POINT('',(7.032901367188,-41.99095192052,
    7.738310710289));
#2864 = CARTESIAN_POINT('',(7.051802734375,-42.00819020335,
    7.690948917465));
#2865 = PCURVE('',#72,#2866);
#2866 = DEFINITIONAL_REPRESENTATION('',(#2867),#2871);
#2867 = B_SPLINE_CURVE_WITH_KNOTS('',2,(#2868,#2869,#2870),
  .UNSPECIFIED.,.F.,.F.,(3,3),(0.,1.),.PIECEWISE_BEZIER_KNOTS.);
#2868 = CARTESIAN_POINT('',(6.976197265625,-25.12833697347));
#2869 = CARTESIAN_POINT('',(7.032901367188,-25.19133697347));
#2870 = CARTESIAN_POINT('',(7.051802734375,-25.24173834065));
#2871 = ( GEOMETRIC_REPRESENTATION_CONTEXT(2) 
PARAMETRIC_REPRESENTATION_CONTEXT() REPRESENTATION_CONTEXT('2D SPACE',''
  ) );
#2872 = PCURVE('',#2873,#2880);
#2873 = SURFACE_OF_LINEAR_EXTRUSION('',#2874,#2878);
#2874 = B_SPLINE_CURVE_WITH_KNOTS('',2,(#2875,#2876,#2877),
  .UNSPECIFIED.,.F.,.F.,(3,3),(0.,1.),.PIECEWISE_BEZIER_KNOTS.);
#2875 = CARTESIAN_POINT('',(6.976197265625,-41.96940465149,
    7.797511345398));
#2876 = CARTESIAN_POINT('',(7.032901367188,-41.99095192052,
    7.738310710289));
#2877 = CARTESIAN_POINT('',(7.051802734375,-42.00819020335,
    7.690948917465));
#2878 = VECTOR('',#2879,1.);
#2879 = DIRECTION('',(0.,-0.939692620786,0.342020143326));
#2880 = DEFINITIONAL_REPRESENTATION('',(#2881),#2885);
#2881 = LINE('',#2882,#2883);
#2882 = CARTESIAN_POINT('',(0.,0.));
#2883 = VECTOR('',#2884,1.);
#2884 = DIRECTION('',(1.,0.));
#2885 = ( GEOMETRIC_REPRESENTATION_CONTEXT(2) 
PARAMETRIC_REPRESENTATION_CONTEXT() REPRESENTATION_CONTEXT('2D SPACE',''
  ) );
#2886 = ORIENTED_EDGE('',*,*,#2887,.T.);
#2887 = EDGE_CURVE('',#2858,#2888,#2890,.T.);
#2888 = VERTEX_POINT('',#2889);
#2889 = CARTESIAN_POINT('',(7.089598632813,-42.07139646105,
    7.517291151672));
#2890 = SURFACE_CURVE('',#2891,(#2895,#2902),.PCURVE_S1.);
#2891 = B_SPLINE_CURVE_WITH_KNOTS('',2,(#2892,#2893,#2894),
  .UNSPECIFIED.,.F.,.F.,(3,3),(0.,1.),.PIECEWISE_BEZIER_KNOTS.);
#2892 = CARTESIAN_POINT('',(7.051802734375,-42.00819020335,
    7.690948917465));
#2893 = CARTESIAN_POINT('',(7.070704101563,-42.02542848618,
    7.643587124641));
#2894 = CARTESIAN_POINT('',(7.089598632813,-42.07139646105,
    7.517291151672));
#2895 = PCURVE('',#72,#2896);
#2896 = DEFINITIONAL_REPRESENTATION('',(#2897),#2901);
#2897 = B_SPLINE_CURVE_WITH_KNOTS('',2,(#2898,#2899,#2900),
  .UNSPECIFIED.,.F.,.F.,(3,3),(0.,1.),.PIECEWISE_BEZIER_KNOTS.);
#2898 = CARTESIAN_POINT('',(7.051802734375,-25.24173834065));
#2899 = CARTESIAN_POINT('',(7.070704101563,-25.29213970784));
#2900 = CARTESIAN_POINT('',(7.089598632813,-25.42654107503));
#2901 = ( GEOMETRIC_REPRESENTATION_CONTEXT(2) 
PARAMETRIC_REPRESENTATION_CONTEXT() REPRESENTATION_CONTEXT('2D SPACE',''
  ) );
#2902 = PCURVE('',#2903,#2910);
#2903 = SURFACE_OF_LINEAR_EXTRUSION('',#2904,#2908);
#2904 = B_SPLINE_CURVE_WITH_KNOTS('',2,(#2905,#2906,#2907),
  .UNSPECIFIED.,.F.,.F.,(3,3),(0.,1.),.PIECEWISE_BEZIER_KNOTS.);
#2905 = CARTESIAN_POINT('',(7.051802734375,-42.00819020335,
    7.690948917465));
#2906 = CARTESIAN_POINT('',(7.070704101563,-42.02542848618,
    7.643587124641));
#2907 = CARTESIAN_POINT('',(7.089598632813,-42.07139646105,
    7.517291151672));
#2908 = VECTOR('',#2909,1.);
#2909 = DIRECTION('',(0.,-0.939692620786,0.342020143326));
#2910 = DEFINITIONAL_REPRESENTATION('',(#2911),#2915);
#2911 = LINE('',#2912,#2913);
#2912 = CARTESIAN_POINT('',(0.,0.));
#2913 = VECTOR('',#2914,1.);
#2914 = DIRECTION('',(1.,0.));
#2915 = ( GEOMETRIC_REPRESENTATION_CONTEXT(2) 
PARAMETRIC_REPRESENTATION_CONTEXT() REPRESENTATION_CONTEXT('2D SPACE',''
  ) );
#2916 = ORIENTED_EDGE('',*,*,#2917,.T.);
#2917 = EDGE_CURVE('',#2888,#2918,#2920,.T.);
#2918 = VERTEX_POINT('',#2919);
#2919 = CARTESIAN_POINT('',(7.112697265625,-42.16189452336,
    7.268649768948));
#2920 = SURFACE_CURVE('',#2921,(#2925,#2932),.PCURVE_S1.);
#2921 = B_SPLINE_CURVE_WITH_KNOTS('',2,(#2922,#2923,#2924),
  .UNSPECIFIED.,.F.,.F.,(3,3),(0.,1.),.PIECEWISE_BEZIER_KNOTS.);
#2922 = CARTESIAN_POINT('',(7.089598632813,-42.07139646105,
    7.517291151672));
#2923 = CARTESIAN_POINT('',(7.108493164063,-42.11736443592,
    7.390995178702));
#2924 = CARTESIAN_POINT('',(7.112697265625,-42.16189452336,
    7.268649768948));
#2925 = PCURVE('',#72,#2926);
#2926 = DEFINITIONAL_REPRESENTATION('',(#2927),#2931);
#2927 = B_SPLINE_CURVE_WITH_KNOTS('',2,(#2928,#2929,#2930),
  .UNSPECIFIED.,.F.,.F.,(3,3),(0.,1.),.PIECEWISE_BEZIER_KNOTS.);
#2928 = CARTESIAN_POINT('',(7.089598632813,-25.42654107503));
#2929 = CARTESIAN_POINT('',(7.108493164063,-25.56094244222));
#2930 = CARTESIAN_POINT('',(7.112697265625,-25.69113970784));
#2931 = ( GEOMETRIC_REPRESENTATION_CONTEXT(2) 
PARAMETRIC_REPRESENTATION_CONTEXT() REPRESENTATION_CONTEXT('2D SPACE',''
  ) );
#2932 = PCURVE('',#2933,#2940);
#2933 = SURFACE_OF_LINEAR_EXTRUSION('',#2934,#2938);
#2934 = B_SPLINE_CURVE_WITH_KNOTS('',2,(#2935,#2936,#2937),
  .UNSPECIFIED.,.F.,.F.,(3,3),(0.,1.),.PIECEWISE_BEZIER_KNOTS.);
#2935 = CARTESIAN_POINT('',(7.089598632813,-42.07139646105,
    7.517291151672));
#2936 = CARTESIAN_POINT('',(7.108493164063,-42.11736443592,
    7.390995178702));
#2937 = CARTESIAN_POINT('',(7.112697265625,-42.16189452336,
    7.268649768948));
#2938 = VECTOR('',#2939,1.);
#2939 = DIRECTION('',(0.,-0.939692620786,0.342020143326));
#2940 = DEFINITIONAL_REPRESENTATION('',(#2941),#2945);
#2941 = LINE('',#2942,#2943);
#2942 = CARTESIAN_POINT('',(0.,0.));
#2943 = VECTOR('',#2944,1.);
#2944 = DIRECTION('',(1.,0.));
#2945 = ( GEOMETRIC_REPRESENTATION_CONTEXT(2) 
PARAMETRIC_REPRESENTATION_CONTEXT() REPRESENTATION_CONTEXT('2D SPACE',''
  ) );
#2946 = ORIENTED_EDGE('',*,*,#2947,.T.);
#2947 = EDGE_CURVE('',#2918,#2948,#2950,.T.);
#2948 = VERTEX_POINT('',#2949);
#2949 = CARTESIAN_POINT('',(7.121098632813,-42.29405391238,6.90554483186
    ));
#2950 = SURFACE_CURVE('',#2951,(#2955,#2962),.PCURVE_S1.);
#2951 = B_SPLINE_CURVE_WITH_KNOTS('',2,(#2952,#2953,#2954),
  .UNSPECIFIED.,.F.,.F.,(3,3),(0.,1.),.PIECEWISE_BEZIER_KNOTS.);
#2952 = CARTESIAN_POINT('',(7.112697265625,-42.16189452336,
    7.268649768948));
#2953 = CARTESIAN_POINT('',(7.116901367188,-42.20642461081,
    7.146304359193));
#2954 = CARTESIAN_POINT('',(7.121098632813,-42.29405391238,6.90554483186
    ));
#2955 = PCURVE('',#72,#2956);
#2956 = DEFINITIONAL_REPRESENTATION('',(#2957),#2961);
#2957 = B_SPLINE_CURVE_WITH_KNOTS('',2,(#2958,#2959,#2960),
  .UNSPECIFIED.,.F.,.F.,(3,3),(0.,1.),.PIECEWISE_BEZIER_KNOTS.);
#2958 = CARTESIAN_POINT('',(7.112697265625,-25.69113970784));
#2959 = CARTESIAN_POINT('',(7.116901367188,-25.82133697347));
#2960 = CARTESIAN_POINT('',(7.121098632813,-26.07754791097));
#2961 = ( GEOMETRIC_REPRESENTATION_CONTEXT(2) 
PARAMETRIC_REPRESENTATION_CONTEXT() REPRESENTATION_CONTEXT('2D SPACE',''
  ) );
#2962 = PCURVE('',#2963,#2970);
#2963 = SURFACE_OF_LINEAR_EXTRUSION('',#2964,#2968);
#2964 = B_SPLINE_CURVE_WITH_KNOTS('',2,(#2965,#2966,#2967),
  .UNSPECIFIED.,.F.,.F.,(3,3),(0.,1.),.PIECEWISE_BEZIER_KNOTS.);
#2965 = CARTESIAN_POINT('',(7.112697265625,-42.16189452336,
    7.268649768948));
#2966 = CARTESIAN_POINT('',(7.116901367188,-42.20642461081,
    7.146304359193));
#2967 = CARTESIAN_POINT('',(7.121098632813,-42.29405391238,6.90554483186
    ));
#2968 = VECTOR('',#2969,1.);
#2969 = DIRECTION('',(0.,-0.939692620786,0.342020143326));
#2970 = DEFINITIONAL_REPRESENTATION('',(#2971),#2975);
#2971 = LINE('',#2972,#2973);
#2972 = CARTESIAN_POINT('',(0.,0.));
#2973 = VECTOR('',#2974,1.);
#2974 = DIRECTION('',(1.,0.));
#2975 = ( GEOMETRIC_REPRESENTATION_CONTEXT(2) 
PARAMETRIC_REPRESENTATION_CONTEXT() REPRESENTATION_CONTEXT('2D SPACE',''
  ) );
#2976 = ORIENTED_EDGE('',*,*,#2977,.T.);
#2977 = EDGE_CURVE('',#2948,#2978,#2980,.T.);
#2978 = VERTEX_POINT('',#2979);
#2979 = CARTESIAN_POINT('',(7.255493164062,-42.3802429885,6.668742291422
    ));
#2980 = SURFACE_CURVE('',#2981,(#2985,#2992),.PCURVE_S1.);
#2981 = B_SPLINE_CURVE_WITH_KNOTS('',2,(#2982,#2983,#2984),
  .UNSPECIFIED.,.F.,.F.,(3,3),(0.,1.),.PIECEWISE_BEZIER_KNOTS.);
#2982 = CARTESIAN_POINT('',(7.121098632813,-42.29405391238,6.90554483186
    ));
#2983 = CARTESIAN_POINT('',(7.121098632813,-42.35438439524,
    6.739788192497));
#2984 = CARTESIAN_POINT('',(7.255493164062,-42.3802429885,6.668742291422
    ));
#2985 = PCURVE('',#72,#2986);
#2986 = DEFINITIONAL_REPRESENTATION('',(#2987),#2991);
#2987 = B_SPLINE_CURVE_WITH_KNOTS('',2,(#2988,#2989,#2990),
  .UNSPECIFIED.,.F.,.F.,(3,3),(0.,1.),.PIECEWISE_BEZIER_KNOTS.);
#2988 = CARTESIAN_POINT('',(7.121098632813,-26.07754791097));
#2989 = CARTESIAN_POINT('',(7.121098632813,-26.25394244222));
#2990 = CARTESIAN_POINT('',(7.255493164063,-26.32954791097));
#2991 = ( GEOMETRIC_REPRESENTATION_CONTEXT(2) 
PARAMETRIC_REPRESENTATION_CONTEXT() REPRESENTATION_CONTEXT('2D SPACE',''
  ) );
#2992 = PCURVE('',#2993,#3000);
#2993 = SURFACE_OF_LINEAR_EXTRUSION('',#2994,#2998);
#2994 = B_SPLINE_CURVE_WITH_KNOTS('',2,(#2995,#2996,#2997),
  .UNSPECIFIED.,.F.,.F.,(3,3),(0.,1.),.PIECEWISE_BEZIER_KNOTS.);
#2995 = CARTESIAN_POINT('',(7.121098632813,-42.29405391238,6.90554483186
    ));
#2996 = CARTESIAN_POINT('',(7.121098632813,-42.35438439524,
    6.739788192497));
#2997 = CARTESIAN_POINT('',(7.255493164062,-42.3802429885,6.668742291422
    ));
#2998 = VECTOR('',#2999,1.);
#2999 = DIRECTION('',(0.,-0.939692620786,0.342020143326));
#3000 = DEFINITIONAL_REPRESENTATION('',(#3001),#3005);
#3001 = LINE('',#3002,#3003);
#3002 = CARTESIAN_POINT('',(0.,0.));
#3003 = VECTOR('',#3004,1.);
#3004 = DIRECTION('',(1.,0.));
#3005 = ( GEOMETRIC_REPRESENTATION_CONTEXT(2) 
PARAMETRIC_REPRESENTATION_CONTEXT() REPRESENTATION_CONTEXT('2D SPACE',''
  ) );
#3006 = ORIENTED_EDGE('',*,*,#3007,.T.);
#3007 = EDGE_CURVE('',#2978,#3008,#3010,.T.);
#3008 = VERTEX_POINT('',#3009);
#3009 = CARTESIAN_POINT('',(7.255493164062,-42.41902620233,
    6.562186287169));
#3010 = SURFACE_CURVE('',#3011,(#3015,#3022),.PCURVE_S1.);
#3011 = LINE('',#3012,#3013);
#3012 = CARTESIAN_POINT('',(7.255493164062,-42.3802429885,6.668742291422
    ));
#3013 = VECTOR('',#3014,1.);
#3014 = DIRECTION('',(0.,-0.342020143326,-0.939692620786));
#3015 = PCURVE('',#72,#3016);
#3016 = DEFINITIONAL_REPRESENTATION('',(#3017),#3021);
#3017 = LINE('',#3018,#3019);
#3018 = CARTESIAN_POINT('',(7.255493164063,-26.32954791097));
#3019 = VECTOR('',#3020,1.);
#3020 = DIRECTION('',(0.,-1.));
#3021 = ( GEOMETRIC_REPRESENTATION_CONTEXT(2) 
PARAMETRIC_REPRESENTATION_CONTEXT() REPRESENTATION_CONTEXT('2D SPACE',''
  ) );
#3022 = PCURVE('',#3023,#3028);
#3023 = PLANE('',#3024);
#3024 = AXIS2_PLACEMENT_3D('',#3025,#3026,#3027);
#3025 = CARTESIAN_POINT('',(7.255493164062,-42.3802429885,6.668742291422
    ));
#3026 = DIRECTION('',(-1.,0.,0.));
#3027 = DIRECTION('',(0.,-0.342020143326,-0.939692620786));
#3028 = DEFINITIONAL_REPRESENTATION('',(#3029),#3033);
#3029 = LINE('',#3030,#3031);
#3030 = CARTESIAN_POINT('',(-2.430199283237E-15,-6.676917655468E-15));
#3031 = VECTOR('',#3032,1.);
#3032 = DIRECTION('',(1.,0.));
#3033 = ( GEOMETRIC_REPRESENTATION_CONTEXT(2) 
PARAMETRIC_REPRESENTATION_CONTEXT() REPRESENTATION_CONTEXT('2D SPACE',''
  ) );
#3034 = ORIENTED_EDGE('',*,*,#3035,.T.);
#3035 = EDGE_CURVE('',#3008,#3036,#3038,.T.);
#3036 = VERTEX_POINT('',#3037);
#3037 = CARTESIAN_POINT('',(6.579295898438,-42.41902620233,
    6.562186287169));
#3038 = SURFACE_CURVE('',#3039,(#3043,#3050),.PCURVE_S1.);
#3039 = LINE('',#3040,#3041);
#3040 = CARTESIAN_POINT('',(7.255493164062,-42.41902620233,
    6.562186287169));
#3041 = VECTOR('',#3042,1.);
#3042 = DIRECTION('',(-1.,0.,0.));
#3043 = PCURVE('',#72,#3044);
#3044 = DEFINITIONAL_REPRESENTATION('',(#3045),#3049);
#3045 = LINE('',#3046,#3047);
#3046 = CARTESIAN_POINT('',(7.255493164063,-26.44294244222));
#3047 = VECTOR('',#3048,1.);
#3048 = DIRECTION('',(-1.,0.));
#3049 = ( GEOMETRIC_REPRESENTATION_CONTEXT(2) 
PARAMETRIC_REPRESENTATION_CONTEXT() REPRESENTATION_CONTEXT('2D SPACE',''
  ) );
#3050 = PCURVE('',#3051,#3056);
#3051 = PLANE('',#3052);
#3052 = AXIS2_PLACEMENT_3D('',#3053,#3054,#3055);
#3053 = CARTESIAN_POINT('',(7.255493164062,-42.41902620233,
    6.562186287169));
#3054 = DIRECTION('',(0.,0.342020143326,0.939692620786));
#3055 = DIRECTION('',(-1.,0.,0.));
#3056 = DEFINITIONAL_REPRESENTATION('',(#3057),#3061);
#3057 = LINE('',#3058,#3059);
#3058 = CARTESIAN_POINT('',(0.,-1.487270986296E-14));
#3059 = VECTOR('',#3060,1.);
#3060 = DIRECTION('',(1.,0.));
#3061 = ( GEOMETRIC_REPRESENTATION_CONTEXT(2) 
PARAMETRIC_REPRESENTATION_CONTEXT() REPRESENTATION_CONTEXT('2D SPACE',''
  ) );
#3062 = ORIENTED_EDGE('',*,*,#3063,.T.);
#3063 = EDGE_CURVE('',#3036,#2356,#3064,.T.);
#3064 = SURFACE_CURVE('',#3065,(#3069,#3076),.PCURVE_S1.);
#3065 = B_SPLINE_CURVE_WITH_KNOTS('',2,(#3066,#3067,#3068),
  .UNSPECIFIED.,.F.,.F.,(3,3),(0.,1.),.PIECEWISE_BEZIER_KNOTS.);
#3066 = CARTESIAN_POINT('',(6.579295898438,-42.41902620233,
    6.562186287169));
#3067 = CARTESIAN_POINT('',(6.520493164063,-42.38167853789,
    6.664798151887));
#3068 = CARTESIAN_POINT('',(6.501598632813,-42.34720197223,
    6.759521737534));
#3069 = PCURVE('',#72,#3070);
#3070 = DEFINITIONAL_REPRESENTATION('',(#3071),#3075);
#3071 = B_SPLINE_CURVE_WITH_KNOTS('',2,(#3072,#3073,#3074),
  .UNSPECIFIED.,.F.,.F.,(3,3),(0.,1.),.PIECEWISE_BEZIER_KNOTS.);
#3072 = CARTESIAN_POINT('',(6.579295898438,-26.44294244222));
#3073 = CARTESIAN_POINT('',(6.520493164063,-26.33374517659));
#3074 = CARTESIAN_POINT('',(6.501598632813,-26.23294244222));
#3075 = ( GEOMETRIC_REPRESENTATION_CONTEXT(2) 
PARAMETRIC_REPRESENTATION_CONTEXT() REPRESENTATION_CONTEXT('2D SPACE',''
  ) );
#3076 = PCURVE('',#3077,#3084);
#3077 = SURFACE_OF_LINEAR_EXTRUSION('',#3078,#3082);
#3078 = B_SPLINE_CURVE_WITH_KNOTS('',2,(#3079,#3080,#3081),
  .UNSPECIFIED.,.F.,.F.,(3,3),(0.,1.),.PIECEWISE_BEZIER_KNOTS.);
#3079 = CARTESIAN_POINT('',(6.579295898438,-42.41902620233,
    6.562186287169));
#3080 = CARTESIAN_POINT('',(6.520493164063,-42.38167853789,
    6.664798151887));
#3081 = CARTESIAN_POINT('',(6.501598632813,-42.34720197223,
    6.759521737534));
#3082 = VECTOR('',#3083,1.);
#3083 = DIRECTION('',(0.,-0.939692620786,0.342020143326));
#3084 = DEFINITIONAL_REPRESENTATION('',(#3085),#3089);
#3085 = LINE('',#3086,#3087);
#3086 = CARTESIAN_POINT('',(0.,0.));
#3087 = VECTOR('',#3088,1.);
#3088 = DIRECTION('',(1.,0.));
#3089 = ( GEOMETRIC_REPRESENTATION_CONTEXT(2) 
PARAMETRIC_REPRESENTATION_CONTEXT() REPRESENTATION_CONTEXT('2D SPACE',''
  ) );
#3090 = FACE_BOUND('',#3091,.T.);
#3091 = EDGE_LOOP('',(#3092,#3119,#3144,#3169));
#3092 = ORIENTED_EDGE('',*,*,#3093,.T.);
#3093 = EDGE_CURVE('',#3094,#3096,#3098,.T.);
#3094 = VERTEX_POINT('',#3095);
#3095 = CARTESIAN_POINT('',(27.699,-24.14080538864,56.78118524059));
#3096 = VERTEX_POINT('',#3097);
#3097 = CARTESIAN_POINT('',(27.699,-39.87304794133,13.557204069679));
#3098 = SURFACE_CURVE('',#3099,(#3102,#3108),.PCURVE_S1.);
#3099 = B_SPLINE_CURVE_WITH_KNOTS('',1,(#3100,#3101),.UNSPECIFIED.,.F.,
  .F.,(2,2),(0.,1.),.PIECEWISE_BEZIER_KNOTS.);
#3100 = CARTESIAN_POINT('',(27.699,-24.14080538864,56.78118524059));
#3101 = CARTESIAN_POINT('',(27.699,-39.87304794133,13.557204069679));
#3102 = PCURVE('',#72,#3103);
#3103 = DEFINITIONAL_REPRESENTATION('',(#3104),#3107);
#3104 = B_SPLINE_CURVE_WITH_KNOTS('',1,(#3105,#3106),.UNSPECIFIED.,.F.,
  .F.,(2,2),(0.,1.),.PIECEWISE_BEZIER_KNOTS.);
#3105 = CARTESIAN_POINT('',(27.699,26.999));
#3106 = CARTESIAN_POINT('',(27.699,-18.999));
#3107 = ( GEOMETRIC_REPRESENTATION_CONTEXT(2) 
PARAMETRIC_REPRESENTATION_CONTEXT() REPRESENTATION_CONTEXT('2D SPACE',''
  ) );
#3108 = PCURVE('',#3109,#3114);
#3109 = B_SPLINE_SURFACE_WITH_KNOTS('',1,1,(
    (#3110,#3111)
    ,(#3112,#3113
    )),.UNSPECIFIED.,.F.,.F.,.F.,(2,2),(2,2),(0.,46.),(0.,1.),
  .PIECEWISE_BEZIER_KNOTS.);
#3110 = CARTESIAN_POINT('',(27.7,-39.8743296541,13.556606397202));
#3111 = CARTESIAN_POINT('',(26.5,-38.33627433716,14.273813370154));
#3112 = CARTESIAN_POINT('',(27.7,-24.14140306112,56.782466953354));
#3113 = CARTESIAN_POINT('',(26.5,-23.42419608816,55.24441163642));
#3114 = DEFINITIONAL_REPRESENTATION('',(#3115),#3118);
#3115 = B_SPLINE_CURVE_WITH_KNOTS('',1,(#3116,#3117),.UNSPECIFIED.,.F.,
  .F.,(2,2),(0.,1.),.PIECEWISE_BEZIER_KNOTS.);
#3116 = CARTESIAN_POINT('',(46.,8.333333333337E-04));
#3117 = CARTESIAN_POINT('',(0.,8.333333333337E-04));
#3118 = ( GEOMETRIC_REPRESENTATION_CONTEXT(2) 
PARAMETRIC_REPRESENTATION_CONTEXT() REPRESENTATION_CONTEXT('2D SPACE',''
  ) );
#3119 = ORIENTED_EDGE('',*,*,#3120,.T.);
#3120 = EDGE_CURVE('',#3096,#3121,#3123,.T.);
#3121 = VERTEX_POINT('',#3122);
#3122 = CARTESIAN_POINT('',(-32.699,-39.87304794133,13.557204069679));
#3123 = SURFACE_CURVE('',#3124,(#3127,#3133),.PCURVE_S1.);
#3124 = B_SPLINE_CURVE_WITH_KNOTS('',1,(#3125,#3126),.UNSPECIFIED.,.F.,
  .F.,(2,2),(0.,1.),.PIECEWISE_BEZIER_KNOTS.);
#3125 = CARTESIAN_POINT('',(27.699,-39.87304794133,13.557204069679));
#3126 = CARTESIAN_POINT('',(-32.699,-39.87304794133,13.557204069679));
#3127 = PCURVE('',#72,#3128);
#3128 = DEFINITIONAL_REPRESENTATION('',(#3129),#3132);
#3129 = B_SPLINE_CURVE_WITH_KNOTS('',1,(#3130,#3131),.UNSPECIFIED.,.F.,
  .F.,(2,2),(0.,1.),.PIECEWISE_BEZIER_KNOTS.);
#3130 = CARTESIAN_POINT('',(27.699,-18.999));
#3131 = CARTESIAN_POINT('',(-32.699,-18.999));
#3132 = ( GEOMETRIC_REPRESENTATION_CONTEXT(2) 
PARAMETRIC_REPRESENTATION_CONTEXT() REPRESENTATION_CONTEXT('2D SPACE',''
  ) );
#3133 = PCURVE('',#3134,#3139);
#3134 = B_SPLINE_SURFACE_WITH_KNOTS('',1,1,(
    (#3135,#3136)
    ,(#3137,#3138
    )),.UNSPECIFIED.,.F.,.F.,.F.,(2,2),(2,2),(0.,60.4),(0.,1.),
  .PIECEWISE_BEZIER_KNOTS.);
#3135 = CARTESIAN_POINT('',(-32.7,-39.8743296541,13.556606397202));
#3136 = CARTESIAN_POINT('',(-31.5,-38.33627433716,14.273813370154));
#3137 = CARTESIAN_POINT('',(27.7,-39.8743296541,13.556606397202));
#3138 = CARTESIAN_POINT('',(26.5,-38.33627433716,14.273813370154));
#3139 = DEFINITIONAL_REPRESENTATION('',(#3140),#3143);
#3140 = B_SPLINE_CURVE_WITH_KNOTS('',1,(#3141,#3142),.UNSPECIFIED.,.F.,
  .F.,(2,2),(0.,1.),.PIECEWISE_BEZIER_KNOTS.);
#3141 = CARTESIAN_POINT('',(60.4,8.333333333337E-04));
#3142 = CARTESIAN_POINT('',(0.,8.333333333337E-04));
#3143 = ( GEOMETRIC_REPRESENTATION_CONTEXT(2) 
PARAMETRIC_REPRESENTATION_CONTEXT() REPRESENTATION_CONTEXT('2D SPACE',''
  ) );
#3144 = ORIENTED_EDGE('',*,*,#3145,.T.);
#3145 = EDGE_CURVE('',#3121,#3146,#3148,.T.);
#3146 = VERTEX_POINT('',#3147);
#3147 = CARTESIAN_POINT('',(-32.699,-24.14080538864,56.78118524059));
#3148 = SURFACE_CURVE('',#3149,(#3152,#3158),.PCURVE_S1.);
#3149 = B_SPLINE_CURVE_WITH_KNOTS('',1,(#3150,#3151),.UNSPECIFIED.,.F.,
  .F.,(2,2),(0.,1.),.PIECEWISE_BEZIER_KNOTS.);
#3150 = CARTESIAN_POINT('',(-32.699,-39.87304794133,13.557204069679));
#3151 = CARTESIAN_POINT('',(-32.699,-24.14080538864,56.78118524059));
#3152 = PCURVE('',#72,#3153);
#3153 = DEFINITIONAL_REPRESENTATION('',(#3154),#3157);
#3154 = B_SPLINE_CURVE_WITH_KNOTS('',1,(#3155,#3156),.UNSPECIFIED.,.F.,
  .F.,(2,2),(0.,1.),.PIECEWISE_BEZIER_KNOTS.);
#3155 = CARTESIAN_POINT('',(-32.699,-18.999));
#3156 = CARTESIAN_POINT('',(-32.699,26.999));
#3157 = ( GEOMETRIC_REPRESENTATION_CONTEXT(2) 
PARAMETRIC_REPRESENTATION_CONTEXT() REPRESENTATION_CONTEXT('2D SPACE',''
  ) );
#3158 = PCURVE('',#3159,#3164);
#3159 = B_SPLINE_SURFACE_WITH_KNOTS('',1,1,(
    (#3160,#3161)
    ,(#3162,#3163
    )),.UNSPECIFIED.,.F.,.F.,.F.,(2,2),(2,2),(0.,46.),(0.,1.),
  .PIECEWISE_BEZIER_KNOTS.);
#3160 = CARTESIAN_POINT('',(-32.7,-24.14140306112,56.782466953354));
#3161 = CARTESIAN_POINT('',(-31.5,-23.42419608816,55.24441163642));
#3162 = CARTESIAN_POINT('',(-32.7,-39.8743296541,13.556606397202));
#3163 = CARTESIAN_POINT('',(-31.5,-38.33627433716,14.273813370154));
#3164 = DEFINITIONAL_REPRESENTATION('',(#3165),#3168);
#3165 = B_SPLINE_CURVE_WITH_KNOTS('',1,(#3166,#3167),.UNSPECIFIED.,.F.,
  .F.,(2,2),(0.,1.),.PIECEWISE_BEZIER_KNOTS.);
#3166 = CARTESIAN_POINT('',(46.,8.333333333337E-04));
#3167 = CARTESIAN_POINT('',(0.,8.333333333337E-04));
#3168 = ( GEOMETRIC_REPRESENTATION_CONTEXT(2) 
PARAMETRIC_REPRESENTATION_CONTEXT() REPRESENTATION_CONTEXT('2D SPACE',''
  ) );
#3169 = ORIENTED_EDGE('',*,*,#3170,.T.);
#3170 = EDGE_CURVE('',#3146,#3094,#3171,.T.);
#3171 = SURFACE_CURVE('',#3172,(#3175,#3181),.PCURVE_S1.);
#3172 = B_SPLINE_CURVE_WITH_KNOTS('',1,(#3173,#3174),.UNSPECIFIED.,.F.,
  .F.,(2,2),(0.,1.),.PIECEWISE_BEZIER_KNOTS.);
#3173 = CARTESIAN_POINT('',(-32.699,-24.14080538864,56.78118524059));
#3174 = CARTESIAN_POINT('',(27.699,-24.14080538864,56.78118524059));
#3175 = PCURVE('',#72,#3176);
#3176 = DEFINITIONAL_REPRESENTATION('',(#3177),#3180);
#3177 = B_SPLINE_CURVE_WITH_KNOTS('',1,(#3178,#3179),.UNSPECIFIED.,.F.,
  .F.,(2,2),(0.,1.),.PIECEWISE_BEZIER_KNOTS.);
#3178 = CARTESIAN_POINT('',(-32.699,26.999));
#3179 = CARTESIAN_POINT('',(27.699,26.999));
#3180 = ( GEOMETRIC_REPRESENTATION_CONTEXT(2) 
PARAMETRIC_REPRESENTATION_CONTEXT() REPRESENTATION_CONTEXT('2D SPACE',''
  ) );
#3181 = PCURVE('',#3182,#3187);
#3182 = B_SPLINE_SURFACE_WITH_KNOTS('',1,1,(
    (#3183,#3184)
    ,(#3185,#3186
    )),.UNSPECIFIED.,.F.,.F.,.F.,(2,2),(2,2),(0.,60.4),(0.,1.),
  .PIECEWISE_BEZIER_KNOTS.);
#3183 = CARTESIAN_POINT('',(27.7,-24.14140306112,56.782466953354));
#3184 = CARTESIAN_POINT('',(26.5,-23.42419608816,55.24441163642));
#3185 = CARTESIAN_POINT('',(-32.7,-24.14140306112,56.782466953354));
#3186 = CARTESIAN_POINT('',(-31.5,-23.42419608816,55.24441163642));
#3187 = DEFINITIONAL_REPRESENTATION('',(#3188),#3191);
#3188 = B_SPLINE_CURVE_WITH_KNOTS('',1,(#3189,#3190),.UNSPECIFIED.,.F.,
  .F.,(2,2),(0.,1.),.PIECEWISE_BEZIER_KNOTS.);
#3189 = CARTESIAN_POINT('',(60.4,8.333333333337E-04));
#3190 = CARTESIAN_POINT('',(0.,8.333333333337E-04));
#3191 = ( GEOMETRIC_REPRESENTATION_CONTEXT(2) 
PARAMETRIC_REPRESENTATION_CONTEXT() REPRESENTATION_CONTEXT('2D SPACE',''
  ) );
#3192 = ADVANCED_FACE('',(#3193),#159,.F.);
#3193 = FACE_BOUND('',#3194,.F.);
#3194 = EDGE_LOOP('',(#3195,#3196,#3197,#3198));
#3195 = ORIENTED_EDGE('',*,*,#241,.T.);
#3196 = ORIENTED_EDGE('',*,*,#687,.T.);
#3197 = ORIENTED_EDGE('',*,*,#141,.F.);
#3198 = ORIENTED_EDGE('',*,*,#290,.F.);
#3199 = ADVANCED_FACE('',(#3200),#335,.T.);
#3200 = FACE_BOUND('',#3201,.F.);
#3201 = EDGE_LOOP('',(#3202,#3231,#3252,#3253));
#3202 = ORIENTED_EDGE('',*,*,#3203,.F.);
#3203 = EDGE_CURVE('',#3204,#3204,#3206,.T.);
#3204 = VERTEX_POINT('',#3205);
#3205 = CARTESIAN_POINT('',(-35.8,-33.55119395011,13.383528758676));
#3206 = SURFACE_CURVE('',#3207,(#3212,#3219),.PCURVE_S1.);
#3207 = CIRCLE('',#3208,3.2);
#3208 = AXIS2_PLACEMENT_3D('',#3209,#3210,#3211);
#3209 = CARTESIAN_POINT('',(-39.,-33.55119395011,13.383528758676));
#3210 = DIRECTION('',(0.,-0.939692620786,0.342020143326));
#3211 = DIRECTION('',(1.,0.,0.));
#3212 = PCURVE('',#335,#3213);
#3213 = DEFINITIONAL_REPRESENTATION('',(#3214),#3218);
#3214 = LINE('',#3215,#3216);
#3215 = CARTESIAN_POINT('',(-0.,0.));
#3216 = VECTOR('',#3217,1.);
#3217 = DIRECTION('',(-1.,0.));
#3218 = ( GEOMETRIC_REPRESENTATION_CONTEXT(2) 
PARAMETRIC_REPRESENTATION_CONTEXT() REPRESENTATION_CONTEXT('2D SPACE',''
  ) );
#3219 = PCURVE('',#3220,#3225);
#3220 = PLANE('',#3221);
#3221 = AXIS2_PLACEMENT_3D('',#3222,#3223,#3224);
#3222 = CARTESIAN_POINT('',(-39.,-33.55119395011,13.383528758676));
#3223 = DIRECTION('',(0.,-0.939692620786,0.342020143326));
#3224 = DIRECTION('',(1.,0.,0.));
#3225 = DEFINITIONAL_REPRESENTATION('',(#3226),#3230);
#3226 = CIRCLE('',#3227,3.2);
#3227 = AXIS2_PLACEMENT_2D('',#3228,#3229);
#3228 = CARTESIAN_POINT('',(-7.105427357601E-15,-3.338458827734E-15));
#3229 = DIRECTION('',(1.,0.));
#3230 = ( GEOMETRIC_REPRESENTATION_CONTEXT(2) 
PARAMETRIC_REPRESENTATION_CONTEXT() REPRESENTATION_CONTEXT('2D SPACE',''
  ) );
#3231 = ORIENTED_EDGE('',*,*,#3232,.T.);
#3232 = EDGE_CURVE('',#3204,#315,#3233,.T.);
#3233 = SEAM_CURVE('',#3234,(#3238,#3245),.PCURVE_S1.);
#3234 = LINE('',#3235,#3236);
#3235 = CARTESIAN_POINT('',(-35.8,-33.55119395011,13.383528758676));
#3236 = VECTOR('',#3237,1.);
#3237 = DIRECTION('',(0.,-0.939692620786,0.342020143326));
#3238 = PCURVE('',#335,#3239);
#3239 = DEFINITIONAL_REPRESENTATION('',(#3240),#3244);
#3240 = LINE('',#3241,#3242);
#3241 = CARTESIAN_POINT('',(-6.28318530718,0.));
#3242 = VECTOR('',#3243,1.);
#3243 = DIRECTION('',(-0.,-1.));
#3244 = ( GEOMETRIC_REPRESENTATION_CONTEXT(2) 
PARAMETRIC_REPRESENTATION_CONTEXT() REPRESENTATION_CONTEXT('2D SPACE',''
  ) );
#3245 = PCURVE('',#335,#3246);
#3246 = DEFINITIONAL_REPRESENTATION('',(#3247),#3251);
#3247 = LINE('',#3248,#3249);
#3248 = CARTESIAN_POINT('',(-0.,0.));
#3249 = VECTOR('',#3250,1.);
#3250 = DIRECTION('',(-0.,-1.));
#3251 = ( GEOMETRIC_REPRESENTATION_CONTEXT(2) 
PARAMETRIC_REPRESENTATION_CONTEXT() REPRESENTATION_CONTEXT('2D SPACE',''
  ) );
#3252 = ORIENTED_EDGE('',*,*,#314,.F.);
#3253 = ORIENTED_EDGE('',*,*,#3232,.F.);
#3254 = ADVANCED_FACE('',(#3255),#370,.T.);
#3255 = FACE_BOUND('',#3256,.F.);
#3256 = EDGE_LOOP('',(#3257,#3286,#3307,#3308));
#3257 = ORIENTED_EDGE('',*,*,#3258,.F.);
#3258 = EDGE_CURVE('',#3259,#3259,#3261,.T.);
#3259 = VERTEX_POINT('',#3260);
#3260 = CARTESIAN_POINT('',(42.2,-33.55119395011,13.383528758676));
#3261 = SURFACE_CURVE('',#3262,(#3267,#3274),.PCURVE_S1.);
#3262 = CIRCLE('',#3263,3.2);
#3263 = AXIS2_PLACEMENT_3D('',#3264,#3265,#3266);
#3264 = CARTESIAN_POINT('',(39.,-33.55119395011,13.383528758676));
#3265 = DIRECTION('',(0.,-0.939692620786,0.342020143326));
#3266 = DIRECTION('',(1.,0.,0.));
#3267 = PCURVE('',#370,#3268);
#3268 = DEFINITIONAL_REPRESENTATION('',(#3269),#3273);
#3269 = LINE('',#3270,#3271);
#3270 = CARTESIAN_POINT('',(-0.,0.));
#3271 = VECTOR('',#3272,1.);
#3272 = DIRECTION('',(-1.,0.));
#3273 = ( GEOMETRIC_REPRESENTATION_CONTEXT(2) 
PARAMETRIC_REPRESENTATION_CONTEXT() REPRESENTATION_CONTEXT('2D SPACE',''
  ) );
#3274 = PCURVE('',#3275,#3280);
#3275 = PLANE('',#3276);
#3276 = AXIS2_PLACEMENT_3D('',#3277,#3278,#3279);
#3277 = CARTESIAN_POINT('',(39.,-33.55119395011,13.383528758676));
#3278 = DIRECTION('',(0.,-0.939692620786,0.342020143326));
#3279 = DIRECTION('',(1.,0.,0.));
#3280 = DEFINITIONAL_REPRESENTATION('',(#3281),#3285);
#3281 = CIRCLE('',#3282,3.2);
#3282 = AXIS2_PLACEMENT_2D('',#3283,#3284);
#3283 = CARTESIAN_POINT('',(-7.105427357601E-15,-3.338458827734E-15));
#3284 = DIRECTION('',(1.,0.));
#3285 = ( GEOMETRIC_REPRESENTATION_CONTEXT(2) 
PARAMETRIC_REPRESENTATION_CONTEXT() REPRESENTATION_CONTEXT('2D SPACE',''
  ) );
#3286 = ORIENTED_EDGE('',*,*,#3287,.T.);
#3287 = EDGE_CURVE('',#3259,#350,#3288,.T.);
#3288 = SEAM_CURVE('',#3289,(#3293,#3300),.PCURVE_S1.);
#3289 = LINE('',#3290,#3291);
#3290 = CARTESIAN_POINT('',(42.2,-33.55119395011,13.383528758676));
#3291 = VECTOR('',#3292,1.);
#3292 = DIRECTION('',(0.,-0.939692620786,0.342020143326));
#3293 = PCURVE('',#370,#3294);
#3294 = DEFINITIONAL_REPRESENTATION('',(#3295),#3299);
#3295 = LINE('',#3296,#3297);
#3296 = CARTESIAN_POINT('',(-6.28318530718,0.));
#3297 = VECTOR('',#3298,1.);
#3298 = DIRECTION('',(-0.,-1.));
#3299 = ( GEOMETRIC_REPRESENTATION_CONTEXT(2) 
PARAMETRIC_REPRESENTATION_CONTEXT() REPRESENTATION_CONTEXT('2D SPACE',''
  ) );
#3300 = PCURVE('',#370,#3301);
#3301 = DEFINITIONAL_REPRESENTATION('',(#3302),#3306);
#3302 = LINE('',#3303,#3304);
#3303 = CARTESIAN_POINT('',(-0.,0.));
#3304 = VECTOR('',#3305,1.);
#3305 = DIRECTION('',(-0.,-1.));
#3306 = ( GEOMETRIC_REPRESENTATION_CONTEXT(2) 
PARAMETRIC_REPRESENTATION_CONTEXT() REPRESENTATION_CONTEXT('2D SPACE',''
  ) );
#3307 = ORIENTED_EDGE('',*,*,#349,.F.);
#3308 = ORIENTED_EDGE('',*,*,#3287,.F.);
#3309 = ADVANCED_FACE('',(#3310),#403,.F.);
#3310 = FACE_BOUND('',#3311,.F.);
#3311 = EDGE_LOOP('',(#3312,#3335,#3336,#3359));
#3312 = ORIENTED_EDGE('',*,*,#3313,.F.);
#3313 = EDGE_CURVE('',#385,#3314,#3316,.T.);
#3314 = VERTEX_POINT('',#3315);
#3315 = CARTESIAN_POINT('',(25.,-38.33627433716,14.273813370154));
#3316 = SURFACE_CURVE('',#3317,(#3321,#3328),.PCURVE_S1.);
#3317 = LINE('',#3318,#3319);
#3318 = CARTESIAN_POINT('',(25.,-36.26801087881,13.521027034694));
#3319 = VECTOR('',#3320,1.);
#3320 = DIRECTION('',(0.,-0.939692620786,0.342020143326));
#3321 = PCURVE('',#403,#3322);
#3322 = DEFINITIONAL_REPRESENTATION('',(#3323),#3327);
#3323 = LINE('',#3324,#3325);
#3324 = CARTESIAN_POINT('',(0.,0.));
#3325 = VECTOR('',#3326,1.);
#3326 = DIRECTION('',(0.,1.));
#3327 = ( GEOMETRIC_REPRESENTATION_CONTEXT(2) 
PARAMETRIC_REPRESENTATION_CONTEXT() REPRESENTATION_CONTEXT('2D SPACE',''
  ) );
#3328 = PCURVE('',#431,#3329);
#3329 = DEFINITIONAL_REPRESENTATION('',(#3330),#3334);
#3330 = LINE('',#3331,#3332);
#3331 = CARTESIAN_POINT('',(56.5,0.));
#3332 = VECTOR('',#3333,1.);
#3333 = DIRECTION('',(0.,-1.));
#3334 = ( GEOMETRIC_REPRESENTATION_CONTEXT(2) 
PARAMETRIC_REPRESENTATION_CONTEXT() REPRESENTATION_CONTEXT('2D SPACE',''
  ) );
#3335 = ORIENTED_EDGE('',*,*,#384,.T.);
#3336 = ORIENTED_EDGE('',*,*,#3337,.T.);
#3337 = EDGE_CURVE('',#387,#3338,#3340,.T.);
#3338 = VERTEX_POINT('',#3339);
#3339 = CARTESIAN_POINT('',(26.5,-37.82324412217,15.683352301333));
#3340 = SURFACE_CURVE('',#3341,(#3345,#3352),.PCURVE_S1.);
#3341 = LINE('',#3342,#3343);
#3342 = CARTESIAN_POINT('',(26.5,-35.75498066382,14.930565965873));
#3343 = VECTOR('',#3344,1.);
#3344 = DIRECTION('',(0.,-0.939692620786,0.342020143326));
#3345 = PCURVE('',#403,#3346);
#3346 = DEFINITIONAL_REPRESENTATION('',(#3347),#3351);
#3347 = LINE('',#3348,#3349);
#3348 = CARTESIAN_POINT('',(1.570796326795,0.));
#3349 = VECTOR('',#3350,1.);
#3350 = DIRECTION('',(0.,1.));
#3351 = ( GEOMETRIC_REPRESENTATION_CONTEXT(2) 
PARAMETRIC_REPRESENTATION_CONTEXT() REPRESENTATION_CONTEXT('2D SPACE',''
  ) );
#3352 = PCURVE('',#600,#3353);
#3353 = DEFINITIONAL_REPRESENTATION('',(#3354),#3358);
#3354 = LINE('',#3355,#3356);
#3355 = CARTESIAN_POINT('',(1.5,8.881784197001E-16));
#3356 = VECTOR('',#3357,1.);
#3357 = DIRECTION('',(0.,-1.));
#3358 = ( GEOMETRIC_REPRESENTATION_CONTEXT(2) 
PARAMETRIC_REPRESENTATION_CONTEXT() REPRESENTATION_CONTEXT('2D SPACE',''
  ) );
#3359 = ORIENTED_EDGE('',*,*,#3360,.F.);
#3360 = EDGE_CURVE('',#3314,#3338,#3361,.T.);
#3361 = SURFACE_CURVE('',#3362,(#3367,#3374),.PCURVE_S1.);
#3362 = CIRCLE('',#3363,1.5);
#3363 = AXIS2_PLACEMENT_3D('',#3364,#3365,#3366);
#3364 = CARTESIAN_POINT('',(25.,-37.82324412217,15.683352301333));
#3365 = DIRECTION('',(0.,-0.939692620786,0.342020143326));
#3366 = DIRECTION('',(0.,-0.342020143326,-0.939692620786));
#3367 = PCURVE('',#403,#3368);
#3368 = DEFINITIONAL_REPRESENTATION('',(#3369),#3373);
#3369 = LINE('',#3370,#3371);
#3370 = CARTESIAN_POINT('',(0.,2.201));
#3371 = VECTOR('',#3372,1.);
#3372 = DIRECTION('',(1.,0.));
#3373 = ( GEOMETRIC_REPRESENTATION_CONTEXT(2) 
PARAMETRIC_REPRESENTATION_CONTEXT() REPRESENTATION_CONTEXT('2D SPACE',''
  ) );
#3374 = PCURVE('',#3375,#3380);
#3375 = PLANE('',#3376);
#3376 = AXIS2_PLACEMENT_3D('',#3377,#3378,#3379);
#3377 = CARTESIAN_POINT('',(-31.5,-38.33627433716,14.273813370154));
#3378 = DIRECTION('',(0.,0.939692620786,-0.342020143326));
#3379 = DIRECTION('',(0.799337992669,0.205513632657,0.564644065114));
#3380 = DEFINITIONAL_REPRESENTATION('',(#3381),#3389);
#3381 = ( BOUNDED_CURVE() B_SPLINE_CURVE(2,(#3382,#3383,#3384,#3385,
#3386,#3387,#3388),.UNSPECIFIED.,.T.,.F.) B_SPLINE_CURVE_WITH_KNOTS((1,2
    ,2,2,2,1),(-2.094395102393,0.,2.094395102393,4.188790204786,
6.28318530718,8.377580409573),.UNSPECIFIED.) CURVE() 
GEOMETRIC_REPRESENTATION_ITEM() RATIONAL_B_SPLINE_CURVE((1.,0.5,1.,0.5,
1.,0.5,1.)) REPRESENTATION_ITEM('') );
#3382 = CARTESIAN_POINT('',(45.162596585796,33.949813985185));
#3383 = CARTESIAN_POINT('',(47.23933760938,35.510950340844));
#3384 = CARTESIAN_POINT('',(47.552950840361,32.931871679509));
#3385 = CARTESIAN_POINT('',(47.866564071342,30.352793018174));
#3386 = CARTESIAN_POINT('',(45.476209816777,31.37073532385));
#3387 = CARTESIAN_POINT('',(43.085855562212,32.388677629525));
#3388 = CARTESIAN_POINT('',(45.162596585796,33.949813985185));
#3389 = ( GEOMETRIC_REPRESENTATION_CONTEXT(2) 
PARAMETRIC_REPRESENTATION_CONTEXT() REPRESENTATION_CONTEXT('2D SPACE',''
  ) );
#3390 = ADVANCED_FACE('',(#3391),#431,.T.);
#3391 = FACE_BOUND('',#3392,.T.);
#3392 = EDGE_LOOP('',(#3393,#3394,#3395,#3418));
#3393 = ORIENTED_EDGE('',*,*,#3313,.F.);
#3394 = ORIENTED_EDGE('',*,*,#415,.T.);
#3395 = ORIENTED_EDGE('',*,*,#3396,.T.);
#3396 = EDGE_CURVE('',#416,#3397,#3399,.T.);
#3397 = VERTEX_POINT('',#3398);
#3398 = CARTESIAN_POINT('',(-30.,-38.33627433716,14.273813370154));
#3399 = SURFACE_CURVE('',#3400,(#3404,#3411),.PCURVE_S1.);
#3400 = LINE('',#3401,#3402);
#3401 = CARTESIAN_POINT('',(-30.,-36.26801087881,13.521027034694));
#3402 = VECTOR('',#3403,1.);
#3403 = DIRECTION('',(0.,-0.939692620786,0.342020143326));
#3404 = PCURVE('',#431,#3405);
#3405 = DEFINITIONAL_REPRESENTATION('',(#3406),#3410);
#3406 = LINE('',#3407,#3408);
#3407 = CARTESIAN_POINT('',(1.5,0.));
#3408 = VECTOR('',#3409,1.);
#3409 = DIRECTION('',(0.,-1.));
#3410 = ( GEOMETRIC_REPRESENTATION_CONTEXT(2) 
PARAMETRIC_REPRESENTATION_CONTEXT() REPRESENTATION_CONTEXT('2D SPACE',''
  ) );
#3411 = PCURVE('',#460,#3412);
#3412 = DEFINITIONAL_REPRESENTATION('',(#3413),#3417);
#3413 = LINE('',#3414,#3415);
#3414 = CARTESIAN_POINT('',(-0.,0.));
#3415 = VECTOR('',#3416,1.);
#3416 = DIRECTION('',(-0.,1.));
#3417 = ( GEOMETRIC_REPRESENTATION_CONTEXT(2) 
PARAMETRIC_REPRESENTATION_CONTEXT() REPRESENTATION_CONTEXT('2D SPACE',''
  ) );
#3418 = ORIENTED_EDGE('',*,*,#3419,.T.);
#3419 = EDGE_CURVE('',#3397,#3314,#3420,.T.);
#3420 = SURFACE_CURVE('',#3421,(#3425,#3432),.PCURVE_S1.);
#3421 = LINE('',#3422,#3423);
#3422 = CARTESIAN_POINT('',(-31.5,-38.33627433716,14.273813370154));
#3423 = VECTOR('',#3424,1.);
#3424 = DIRECTION('',(1.,0.,0.));
#3425 = PCURVE('',#431,#3426);
#3426 = DEFINITIONAL_REPRESENTATION('',(#3427),#3431);
#3427 = LINE('',#3428,#3429);
#3428 = CARTESIAN_POINT('',(0.,-2.201));
#3429 = VECTOR('',#3430,1.);
#3430 = DIRECTION('',(1.,0.));
#3431 = ( GEOMETRIC_REPRESENTATION_CONTEXT(2) 
PARAMETRIC_REPRESENTATION_CONTEXT() REPRESENTATION_CONTEXT('2D SPACE',''
  ) );
#3432 = PCURVE('',#3134,#3433);
#3433 = DEFINITIONAL_REPRESENTATION('',(#3434),#3437);
#3434 = B_SPLINE_CURVE_WITH_KNOTS('',1,(#3435,#3436),.UNSPECIFIED.,.F.,
  .F.,(2,2),(0.,58.),.PIECEWISE_BEZIER_KNOTS.);
#3435 = CARTESIAN_POINT('',(0.,1.));
#3436 = CARTESIAN_POINT('',(60.4,1.));
#3437 = ( GEOMETRIC_REPRESENTATION_CONTEXT(2) 
PARAMETRIC_REPRESENTATION_CONTEXT() REPRESENTATION_CONTEXT('2D SPACE',''
  ) );
#3438 = ADVANCED_FACE('',(#3439),#600,.T.);
#3439 = FACE_BOUND('',#3440,.T.);
#3440 = EDGE_LOOP('',(#3441,#3464,#3465,#3466));
#3441 = ORIENTED_EDGE('',*,*,#3442,.F.);
#3442 = EDGE_CURVE('',#558,#3443,#3445,.T.);
#3443 = VERTEX_POINT('',#3444);
#3444 = CARTESIAN_POINT('',(26.5,-23.93722630315,53.834872705241));
#3445 = SURFACE_CURVE('',#3446,(#3450,#3457),.PCURVE_S1.);
#3446 = LINE('',#3447,#3448);
#3447 = CARTESIAN_POINT('',(26.5,-21.8689628448,53.082086369781));
#3448 = VECTOR('',#3449,1.);
#3449 = DIRECTION('',(0.,-0.939692620786,0.342020143326));
#3450 = PCURVE('',#600,#3451);
#3451 = DEFINITIONAL_REPRESENTATION('',(#3452),#3456);
#3452 = LINE('',#3453,#3454);
#3453 = CARTESIAN_POINT('',(42.1,-7.105427357601E-15));
#3454 = VECTOR('',#3455,1.);
#3455 = DIRECTION('',(0.,-1.));
#3456 = ( GEOMETRIC_REPRESENTATION_CONTEXT(2) 
PARAMETRIC_REPRESENTATION_CONTEXT() REPRESENTATION_CONTEXT('2D SPACE',''
  ) );
#3457 = PCURVE('',#574,#3458);
#3458 = DEFINITIONAL_REPRESENTATION('',(#3459),#3463);
#3459 = LINE('',#3460,#3461);
#3460 = CARTESIAN_POINT('',(0.,0.));
#3461 = VECTOR('',#3462,1.);
#3462 = DIRECTION('',(0.,1.));
#3463 = ( GEOMETRIC_REPRESENTATION_CONTEXT(2) 
PARAMETRIC_REPRESENTATION_CONTEXT() REPRESENTATION_CONTEXT('2D SPACE',''
  ) );
#3464 = ORIENTED_EDGE('',*,*,#586,.T.);
#3465 = ORIENTED_EDGE('',*,*,#3337,.T.);
#3466 = ORIENTED_EDGE('',*,*,#3467,.T.);
#3467 = EDGE_CURVE('',#3338,#3443,#3468,.T.);
#3468 = SURFACE_CURVE('',#3469,(#3473,#3480),.PCURVE_S1.);
#3469 = LINE('',#3470,#3471);
#3470 = CARTESIAN_POINT('',(26.5,-38.33627433716,14.273813370154));
#3471 = VECTOR('',#3472,1.);
#3472 = DIRECTION('',(0.,0.342020143326,0.939692620786));
#3473 = PCURVE('',#600,#3474);
#3474 = DEFINITIONAL_REPRESENTATION('',(#3475),#3479);
#3475 = LINE('',#3476,#3477);
#3476 = CARTESIAN_POINT('',(3.774758283726E-15,-2.201));
#3477 = VECTOR('',#3478,1.);
#3478 = DIRECTION('',(1.,0.));
#3479 = ( GEOMETRIC_REPRESENTATION_CONTEXT(2) 
PARAMETRIC_REPRESENTATION_CONTEXT() REPRESENTATION_CONTEXT('2D SPACE',''
  ) );
#3480 = PCURVE('',#3109,#3481);
#3481 = DEFINITIONAL_REPRESENTATION('',(#3482),#3485);
#3482 = B_SPLINE_CURVE_WITH_KNOTS('',1,(#3483,#3484),.UNSPECIFIED.,.F.,
  .F.,(2,2),(0.,43.6),.PIECEWISE_BEZIER_KNOTS.);
#3483 = CARTESIAN_POINT('',(0.,1.));
#3484 = CARTESIAN_POINT('',(46.,1.));
#3485 = ( GEOMETRIC_REPRESENTATION_CONTEXT(2) 
PARAMETRIC_REPRESENTATION_CONTEXT() REPRESENTATION_CONTEXT('2D SPACE',''
  ) );
#3486 = ADVANCED_FACE('',(#3487),#460,.F.);
#3487 = FACE_BOUND('',#3488,.T.);
#3488 = EDGE_LOOP('',(#3489,#3490,#3491,#3514));
#3489 = ORIENTED_EDGE('',*,*,#3396,.F.);
#3490 = ORIENTED_EDGE('',*,*,#443,.F.);
#3491 = ORIENTED_EDGE('',*,*,#3492,.T.);
#3492 = EDGE_CURVE('',#444,#3493,#3495,.T.);
#3493 = VERTEX_POINT('',#3494);
#3494 = CARTESIAN_POINT('',(-31.5,-37.82324412217,15.683352301333));
#3495 = SURFACE_CURVE('',#3496,(#3500,#3507),.PCURVE_S1.);
#3496 = LINE('',#3497,#3498);
#3497 = CARTESIAN_POINT('',(-31.5,-35.75498066382,14.930565965873));
#3498 = VECTOR('',#3499,1.);
#3499 = DIRECTION('',(0.,-0.939692620786,0.342020143326));
#3500 = PCURVE('',#460,#3501);
#3501 = DEFINITIONAL_REPRESENTATION('',(#3502),#3506);
#3502 = LINE('',#3503,#3504);
#3503 = CARTESIAN_POINT('',(-1.570796326795,0.));
#3504 = VECTOR('',#3505,1.);
#3505 = DIRECTION('',(-0.,1.));
#3506 = ( GEOMETRIC_REPRESENTATION_CONTEXT(2) 
PARAMETRIC_REPRESENTATION_CONTEXT() REPRESENTATION_CONTEXT('2D SPACE',''
  ) );
#3507 = PCURVE('',#488,#3508);
#3508 = DEFINITIONAL_REPRESENTATION('',(#3509),#3513);
#3509 = LINE('',#3510,#3511);
#3510 = CARTESIAN_POINT('',(42.1,0.));
#3511 = VECTOR('',#3512,1.);
#3512 = DIRECTION('',(0.,-1.));
#3513 = ( GEOMETRIC_REPRESENTATION_CONTEXT(2) 
PARAMETRIC_REPRESENTATION_CONTEXT() REPRESENTATION_CONTEXT('2D SPACE',''
  ) );
#3514 = ORIENTED_EDGE('',*,*,#3515,.T.);
#3515 = EDGE_CURVE('',#3493,#3397,#3516,.T.);
#3516 = SURFACE_CURVE('',#3517,(#3522,#3529),.PCURVE_S1.);
#3517 = CIRCLE('',#3518,1.5);
#3518 = AXIS2_PLACEMENT_3D('',#3519,#3520,#3521);
#3519 = CARTESIAN_POINT('',(-30.,-37.82324412217,15.683352301333));
#3520 = DIRECTION('',(0.,-0.939692620786,0.342020143326));
#3521 = DIRECTION('',(0.,-0.342020143326,-0.939692620786));
#3522 = PCURVE('',#460,#3523);
#3523 = DEFINITIONAL_REPRESENTATION('',(#3524),#3528);
#3524 = LINE('',#3525,#3526);
#3525 = CARTESIAN_POINT('',(-6.28318530718,2.201));
#3526 = VECTOR('',#3527,1.);
#3527 = DIRECTION('',(1.,-0.));
#3528 = ( GEOMETRIC_REPRESENTATION_CONTEXT(2) 
PARAMETRIC_REPRESENTATION_CONTEXT() REPRESENTATION_CONTEXT('2D SPACE',''
  ) );
#3529 = PCURVE('',#3530,#3535);
#3530 = PLANE('',#3531);
#3531 = AXIS2_PLACEMENT_3D('',#3532,#3533,#3534);
#3532 = CARTESIAN_POINT('',(-31.5,-38.33627433716,14.273813370154));
#3533 = DIRECTION('',(0.,0.939692620786,-0.342020143326));
#3534 = DIRECTION('',(0.799337992669,0.205513632657,0.564644065114));
#3535 = DEFINITIONAL_REPRESENTATION('',(#3536),#3544);
#3536 = ( BOUNDED_CURVE() B_SPLINE_CURVE(2,(#3537,#3538,#3539,#3540,
#3541,#3542,#3543),.UNSPECIFIED.,.T.,.F.) B_SPLINE_CURVE_WITH_KNOTS((1,2
    ,2,2,2,1),(-2.094395102393,0.,2.094395102393,4.188790204786,
6.28318530718,8.377580409573),.UNSPECIFIED.) CURVE() 
GEOMETRIC_REPRESENTATION_ITEM() RATIONAL_B_SPLINE_CURVE((1.,0.5,1.,0.5,
1.,0.5,1.)) REPRESENTATION_ITEM('') );
#3537 = CARTESIAN_POINT('',(1.199006989003,0.901322495182));
#3538 = CARTESIAN_POINT('',(3.275748012588,2.462458850842));
#3539 = CARTESIAN_POINT('',(3.589361243568,-0.116619810493));
#3540 = CARTESIAN_POINT('',(3.902974474549,-2.695698471828));
#3541 = CARTESIAN_POINT('',(1.512620219984,-1.677756166153));
#3542 = CARTESIAN_POINT('',(-0.877734034581,-0.659813860478));
#3543 = CARTESIAN_POINT('',(1.199006989003,0.901322495182));
#3544 = ( GEOMETRIC_REPRESENTATION_CONTEXT(2) 
PARAMETRIC_REPRESENTATION_CONTEXT() REPRESENTATION_CONTEXT('2D SPACE',''
  ) );
#3545 = ADVANCED_FACE('',(#3546),#574,.F.);
#3546 = FACE_BOUND('',#3547,.F.);
#3547 = EDGE_LOOP('',(#3548,#3549,#3550,#3573));
#3548 = ORIENTED_EDGE('',*,*,#3442,.F.);
#3549 = ORIENTED_EDGE('',*,*,#557,.T.);
#3550 = ORIENTED_EDGE('',*,*,#3551,.T.);
#3551 = EDGE_CURVE('',#530,#3552,#3554,.T.);
#3552 = VERTEX_POINT('',#3553);
#3553 = CARTESIAN_POINT('',(25.,-23.42419608816,55.24441163642));
#3554 = SURFACE_CURVE('',#3555,(#3559,#3566),.PCURVE_S1.);
#3555 = LINE('',#3556,#3557);
#3556 = CARTESIAN_POINT('',(25.,-21.35593262981,54.49162530096));
#3557 = VECTOR('',#3558,1.);
#3558 = DIRECTION('',(0.,-0.939692620786,0.342020143326));
#3559 = PCURVE('',#574,#3560);
#3560 = DEFINITIONAL_REPRESENTATION('',(#3561),#3565);
#3561 = LINE('',#3562,#3563);
#3562 = CARTESIAN_POINT('',(1.570796326795,0.));
#3563 = VECTOR('',#3564,1.);
#3564 = DIRECTION('',(0.,1.));
#3565 = ( GEOMETRIC_REPRESENTATION_CONTEXT(2) 
PARAMETRIC_REPRESENTATION_CONTEXT() REPRESENTATION_CONTEXT('2D SPACE',''
  ) );
#3566 = PCURVE('',#545,#3567);
#3567 = DEFINITIONAL_REPRESENTATION('',(#3568),#3572);
#3568 = LINE('',#3569,#3570);
#3569 = CARTESIAN_POINT('',(1.5,0.));
#3570 = VECTOR('',#3571,1.);
#3571 = DIRECTION('',(0.,-1.));
#3572 = ( GEOMETRIC_REPRESENTATION_CONTEXT(2) 
PARAMETRIC_REPRESENTATION_CONTEXT() REPRESENTATION_CONTEXT('2D SPACE',''
  ) );
#3573 = ORIENTED_EDGE('',*,*,#3574,.F.);
#3574 = EDGE_CURVE('',#3443,#3552,#3575,.T.);
#3575 = SURFACE_CURVE('',#3576,(#3581,#3588),.PCURVE_S1.);
#3576 = CIRCLE('',#3577,1.5);
#3577 = AXIS2_PLACEMENT_3D('',#3578,#3579,#3580);
#3578 = CARTESIAN_POINT('',(25.,-23.93722630315,53.834872705241));
#3579 = DIRECTION('',(0.,-0.939692620786,0.342020143326));
#3580 = DIRECTION('',(1.,0.,0.));
#3581 = PCURVE('',#574,#3582);
#3582 = DEFINITIONAL_REPRESENTATION('',(#3583),#3587);
#3583 = LINE('',#3584,#3585);
#3584 = CARTESIAN_POINT('',(0.,2.201));
#3585 = VECTOR('',#3586,1.);
#3586 = DIRECTION('',(1.,0.));
#3587 = ( GEOMETRIC_REPRESENTATION_CONTEXT(2) 
PARAMETRIC_REPRESENTATION_CONTEXT() REPRESENTATION_CONTEXT('2D SPACE',''
  ) );
#3588 = PCURVE('',#3589,#3594);
#3589 = PLANE('',#3590);
#3590 = AXIS2_PLACEMENT_3D('',#3591,#3592,#3593);
#3591 = CARTESIAN_POINT('',(-31.5,-38.33627433716,14.273813370154));
#3592 = DIRECTION('',(0.,0.939692620786,-0.342020143326));
#3593 = DIRECTION('',(0.799337992669,0.205513632657,0.564644065114));
#3594 = DEFINITIONAL_REPRESENTATION('',(#3595),#3603);
#3595 = ( BOUNDED_CURVE() B_SPLINE_CURVE(2,(#3596,#3597,#3598,#3599,
#3600,#3601,#3602),.UNSPECIFIED.,.T.,.F.) B_SPLINE_CURVE_WITH_KNOTS((1,2
    ,2,2,2,1),(-2.094395102393,0.,2.094395102393,4.188790204786,
6.28318530718,8.377580409573),.UNSPECIFIED.) CURVE() 
GEOMETRIC_REPRESENTATION_ITEM() RATIONAL_B_SPLINE_CURVE((1.,0.5,1.,0.5,
1.,0.5,1.)) REPRESENTATION_ITEM('') );
#3596 = CARTESIAN_POINT('',(71.658721606238,1.199006989003));
#3597 = CARTESIAN_POINT('',(73.219857961898,-0.877734034581));
#3598 = CARTESIAN_POINT('',(70.640779300563,-1.191347265561));
#3599 = CARTESIAN_POINT('',(68.061700639228,-1.504960496542));
#3600 = CARTESIAN_POINT('',(69.079642944903,0.885393758023));
#3601 = CARTESIAN_POINT('',(70.097585250578,3.275748012588));
#3602 = CARTESIAN_POINT('',(71.658721606238,1.199006989003));
#3603 = ( GEOMETRIC_REPRESENTATION_CONTEXT(2) 
PARAMETRIC_REPRESENTATION_CONTEXT() REPRESENTATION_CONTEXT('2D SPACE',''
  ) );
#3604 = ADVANCED_FACE('',(#3605),#488,.T.);
#3605 = FACE_BOUND('',#3606,.T.);
#3606 = EDGE_LOOP('',(#3607,#3608,#3609,#3632));
#3607 = ORIENTED_EDGE('',*,*,#3492,.F.);
#3608 = ORIENTED_EDGE('',*,*,#472,.T.);
#3609 = ORIENTED_EDGE('',*,*,#3610,.T.);
#3610 = EDGE_CURVE('',#473,#3611,#3613,.T.);
#3611 = VERTEX_POINT('',#3612);
#3612 = CARTESIAN_POINT('',(-31.5,-23.93722630315,53.834872705241));
#3613 = SURFACE_CURVE('',#3614,(#3618,#3625),.PCURVE_S1.);
#3614 = LINE('',#3615,#3616);
#3615 = CARTESIAN_POINT('',(-31.5,-21.8689628448,53.082086369781));
#3616 = VECTOR('',#3617,1.);
#3617 = DIRECTION('',(0.,-0.939692620786,0.342020143326));
#3618 = PCURVE('',#488,#3619);
#3619 = DEFINITIONAL_REPRESENTATION('',(#3620),#3624);
#3620 = LINE('',#3621,#3622);
#3621 = CARTESIAN_POINT('',(1.5,-2.109423746788E-15));
#3622 = VECTOR('',#3623,1.);
#3623 = DIRECTION('',(0.,-1.));
#3624 = ( GEOMETRIC_REPRESENTATION_CONTEXT(2) 
PARAMETRIC_REPRESENTATION_CONTEXT() REPRESENTATION_CONTEXT('2D SPACE',''
  ) );
#3625 = PCURVE('',#517,#3626);
#3626 = DEFINITIONAL_REPRESENTATION('',(#3627),#3631);
#3627 = LINE('',#3628,#3629);
#3628 = CARTESIAN_POINT('',(1.570796326795,0.));
#3629 = VECTOR('',#3630,1.);
#3630 = DIRECTION('',(0.,1.));
#3631 = ( GEOMETRIC_REPRESENTATION_CONTEXT(2) 
PARAMETRIC_REPRESENTATION_CONTEXT() REPRESENTATION_CONTEXT('2D SPACE',''
  ) );
#3632 = ORIENTED_EDGE('',*,*,#3633,.T.);
#3633 = EDGE_CURVE('',#3611,#3493,#3634,.T.);
#3634 = SURFACE_CURVE('',#3635,(#3639,#3646),.PCURVE_S1.);
#3635 = LINE('',#3636,#3637);
#3636 = CARTESIAN_POINT('',(-31.5,-23.42419608816,55.24441163642));
#3637 = VECTOR('',#3638,1.);
#3638 = DIRECTION('',(0.,-0.342020143326,-0.939692620786));
#3639 = PCURVE('',#488,#3640);
#3640 = DEFINITIONAL_REPRESENTATION('',(#3641),#3645);
#3641 = LINE('',#3642,#3643);
#3642 = CARTESIAN_POINT('',(0.,-2.201));
#3643 = VECTOR('',#3644,1.);
#3644 = DIRECTION('',(1.,0.));
#3645 = ( GEOMETRIC_REPRESENTATION_CONTEXT(2) 
PARAMETRIC_REPRESENTATION_CONTEXT() REPRESENTATION_CONTEXT('2D SPACE',''
  ) );
#3646 = PCURVE('',#3159,#3647);
#3647 = DEFINITIONAL_REPRESENTATION('',(#3648),#3651);
#3648 = B_SPLINE_CURVE_WITH_KNOTS('',1,(#3649,#3650),.UNSPECIFIED.,.F.,
  .F.,(2,2),(0.,43.6),.PIECEWISE_BEZIER_KNOTS.);
#3649 = CARTESIAN_POINT('',(0.,1.));
#3650 = CARTESIAN_POINT('',(46.,1.));
#3651 = ( GEOMETRIC_REPRESENTATION_CONTEXT(2) 
PARAMETRIC_REPRESENTATION_CONTEXT() REPRESENTATION_CONTEXT('2D SPACE',''
  ) );
#3652 = ADVANCED_FACE('',(#3653),#545,.T.);
#3653 = FACE_BOUND('',#3654,.T.);
#3654 = EDGE_LOOP('',(#3655,#3678,#3679,#3680));
#3655 = ORIENTED_EDGE('',*,*,#3656,.F.);
#3656 = EDGE_CURVE('',#501,#3657,#3659,.T.);
#3657 = VERTEX_POINT('',#3658);
#3658 = CARTESIAN_POINT('',(-30.,-23.42419608816,55.24441163642));
#3659 = SURFACE_CURVE('',#3660,(#3664,#3671),.PCURVE_S1.);
#3660 = LINE('',#3661,#3662);
#3661 = CARTESIAN_POINT('',(-30.,-21.35593262981,54.49162530096));
#3662 = VECTOR('',#3663,1.);
#3663 = DIRECTION('',(0.,-0.939692620786,0.342020143326));
#3664 = PCURVE('',#545,#3665);
#3665 = DEFINITIONAL_REPRESENTATION('',(#3666),#3670);
#3666 = LINE('',#3667,#3668);
#3667 = CARTESIAN_POINT('',(56.5,0.));
#3668 = VECTOR('',#3669,1.);
#3669 = DIRECTION('',(0.,-1.));
#3670 = ( GEOMETRIC_REPRESENTATION_CONTEXT(2) 
PARAMETRIC_REPRESENTATION_CONTEXT() REPRESENTATION_CONTEXT('2D SPACE',''
  ) );
#3671 = PCURVE('',#517,#3672);
#3672 = DEFINITIONAL_REPRESENTATION('',(#3673),#3677);
#3673 = LINE('',#3674,#3675);
#3674 = CARTESIAN_POINT('',(0.,0.));
#3675 = VECTOR('',#3676,1.);
#3676 = DIRECTION('',(0.,1.));
#3677 = ( GEOMETRIC_REPRESENTATION_CONTEXT(2) 
PARAMETRIC_REPRESENTATION_CONTEXT() REPRESENTATION_CONTEXT('2D SPACE',''
  ) );
#3678 = ORIENTED_EDGE('',*,*,#529,.T.);
#3679 = ORIENTED_EDGE('',*,*,#3551,.T.);
#3680 = ORIENTED_EDGE('',*,*,#3681,.T.);
#3681 = EDGE_CURVE('',#3552,#3657,#3682,.T.);
#3682 = SURFACE_CURVE('',#3683,(#3687,#3694),.PCURVE_S1.);
#3683 = LINE('',#3684,#3685);
#3684 = CARTESIAN_POINT('',(26.5,-23.42419608816,55.24441163642));
#3685 = VECTOR('',#3686,1.);
#3686 = DIRECTION('',(-1.,0.,0.));
#3687 = PCURVE('',#545,#3688);
#3688 = DEFINITIONAL_REPRESENTATION('',(#3689),#3693);
#3689 = LINE('',#3690,#3691);
#3690 = CARTESIAN_POINT('',(0.,-2.201));
#3691 = VECTOR('',#3692,1.);
#3692 = DIRECTION('',(1.,0.));
#3693 = ( GEOMETRIC_REPRESENTATION_CONTEXT(2) 
PARAMETRIC_REPRESENTATION_CONTEXT() REPRESENTATION_CONTEXT('2D SPACE',''
  ) );
#3694 = PCURVE('',#3182,#3695);
#3695 = DEFINITIONAL_REPRESENTATION('',(#3696),#3699);
#3696 = B_SPLINE_CURVE_WITH_KNOTS('',1,(#3697,#3698),.UNSPECIFIED.,.F.,
  .F.,(2,2),(0.,58.),.PIECEWISE_BEZIER_KNOTS.);
#3697 = CARTESIAN_POINT('',(0.,1.));
#3698 = CARTESIAN_POINT('',(60.4,1.));
#3699 = ( GEOMETRIC_REPRESENTATION_CONTEXT(2) 
PARAMETRIC_REPRESENTATION_CONTEXT() REPRESENTATION_CONTEXT('2D SPACE',''
  ) );
#3700 = ADVANCED_FACE('',(#3701),#517,.F.);
#3701 = FACE_BOUND('',#3702,.F.);
#3702 = EDGE_LOOP('',(#3703,#3704,#3705,#3706));
#3703 = ORIENTED_EDGE('',*,*,#3656,.F.);
#3704 = ORIENTED_EDGE('',*,*,#500,.T.);
#3705 = ORIENTED_EDGE('',*,*,#3610,.T.);
#3706 = ORIENTED_EDGE('',*,*,#3707,.F.);
#3707 = EDGE_CURVE('',#3657,#3611,#3708,.T.);
#3708 = SURFACE_CURVE('',#3709,(#3714,#3721),.PCURVE_S1.);
#3709 = CIRCLE('',#3710,1.5);
#3710 = AXIS2_PLACEMENT_3D('',#3711,#3712,#3713);
#3711 = CARTESIAN_POINT('',(-30.,-23.93722630315,53.834872705241));
#3712 = DIRECTION('',(0.,-0.939692620786,0.342020143326));
#3713 = DIRECTION('',(0.,0.342020143326,0.939692620786));
#3714 = PCURVE('',#517,#3715);
#3715 = DEFINITIONAL_REPRESENTATION('',(#3716),#3720);
#3716 = LINE('',#3717,#3718);
#3717 = CARTESIAN_POINT('',(0.,2.201));
#3718 = VECTOR('',#3719,1.);
#3719 = DIRECTION('',(1.,0.));
#3720 = ( GEOMETRIC_REPRESENTATION_CONTEXT(2) 
PARAMETRIC_REPRESENTATION_CONTEXT() REPRESENTATION_CONTEXT('2D SPACE',''
  ) );
#3721 = PCURVE('',#3722,#3727);
#3722 = PLANE('',#3723);
#3723 = AXIS2_PLACEMENT_3D('',#3724,#3725,#3726);
#3724 = CARTESIAN_POINT('',(-31.5,-38.33627433716,14.273813370154));
#3725 = DIRECTION('',(0.,0.939692620786,-0.342020143326));
#3726 = DIRECTION('',(0.799337992669,0.205513632657,0.564644065114));
#3727 = DEFINITIONAL_REPRESENTATION('',(#3728),#3736);
#3728 = ( BOUNDED_CURVE() B_SPLINE_CURVE(2,(#3729,#3730,#3731,#3732,
#3733,#3734,#3735),.UNSPECIFIED.,.T.,.F.) B_SPLINE_CURVE_WITH_KNOTS((1,2
    ,2,2,2,1),(-2.094395102393,0.,2.094395102393,4.188790204786,
6.28318530718,8.377580409573),.UNSPECIFIED.) CURVE() 
GEOMETRIC_REPRESENTATION_ITEM() RATIONAL_B_SPLINE_CURVE((1.,0.5,1.,0.5,
1.,0.5,1.)) REPRESENTATION_ITEM('') );
#3729 = CARTESIAN_POINT('',(27.397447515624,-33.94981398518));
#3730 = CARTESIAN_POINT('',(25.32070649204,-35.51095034084));
#3731 = CARTESIAN_POINT('',(25.007093261059,-32.9318716795));
#3732 = CARTESIAN_POINT('',(24.693480030078,-30.35279301817));
#3733 = CARTESIAN_POINT('',(27.083834284643,-31.37073532385));
#3734 = CARTESIAN_POINT('',(29.474188539208,-32.38867762952));
#3735 = CARTESIAN_POINT('',(27.397447515624,-33.94981398518));
#3736 = ( GEOMETRIC_REPRESENTATION_CONTEXT(2) 
PARAMETRIC_REPRESENTATION_CONTEXT() REPRESENTATION_CONTEXT('2D SPACE',''
  ) );
#3737 = ADVANCED_FACE('',(#3738),#635,.T.);
#3738 = FACE_BOUND('',#3739,.F.);
#3739 = EDGE_LOOP('',(#3740,#3769,#3790,#3791));
#3740 = ORIENTED_EDGE('',*,*,#3741,.F.);
#3741 = EDGE_CURVE('',#3742,#3742,#3744,.T.);
#3742 = VERTEX_POINT('',#3743);
#3743 = CARTESIAN_POINT('',(-35.8,-19.18634793043,52.850618831684));
#3744 = SURFACE_CURVE('',#3745,(#3750,#3757),.PCURVE_S1.);
#3745 = CIRCLE('',#3746,3.2);
#3746 = AXIS2_PLACEMENT_3D('',#3747,#3748,#3749);
#3747 = CARTESIAN_POINT('',(-39.,-19.18634793043,52.850618831684));
#3748 = DIRECTION('',(0.,-0.939692620786,0.342020143326));
#3749 = DIRECTION('',(1.,0.,0.));
#3750 = PCURVE('',#635,#3751);
#3751 = DEFINITIONAL_REPRESENTATION('',(#3752),#3756);
#3752 = LINE('',#3753,#3754);
#3753 = CARTESIAN_POINT('',(-0.,0.));
#3754 = VECTOR('',#3755,1.);
#3755 = DIRECTION('',(-1.,0.));
#3756 = ( GEOMETRIC_REPRESENTATION_CONTEXT(2) 
PARAMETRIC_REPRESENTATION_CONTEXT() REPRESENTATION_CONTEXT('2D SPACE',''
  ) );
#3757 = PCURVE('',#3758,#3763);
#3758 = PLANE('',#3759);
#3759 = AXIS2_PLACEMENT_3D('',#3760,#3761,#3762);
#3760 = CARTESIAN_POINT('',(-39.,-19.18634793043,52.850618831684));
#3761 = DIRECTION('',(0.,-0.939692620786,0.342020143326));
#3762 = DIRECTION('',(1.,0.,0.));
#3763 = DEFINITIONAL_REPRESENTATION('',(#3764),#3768);
#3764 = CIRCLE('',#3765,3.2);
#3765 = AXIS2_PLACEMENT_2D('',#3766,#3767);
#3766 = CARTESIAN_POINT('',(-7.105427357601E-15,0.));
#3767 = DIRECTION('',(1.,0.));
#3768 = ( GEOMETRIC_REPRESENTATION_CONTEXT(2) 
PARAMETRIC_REPRESENTATION_CONTEXT() REPRESENTATION_CONTEXT('2D SPACE',''
  ) );
#3769 = ORIENTED_EDGE('',*,*,#3770,.T.);
#3770 = EDGE_CURVE('',#3742,#615,#3771,.T.);
#3771 = SEAM_CURVE('',#3772,(#3776,#3783),.PCURVE_S1.);
#3772 = LINE('',#3773,#3774);
#3773 = CARTESIAN_POINT('',(-35.8,-19.18634793043,52.850618831684));
#3774 = VECTOR('',#3775,1.);
#3775 = DIRECTION('',(0.,-0.939692620786,0.342020143326));
#3776 = PCURVE('',#635,#3777);
#3777 = DEFINITIONAL_REPRESENTATION('',(#3778),#3782);
#3778 = LINE('',#3779,#3780);
#3779 = CARTESIAN_POINT('',(-6.28318530718,0.));
#3780 = VECTOR('',#3781,1.);
#3781 = DIRECTION('',(-0.,-1.));
#3782 = ( GEOMETRIC_REPRESENTATION_CONTEXT(2) 
PARAMETRIC_REPRESENTATION_CONTEXT() REPRESENTATION_CONTEXT('2D SPACE',''
  ) );
#3783 = PCURVE('',#635,#3784);
#3784 = DEFINITIONAL_REPRESENTATION('',(#3785),#3789);
#3785 = LINE('',#3786,#3787);
#3786 = CARTESIAN_POINT('',(-0.,0.));
#3787 = VECTOR('',#3788,1.);
#3788 = DIRECTION('',(-0.,-1.));
#3789 = ( GEOMETRIC_REPRESENTATION_CONTEXT(2) 
PARAMETRIC_REPRESENTATION_CONTEXT() REPRESENTATION_CONTEXT('2D SPACE',''
  ) );
#3790 = ORIENTED_EDGE('',*,*,#614,.F.);
#3791 = ORIENTED_EDGE('',*,*,#3770,.F.);
#3792 = ADVANCED_FACE('',(#3793),#670,.T.);
#3793 = FACE_BOUND('',#3794,.F.);
#3794 = EDGE_LOOP('',(#3795,#3824,#3845,#3846));
#3795 = ORIENTED_EDGE('',*,*,#3796,.F.);
#3796 = EDGE_CURVE('',#3797,#3797,#3799,.T.);
#3797 = VERTEX_POINT('',#3798);
#3798 = CARTESIAN_POINT('',(42.2,-19.18634793043,52.850618831684));
#3799 = SURFACE_CURVE('',#3800,(#3805,#3812),.PCURVE_S1.);
#3800 = CIRCLE('',#3801,3.2);
#3801 = AXIS2_PLACEMENT_3D('',#3802,#3803,#3804);
#3802 = CARTESIAN_POINT('',(39.,-19.18634793043,52.850618831684));
#3803 = DIRECTION('',(0.,-0.939692620786,0.342020143326));
#3804 = DIRECTION('',(1.,0.,0.));
#3805 = PCURVE('',#670,#3806);
#3806 = DEFINITIONAL_REPRESENTATION('',(#3807),#3811);
#3807 = LINE('',#3808,#3809);
#3808 = CARTESIAN_POINT('',(-0.,0.));
#3809 = VECTOR('',#3810,1.);
#3810 = DIRECTION('',(-1.,0.));
#3811 = ( GEOMETRIC_REPRESENTATION_CONTEXT(2) 
PARAMETRIC_REPRESENTATION_CONTEXT() REPRESENTATION_CONTEXT('2D SPACE',''
  ) );
#3812 = PCURVE('',#3813,#3818);
#3813 = PLANE('',#3814);
#3814 = AXIS2_PLACEMENT_3D('',#3815,#3816,#3817);
#3815 = CARTESIAN_POINT('',(39.,-19.18634793043,52.850618831684));
#3816 = DIRECTION('',(0.,-0.939692620786,0.342020143326));
#3817 = DIRECTION('',(1.,0.,0.));
#3818 = DEFINITIONAL_REPRESENTATION('',(#3819),#3823);
#3819 = CIRCLE('',#3820,3.2);
#3820 = AXIS2_PLACEMENT_2D('',#3821,#3822);
#3821 = CARTESIAN_POINT('',(-7.105427357601E-15,0.));
#3822 = DIRECTION('',(1.,0.));
#3823 = ( GEOMETRIC_REPRESENTATION_CONTEXT(2) 
PARAMETRIC_REPRESENTATION_CONTEXT() REPRESENTATION_CONTEXT('2D SPACE',''
  ) );
#3824 = ORIENTED_EDGE('',*,*,#3825,.T.);
#3825 = EDGE_CURVE('',#3797,#650,#3826,.T.);
#3826 = SEAM_CURVE('',#3827,(#3831,#3838),.PCURVE_S1.);
#3827 = LINE('',#3828,#3829);
#3828 = CARTESIAN_POINT('',(42.2,-19.18634793043,52.850618831684));
#3829 = VECTOR('',#3830,1.);
#3830 = DIRECTION('',(0.,-0.939692620786,0.342020143326));
#3831 = PCURVE('',#670,#3832);
#3832 = DEFINITIONAL_REPRESENTATION('',(#3833),#3837);
#3833 = LINE('',#3834,#3835);
#3834 = CARTESIAN_POINT('',(-6.28318530718,0.));
#3835 = VECTOR('',#3836,1.);
#3836 = DIRECTION('',(-0.,-1.));
#3837 = ( GEOMETRIC_REPRESENTATION_CONTEXT(2) 
PARAMETRIC_REPRESENTATION_CONTEXT() REPRESENTATION_CONTEXT('2D SPACE',''
  ) );
#3838 = PCURVE('',#670,#3839);
#3839 = DEFINITIONAL_REPRESENTATION('',(#3840),#3844);
#3840 = LINE('',#3841,#3842);
#3841 = CARTESIAN_POINT('',(-0.,0.));
#3842 = VECTOR('',#3843,1.);
#3843 = DIRECTION('',(-0.,-1.));
#3844 = ( GEOMETRIC_REPRESENTATION_CONTEXT(2) 
PARAMETRIC_REPRESENTATION_CONTEXT() REPRESENTATION_CONTEXT('2D SPACE',''
  ) );
#3845 = ORIENTED_EDGE('',*,*,#649,.F.);
#3846 = ORIENTED_EDGE('',*,*,#3825,.F.);
#3847 = ADVANCED_FACE('',(#3848),#729,.T.);
#3848 = FACE_BOUND('',#3849,.T.);
#3849 = EDGE_LOOP('',(#3850,#3873,#3901,#3922));
#3850 = ORIENTED_EDGE('',*,*,#3851,.T.);
#3851 = EDGE_CURVE('',#712,#3852,#3854,.T.);
#3852 = VERTEX_POINT('',#3853);
#3853 = CARTESIAN_POINT('',(-4.94339453125,-41.07651549624,
    8.788801937441));
#3854 = SURFACE_CURVE('',#3855,(#3859,#3866),.PCURVE_S1.);
#3855 = LINE('',#3856,#3857);
#3856 = CARTESIAN_POINT('',(-4.94339453125,-41.54636180663,
    8.959812009104));
#3857 = VECTOR('',#3858,1.);
#3858 = DIRECTION('',(0.,0.939692620786,-0.342020143326));
#3859 = PCURVE('',#729,#3860);
#3860 = DEFINITIONAL_REPRESENTATION('',(#3861),#3865);
#3861 = LINE('',#3862,#3863);
#3862 = CARTESIAN_POINT('',(0.,0.));
#3863 = VECTOR('',#3864,1.);
#3864 = DIRECTION('',(0.,-1.));
#3865 = ( GEOMETRIC_REPRESENTATION_CONTEXT(2) 
PARAMETRIC_REPRESENTATION_CONTEXT() REPRESENTATION_CONTEXT('2D SPACE',''
  ) );
#3866 = PCURVE('',#1589,#3867);
#3867 = DEFINITIONAL_REPRESENTATION('',(#3868),#3872);
#3868 = LINE('',#3869,#3870);
#3869 = CARTESIAN_POINT('',(1.,0.));
#3870 = VECTOR('',#3871,1.);
#3871 = DIRECTION('',(0.,-1.));
#3872 = ( GEOMETRIC_REPRESENTATION_CONTEXT(2) 
PARAMETRIC_REPRESENTATION_CONTEXT() REPRESENTATION_CONTEXT('2D SPACE',''
  ) );
#3873 = ORIENTED_EDGE('',*,*,#3874,.T.);
#3874 = EDGE_CURVE('',#3852,#3875,#3877,.T.);
#3875 = VERTEX_POINT('',#3876);
#3876 = CARTESIAN_POINT('',(-4.861493164062,-41.22088406916,
    8.392152543264));
#3877 = SURFACE_CURVE('',#3878,(#3882,#3889),.PCURVE_S1.);
#3878 = B_SPLINE_CURVE_WITH_KNOTS('',2,(#3879,#3880,#3881),
  .UNSPECIFIED.,.F.,.F.,(3,3),(0.,1.),.PIECEWISE_BEZIER_KNOTS.);
#3879 = CARTESIAN_POINT('',(-4.94339453125,-41.07651549624,
    8.788801937441));
#3880 = CARTESIAN_POINT('',(-4.861493164062,-41.13900164121,
    8.617122665096));
#3881 = CARTESIAN_POINT('',(-4.861493164062,-41.22088406916,
    8.392152543264));
#3882 = PCURVE('',#729,#3883);
#3883 = DEFINITIONAL_REPRESENTATION('',(#3884),#3888);
#3884 = LINE('',#3885,#3886);
#3885 = CARTESIAN_POINT('',(0.,-0.5));
#3886 = VECTOR('',#3887,1.);
#3887 = DIRECTION('',(1.,0.));
#3888 = ( GEOMETRIC_REPRESENTATION_CONTEXT(2) 
PARAMETRIC_REPRESENTATION_CONTEXT() REPRESENTATION_CONTEXT('2D SPACE',''
  ) );
#3889 = PCURVE('',#3890,#3895);
#3890 = PLANE('',#3891);
#3891 = AXIS2_PLACEMENT_3D('',#3892,#3893,#3894);
#3892 = CARTESIAN_POINT('',(-7.444493164063,-41.94917989194,
    6.391176215506));
#3893 = DIRECTION('',(0.,-0.939692620786,0.342020143326));
#3894 = DIRECTION('',(1.,0.,0.));
#3895 = DEFINITIONAL_REPRESENTATION('',(#3896),#3900);
#3896 = B_SPLINE_CURVE_WITH_KNOTS('',2,(#3897,#3898,#3899),
  .UNSPECIFIED.,.F.,.F.,(3,3),(0.,1.),.PIECEWISE_BEZIER_KNOTS.);
#3897 = CARTESIAN_POINT('',(2.501098632812,2.5515));
#3898 = CARTESIAN_POINT('',(2.583,2.368802734375));
#3899 = CARTESIAN_POINT('',(2.583,2.12939453125));
#3900 = ( GEOMETRIC_REPRESENTATION_CONTEXT(2) 
PARAMETRIC_REPRESENTATION_CONTEXT() REPRESENTATION_CONTEXT('2D SPACE',''
  ) );
#3901 = ORIENTED_EDGE('',*,*,#3902,.F.);
#3902 = EDGE_CURVE('',#714,#3875,#3903,.T.);
#3903 = SURFACE_CURVE('',#3904,(#3908,#3915),.PCURVE_S1.);
#3904 = LINE('',#3905,#3906);
#3905 = CARTESIAN_POINT('',(-4.861493164062,-41.69073037955,
    8.563162614926));
#3906 = VECTOR('',#3907,1.);
#3907 = DIRECTION('',(0.,0.939692620786,-0.342020143326));
#3908 = PCURVE('',#729,#3909);
#3909 = DEFINITIONAL_REPRESENTATION('',(#3910),#3914);
#3910 = LINE('',#3911,#3912);
#3911 = CARTESIAN_POINT('',(1.,0.));
#3912 = VECTOR('',#3913,1.);
#3913 = DIRECTION('',(0.,-1.));
#3914 = ( GEOMETRIC_REPRESENTATION_CONTEXT(2) 
PARAMETRIC_REPRESENTATION_CONTEXT() REPRESENTATION_CONTEXT('2D SPACE',''
  ) );
#3915 = PCURVE('',#759,#3916);
#3916 = DEFINITIONAL_REPRESENTATION('',(#3917),#3921);
#3917 = LINE('',#3918,#3919);
#3918 = CARTESIAN_POINT('',(0.,0.));
#3919 = VECTOR('',#3920,1.);
#3920 = DIRECTION('',(0.,-1.));
#3921 = ( GEOMETRIC_REPRESENTATION_CONTEXT(2) 
PARAMETRIC_REPRESENTATION_CONTEXT() REPRESENTATION_CONTEXT('2D SPACE',''
  ) );
#3922 = ORIENTED_EDGE('',*,*,#711,.F.);
#3923 = ADVANCED_FACE('',(#3924),#1589,.T.);
#3924 = FACE_BOUND('',#3925,.T.);
#3925 = EDGE_LOOP('',(#3926,#3949,#3970,#3971));
#3926 = ORIENTED_EDGE('',*,*,#3927,.T.);
#3927 = EDGE_CURVE('',#1546,#3928,#3930,.T.);
#3928 = VERTEX_POINT('',#3929);
#3929 = CARTESIAN_POINT('',(-5.147091796875,-40.97883501091,
    9.057176865202));
#3930 = SURFACE_CURVE('',#3931,(#3935,#3942),.PCURVE_S1.);
#3931 = LINE('',#3932,#3933);
#3932 = CARTESIAN_POINT('',(-5.147091796875,-41.4486813213,
    9.228186936865));
#3933 = VECTOR('',#3934,1.);
#3934 = DIRECTION('',(0.,0.939692620786,-0.342020143326));
#3935 = PCURVE('',#1589,#3936);
#3936 = DEFINITIONAL_REPRESENTATION('',(#3937),#3941);
#3937 = LINE('',#3938,#3939);
#3938 = CARTESIAN_POINT('',(0.,0.));
#3939 = VECTOR('',#3940,1.);
#3940 = DIRECTION('',(0.,-1.));
#3941 = ( GEOMETRIC_REPRESENTATION_CONTEXT(2) 
PARAMETRIC_REPRESENTATION_CONTEXT() REPRESENTATION_CONTEXT('2D SPACE',''
  ) );
#3942 = PCURVE('',#1561,#3943);
#3943 = DEFINITIONAL_REPRESENTATION('',(#3944),#3948);
#3944 = LINE('',#3945,#3946);
#3945 = CARTESIAN_POINT('',(1.,0.));
#3946 = VECTOR('',#3947,1.);
#3947 = DIRECTION('',(0.,-1.));
#3948 = ( GEOMETRIC_REPRESENTATION_CONTEXT(2) 
PARAMETRIC_REPRESENTATION_CONTEXT() REPRESENTATION_CONTEXT('2D SPACE',''
  ) );
#3949 = ORIENTED_EDGE('',*,*,#3950,.T.);
#3950 = EDGE_CURVE('',#3928,#3852,#3951,.T.);
#3951 = SURFACE_CURVE('',#3952,(#3956,#3963),.PCURVE_S1.);
#3952 = B_SPLINE_CURVE_WITH_KNOTS('',2,(#3953,#3954,#3955),
  .UNSPECIFIED.,.F.,.F.,(3,3),(0.,1.),.PIECEWISE_BEZIER_KNOTS.);
#3953 = CARTESIAN_POINT('',(-5.147091796875,-40.97883501091,
    9.057176865202));
#3954 = CARTESIAN_POINT('',(-5.025295898438,-41.01402935127,
    8.960481209787));
#3955 = CARTESIAN_POINT('',(-4.94339453125,-41.07651549624,
    8.788801937441));
#3956 = PCURVE('',#1589,#3957);
#3957 = DEFINITIONAL_REPRESENTATION('',(#3958),#3962);
#3958 = LINE('',#3959,#3960);
#3959 = CARTESIAN_POINT('',(0.,-0.5));
#3960 = VECTOR('',#3961,1.);
#3961 = DIRECTION('',(1.,0.));
#3962 = ( GEOMETRIC_REPRESENTATION_CONTEXT(2) 
PARAMETRIC_REPRESENTATION_CONTEXT() REPRESENTATION_CONTEXT('2D SPACE',''
  ) );
#3963 = PCURVE('',#3890,#3964);
#3964 = DEFINITIONAL_REPRESENTATION('',(#3965),#3969);
#3965 = B_SPLINE_CURVE_WITH_KNOTS('',2,(#3966,#3967,#3968),
  .UNSPECIFIED.,.F.,.F.,(3,3),(0.,1.),.PIECEWISE_BEZIER_KNOTS.);
#3966 = CARTESIAN_POINT('',(2.297401367188,2.837098632812));
#3967 = CARTESIAN_POINT('',(2.419197265625,2.734197265625));
#3968 = CARTESIAN_POINT('',(2.501098632812,2.5515));
#3969 = ( GEOMETRIC_REPRESENTATION_CONTEXT(2) 
PARAMETRIC_REPRESENTATION_CONTEXT() REPRESENTATION_CONTEXT('2D SPACE',''
  ) );
#3970 = ORIENTED_EDGE('',*,*,#3851,.F.);
#3971 = ORIENTED_EDGE('',*,*,#1575,.F.);
#3972 = ADVANCED_FACE('',(#3973),#1561,.T.);
#3973 = FACE_BOUND('',#3974,.T.);
#3974 = EDGE_LOOP('',(#3975,#3998,#4019,#4020));
#3975 = ORIENTED_EDGE('',*,*,#3976,.T.);
#3976 = EDGE_CURVE('',#1516,#3977,#3979,.T.);
#3977 = VERTEX_POINT('',#3978);
#3978 = CARTESIAN_POINT('',(-5.436887695312,-40.92137562683,
    9.215045225494));
#3979 = SURFACE_CURVE('',#3980,(#3984,#3991),.PCURVE_S1.);
#3980 = LINE('',#3981,#3982);
#3981 = CARTESIAN_POINT('',(-5.436887695312,-41.39122193723,
    9.386055297157));
#3982 = VECTOR('',#3983,1.);
#3983 = DIRECTION('',(0.,0.939692620786,-0.342020143326));
#3984 = PCURVE('',#1561,#3985);
#3985 = DEFINITIONAL_REPRESENTATION('',(#3986),#3990);
#3986 = LINE('',#3987,#3988);
#3987 = CARTESIAN_POINT('',(0.,0.));
#3988 = VECTOR('',#3989,1.);
#3989 = DIRECTION('',(0.,-1.));
#3990 = ( GEOMETRIC_REPRESENTATION_CONTEXT(2) 
PARAMETRIC_REPRESENTATION_CONTEXT() REPRESENTATION_CONTEXT('2D SPACE',''
  ) );
#3991 = PCURVE('',#1531,#3992);
#3992 = DEFINITIONAL_REPRESENTATION('',(#3993),#3997);
#3993 = LINE('',#3994,#3995);
#3994 = CARTESIAN_POINT('',(1.,0.));
#3995 = VECTOR('',#3996,1.);
#3996 = DIRECTION('',(0.,-1.));
#3997 = ( GEOMETRIC_REPRESENTATION_CONTEXT(2) 
PARAMETRIC_REPRESENTATION_CONTEXT() REPRESENTATION_CONTEXT('2D SPACE',''
  ) );
#3998 = ORIENTED_EDGE('',*,*,#3999,.T.);
#3999 = EDGE_CURVE('',#3977,#3928,#4000,.T.);
#4000 = SURFACE_CURVE('',#4001,(#4005,#4012),.PCURVE_S1.);
#4001 = B_SPLINE_CURVE_WITH_KNOTS('',2,(#4002,#4003,#4004),
  .UNSPECIFIED.,.F.,.F.,(3,3),(0.,1.),.PIECEWISE_BEZIER_KNOTS.);
#4002 = CARTESIAN_POINT('',(-5.436887695312,-40.92137562683,
    9.215045225494));
#4003 = CARTESIAN_POINT('',(-5.268887695313,-40.94364067056,
    9.153872520617));
#4004 = CARTESIAN_POINT('',(-5.147091796875,-40.97883501091,
    9.057176865202));
#4005 = PCURVE('',#1561,#4006);
#4006 = DEFINITIONAL_REPRESENTATION('',(#4007),#4011);
#4007 = LINE('',#4008,#4009);
#4008 = CARTESIAN_POINT('',(0.,-0.5));
#4009 = VECTOR('',#4010,1.);
#4010 = DIRECTION('',(1.,0.));
#4011 = ( GEOMETRIC_REPRESENTATION_CONTEXT(2) 
PARAMETRIC_REPRESENTATION_CONTEXT() REPRESENTATION_CONTEXT('2D SPACE',''
  ) );
#4012 = PCURVE('',#3890,#4013);
#4013 = DEFINITIONAL_REPRESENTATION('',(#4014),#4018);
#4014 = B_SPLINE_CURVE_WITH_KNOTS('',2,(#4015,#4016,#4017),
  .UNSPECIFIED.,.F.,.F.,(3,3),(0.,1.),.PIECEWISE_BEZIER_KNOTS.);
#4015 = CARTESIAN_POINT('',(2.00760546875,3.005098632812));
#4016 = CARTESIAN_POINT('',(2.17560546875,2.94));
#4017 = CARTESIAN_POINT('',(2.297401367188,2.837098632812));
#4018 = ( GEOMETRIC_REPRESENTATION_CONTEXT(2) 
PARAMETRIC_REPRESENTATION_CONTEXT() REPRESENTATION_CONTEXT('2D SPACE',''
  ) );
#4019 = ORIENTED_EDGE('',*,*,#3927,.F.);
#4020 = ORIENTED_EDGE('',*,*,#1545,.F.);
#4021 = ADVANCED_FACE('',(#4022),#1531,.T.);
#4022 = FACE_BOUND('',#4023,.T.);
#4023 = EDGE_LOOP('',(#4024,#4047,#4068,#4069));
#4024 = ORIENTED_EDGE('',*,*,#4025,.T.);
#4025 = EDGE_CURVE('',#1486,#4026,#4028,.T.);
#4026 = VERTEX_POINT('',#4027);
#4027 = CARTESIAN_POINT('',(-5.753993164062,-40.8919281601,
    9.295951475408));
#4028 = SURFACE_CURVE('',#4029,(#4033,#4040),.PCURVE_S1.);
#4029 = LINE('',#4030,#4031);
#4030 = CARTESIAN_POINT('',(-5.753993164062,-41.36177447049,
    9.46696154707));
#4031 = VECTOR('',#4032,1.);
#4032 = DIRECTION('',(0.,0.939692620786,-0.342020143326));
#4033 = PCURVE('',#1531,#4034);
#4034 = DEFINITIONAL_REPRESENTATION('',(#4035),#4039);
#4035 = LINE('',#4036,#4037);
#4036 = CARTESIAN_POINT('',(0.,0.));
#4037 = VECTOR('',#4038,1.);
#4038 = DIRECTION('',(0.,-1.));
#4039 = ( GEOMETRIC_REPRESENTATION_CONTEXT(2) 
PARAMETRIC_REPRESENTATION_CONTEXT() REPRESENTATION_CONTEXT('2D SPACE',''
  ) );
#4040 = PCURVE('',#1501,#4041);
#4041 = DEFINITIONAL_REPRESENTATION('',(#4042),#4046);
#4042 = LINE('',#4043,#4044);
#4043 = CARTESIAN_POINT('',(1.,0.));
#4044 = VECTOR('',#4045,1.);
#4045 = DIRECTION('',(0.,-1.));
#4046 = ( GEOMETRIC_REPRESENTATION_CONTEXT(2) 
PARAMETRIC_REPRESENTATION_CONTEXT() REPRESENTATION_CONTEXT('2D SPACE',''
  ) );
#4047 = ORIENTED_EDGE('',*,*,#4048,.T.);
#4048 = EDGE_CURVE('',#4026,#3977,#4049,.T.);
#4049 = SURFACE_CURVE('',#4050,(#4054,#4061),.PCURVE_S1.);
#4050 = B_SPLINE_CURVE_WITH_KNOTS('',2,(#4051,#4052,#4053),
  .UNSPECIFIED.,.F.,.F.,(3,3),(0.,1.),.PIECEWISE_BEZIER_KNOTS.);
#4051 = CARTESIAN_POINT('',(-5.753993164062,-40.8919281601,
    9.295951475408));
#4052 = CARTESIAN_POINT('',(-5.604887695312,-40.89911058311,
    9.276217930371));
#4053 = CARTESIAN_POINT('',(-5.436887695312,-40.92137562683,
    9.215045225494));
#4054 = PCURVE('',#1531,#4055);
#4055 = DEFINITIONAL_REPRESENTATION('',(#4056),#4060);
#4056 = LINE('',#4057,#4058);
#4057 = CARTESIAN_POINT('',(0.,-0.5));
#4058 = VECTOR('',#4059,1.);
#4059 = DIRECTION('',(1.,0.));
#4060 = ( GEOMETRIC_REPRESENTATION_CONTEXT(2) 
PARAMETRIC_REPRESENTATION_CONTEXT() REPRESENTATION_CONTEXT('2D SPACE',''
  ) );
#4061 = PCURVE('',#3890,#4062);
#4062 = DEFINITIONAL_REPRESENTATION('',(#4063),#4067);
#4063 = B_SPLINE_CURVE_WITH_KNOTS('',2,(#4064,#4065,#4066),
  .UNSPECIFIED.,.F.,.F.,(3,3),(0.,1.),.PIECEWISE_BEZIER_KNOTS.);
#4064 = CARTESIAN_POINT('',(1.6905,3.091197265625));
#4065 = CARTESIAN_POINT('',(1.83960546875,3.070197265625));
#4066 = CARTESIAN_POINT('',(2.00760546875,3.005098632812));
#4067 = ( GEOMETRIC_REPRESENTATION_CONTEXT(2) 
PARAMETRIC_REPRESENTATION_CONTEXT() REPRESENTATION_CONTEXT('2D SPACE',''
  ) );
#4068 = ORIENTED_EDGE('',*,*,#3976,.F.);
#4069 = ORIENTED_EDGE('',*,*,#1515,.F.);
#4070 = ADVANCED_FACE('',(#4071),#1501,.T.);
#4071 = FACE_BOUND('',#4072,.T.);
#4072 = EDGE_LOOP('',(#4073,#4096,#4117,#4118));
#4073 = ORIENTED_EDGE('',*,*,#4074,.T.);
#4074 = EDGE_CURVE('',#1456,#4075,#4077,.T.);
#4075 = VERTEX_POINT('',#4076);
#4076 = CARTESIAN_POINT('',(-6.062690429687,-40.88474573709,
    9.315685020444));
#4077 = SURFACE_CURVE('',#4078,(#4082,#4089),.PCURVE_S1.);
#4078 = LINE('',#4079,#4080);
#4079 = CARTESIAN_POINT('',(-6.062690429687,-41.35459204748,
    9.486695092107));
#4080 = VECTOR('',#4081,1.);
#4081 = DIRECTION('',(0.,0.939692620786,-0.342020143326));
#4082 = PCURVE('',#1501,#4083);
#4083 = DEFINITIONAL_REPRESENTATION('',(#4084),#4088);
#4084 = LINE('',#4085,#4086);
#4085 = CARTESIAN_POINT('',(0.,0.));
#4086 = VECTOR('',#4087,1.);
#4087 = DIRECTION('',(0.,-1.));
#4088 = ( GEOMETRIC_REPRESENTATION_CONTEXT(2) 
PARAMETRIC_REPRESENTATION_CONTEXT() REPRESENTATION_CONTEXT('2D SPACE',''
  ) );
#4089 = PCURVE('',#1471,#4090);
#4090 = DEFINITIONAL_REPRESENTATION('',(#4091),#4095);
#4091 = LINE('',#4092,#4093);
#4092 = CARTESIAN_POINT('',(1.,0.));
#4093 = VECTOR('',#4094,1.);
#4094 = DIRECTION('',(0.,-1.));
#4095 = ( GEOMETRIC_REPRESENTATION_CONTEXT(2) 
PARAMETRIC_REPRESENTATION_CONTEXT() REPRESENTATION_CONTEXT('2D SPACE',''
  ) );
#4096 = ORIENTED_EDGE('',*,*,#4097,.T.);
#4097 = EDGE_CURVE('',#4075,#4026,#4098,.T.);
#4098 = SURFACE_CURVE('',#4099,(#4103,#4110),.PCURVE_S1.);
#4099 = B_SPLINE_CURVE_WITH_KNOTS('',2,(#4100,#4101,#4102),
  .UNSPECIFIED.,.F.,.F.,(3,3),(0.,1.),.PIECEWISE_BEZIER_KNOTS.);
#4100 = CARTESIAN_POINT('',(-6.062690429687,-40.88474573709,
    9.315685020444));
#4101 = CARTESIAN_POINT('',(-5.903098632813,-40.88474573709,
    9.315685020444));
#4102 = CARTESIAN_POINT('',(-5.753993164062,-40.8919281601,
    9.295951475408));
#4103 = PCURVE('',#1501,#4104);
#4104 = DEFINITIONAL_REPRESENTATION('',(#4105),#4109);
#4105 = LINE('',#4106,#4107);
#4106 = CARTESIAN_POINT('',(0.,-0.5));
#4107 = VECTOR('',#4108,1.);
#4108 = DIRECTION('',(1.,0.));
#4109 = ( GEOMETRIC_REPRESENTATION_CONTEXT(2) 
PARAMETRIC_REPRESENTATION_CONTEXT() REPRESENTATION_CONTEXT('2D SPACE',''
  ) );
#4110 = PCURVE('',#3890,#4111);
#4111 = DEFINITIONAL_REPRESENTATION('',(#4112),#4116);
#4112 = B_SPLINE_CURVE_WITH_KNOTS('',2,(#4113,#4114,#4115),
  .UNSPECIFIED.,.F.,.F.,(3,3),(0.,1.),.PIECEWISE_BEZIER_KNOTS.);
#4113 = CARTESIAN_POINT('',(1.381802734375,3.112197265625));
#4114 = CARTESIAN_POINT('',(1.54139453125,3.112197265625));
#4115 = CARTESIAN_POINT('',(1.6905,3.091197265625));
#4116 = ( GEOMETRIC_REPRESENTATION_CONTEXT(2) 
PARAMETRIC_REPRESENTATION_CONTEXT() REPRESENTATION_CONTEXT('2D SPACE',''
  ) );
#4117 = ORIENTED_EDGE('',*,*,#4025,.F.);
#4118 = ORIENTED_EDGE('',*,*,#1485,.F.);
#4119 = ADVANCED_FACE('',(#4120),#1471,.T.);
#4120 = FACE_BOUND('',#4121,.T.);
#4121 = EDGE_LOOP('',(#4122,#4145,#4166,#4167));
#4122 = ORIENTED_EDGE('',*,*,#4123,.T.);
#4123 = EDGE_CURVE('',#1426,#4124,#4126,.T.);
#4124 = VERTEX_POINT('',#4125);
#4125 = CARTESIAN_POINT('',(-6.917387695312,-40.96877915109,
    9.084805112989));
#4126 = SURFACE_CURVE('',#4127,(#4131,#4138),.PCURVE_S1.);
#4127 = LINE('',#4128,#4129);
#4128 = CARTESIAN_POINT('',(-6.917387695312,-41.43862546149,
    9.255815184652));
#4129 = VECTOR('',#4130,1.);
#4130 = DIRECTION('',(0.,0.939692620786,-0.342020143326));
#4131 = PCURVE('',#1471,#4132);
#4132 = DEFINITIONAL_REPRESENTATION('',(#4133),#4137);
#4133 = LINE('',#4134,#4135);
#4134 = CARTESIAN_POINT('',(0.,0.));
#4135 = VECTOR('',#4136,1.);
#4136 = DIRECTION('',(0.,-1.));
#4137 = ( GEOMETRIC_REPRESENTATION_CONTEXT(2) 
PARAMETRIC_REPRESENTATION_CONTEXT() REPRESENTATION_CONTEXT('2D SPACE',''
  ) );
#4138 = PCURVE('',#1441,#4139);
#4139 = DEFINITIONAL_REPRESENTATION('',(#4140),#4144);
#4140 = LINE('',#4141,#4142);
#4141 = CARTESIAN_POINT('',(1.,0.));
#4142 = VECTOR('',#4143,1.);
#4143 = DIRECTION('',(0.,-1.));
#4144 = ( GEOMETRIC_REPRESENTATION_CONTEXT(2) 
PARAMETRIC_REPRESENTATION_CONTEXT() REPRESENTATION_CONTEXT('2D SPACE',''
  ) );
#4145 = ORIENTED_EDGE('',*,*,#4146,.T.);
#4146 = EDGE_CURVE('',#4124,#4075,#4147,.T.);
#4147 = SURFACE_CURVE('',#4148,(#4152,#4159),.PCURVE_S1.);
#4148 = B_SPLINE_CURVE_WITH_KNOTS('',2,(#4149,#4150,#4151),
  .UNSPECIFIED.,.F.,.F.,(3,3),(0.,1.),.PIECEWISE_BEZIER_KNOTS.);
#4149 = CARTESIAN_POINT('',(-6.917387695312,-40.96877915109,
    9.084805112989));
#4150 = CARTESIAN_POINT('',(-6.612887695312,-40.88474573709,
    9.315685020444));
#4151 = CARTESIAN_POINT('',(-6.062690429687,-40.88474573709,
    9.315685020444));
#4152 = PCURVE('',#1471,#4153);
#4153 = DEFINITIONAL_REPRESENTATION('',(#4154),#4158);
#4154 = LINE('',#4155,#4156);
#4155 = CARTESIAN_POINT('',(0.,-0.5));
#4156 = VECTOR('',#4157,1.);
#4157 = DIRECTION('',(1.,0.));
#4158 = ( GEOMETRIC_REPRESENTATION_CONTEXT(2) 
PARAMETRIC_REPRESENTATION_CONTEXT() REPRESENTATION_CONTEXT('2D SPACE',''
  ) );
#4159 = PCURVE('',#3890,#4160);
#4160 = DEFINITIONAL_REPRESENTATION('',(#4161),#4165);
#4161 = B_SPLINE_CURVE_WITH_KNOTS('',2,(#4162,#4163,#4164),
  .UNSPECIFIED.,.F.,.F.,(3,3),(0.,1.),.PIECEWISE_BEZIER_KNOTS.);
#4162 = CARTESIAN_POINT('',(0.52710546875,2.8665));
#4163 = CARTESIAN_POINT('',(0.83160546875,3.112197265625));
#4164 = CARTESIAN_POINT('',(1.381802734375,3.112197265625));
#4165 = ( GEOMETRIC_REPRESENTATION_CONTEXT(2) 
PARAMETRIC_REPRESENTATION_CONTEXT() REPRESENTATION_CONTEXT('2D SPACE',''
  ) );
#4166 = ORIENTED_EDGE('',*,*,#4074,.F.);
#4167 = ORIENTED_EDGE('',*,*,#1455,.F.);
#4168 = ADVANCED_FACE('',(#4169),#1441,.T.);
#4169 = FACE_BOUND('',#4170,.T.);
#4170 = EDGE_LOOP('',(#4171,#4194,#4215,#4216));
#4171 = ORIENTED_EDGE('',*,*,#4172,.T.);
#4172 = EDGE_CURVE('',#1396,#4173,#4175,.T.);
#4173 = VERTEX_POINT('',#4174);
#4174 = CARTESIAN_POINT('',(-7.221887695312,-41.20651922314,
    8.431619633337));
#4175 = SURFACE_CURVE('',#4176,(#4180,#4187),.PCURVE_S1.);
#4176 = LINE('',#4177,#4178);
#4177 = CARTESIAN_POINT('',(-7.221887695312,-41.67636553353,
    8.602629704999));
#4178 = VECTOR('',#4179,1.);
#4179 = DIRECTION('',(0.,0.939692620786,-0.342020143326));
#4180 = PCURVE('',#1441,#4181);
#4181 = DEFINITIONAL_REPRESENTATION('',(#4182),#4186);
#4182 = LINE('',#4183,#4184);
#4183 = CARTESIAN_POINT('',(0.,0.));
#4184 = VECTOR('',#4185,1.);
#4185 = DIRECTION('',(0.,-1.));
#4186 = ( GEOMETRIC_REPRESENTATION_CONTEXT(2) 
PARAMETRIC_REPRESENTATION_CONTEXT() REPRESENTATION_CONTEXT('2D SPACE',''
  ) );
#4187 = PCURVE('',#1411,#4188);
#4188 = DEFINITIONAL_REPRESENTATION('',(#4189),#4193);
#4189 = LINE('',#4190,#4191);
#4190 = CARTESIAN_POINT('',(1.,0.));
#4191 = VECTOR('',#4192,1.);
#4192 = DIRECTION('',(0.,-1.));
#4193 = ( GEOMETRIC_REPRESENTATION_CONTEXT(2) 
PARAMETRIC_REPRESENTATION_CONTEXT() REPRESENTATION_CONTEXT('2D SPACE',''
  ) );
#4194 = ORIENTED_EDGE('',*,*,#4195,.T.);
#4195 = EDGE_CURVE('',#4173,#4124,#4196,.T.);
#4196 = SURFACE_CURVE('',#4197,(#4201,#4208),.PCURVE_S1.);
#4197 = B_SPLINE_CURVE_WITH_KNOTS('',2,(#4198,#4199,#4200),
  .UNSPECIFIED.,.F.,.F.,(3,3),(0.,1.),.PIECEWISE_BEZIER_KNOTS.);
#4198 = CARTESIAN_POINT('',(-7.221887695312,-41.20651922314,
    8.431619633337));
#4199 = CARTESIAN_POINT('',(-7.221887695312,-41.0528125651,
    8.853925205534));
#4200 = CARTESIAN_POINT('',(-6.917387695312,-40.96877915109,
    9.084805112989));
#4201 = PCURVE('',#1441,#4202);
#4202 = DEFINITIONAL_REPRESENTATION('',(#4203),#4207);
#4203 = LINE('',#4204,#4205);
#4204 = CARTESIAN_POINT('',(0.,-0.5));
#4205 = VECTOR('',#4206,1.);
#4206 = DIRECTION('',(1.,0.));
#4207 = ( GEOMETRIC_REPRESENTATION_CONTEXT(2) 
PARAMETRIC_REPRESENTATION_CONTEXT() REPRESENTATION_CONTEXT('2D SPACE',''
  ) );
#4208 = PCURVE('',#3890,#4209);
#4209 = DEFINITIONAL_REPRESENTATION('',(#4210),#4214);
#4210 = B_SPLINE_CURVE_WITH_KNOTS('',2,(#4211,#4212,#4213),
  .UNSPECIFIED.,.F.,.F.,(3,3),(0.,1.),.PIECEWISE_BEZIER_KNOTS.);
#4211 = CARTESIAN_POINT('',(0.22260546875,2.17139453125));
#4212 = CARTESIAN_POINT('',(0.22260546875,2.620802734375));
#4213 = CARTESIAN_POINT('',(0.52710546875,2.8665));
#4214 = ( GEOMETRIC_REPRESENTATION_CONTEXT(2) 
PARAMETRIC_REPRESENTATION_CONTEXT() REPRESENTATION_CONTEXT('2D SPACE',''
  ) );
#4215 = ORIENTED_EDGE('',*,*,#4123,.F.);
#4216 = ORIENTED_EDGE('',*,*,#1425,.F.);
#4217 = ADVANCED_FACE('',(#4218),#1411,.T.);
#4218 = FACE_BOUND('',#4219,.T.);
#4219 = EDGE_LOOP('',(#4220,#4243,#4264,#4265));
#4220 = ORIENTED_EDGE('',*,*,#4221,.T.);
#4221 = EDGE_CURVE('',#1366,#4222,#4224,.T.);
#4222 = VERTEX_POINT('',#4223);
#4223 = CARTESIAN_POINT('',(-7.024493164063,-41.3932622214,
    7.918547462388));
#4224 = SURFACE_CURVE('',#4225,(#4229,#4236),.PCURVE_S1.);
#4225 = LINE('',#4226,#4227);
#4226 = CARTESIAN_POINT('',(-7.024493164063,-41.86310853179,
    8.08955753405));
#4227 = VECTOR('',#4228,1.);
#4228 = DIRECTION('',(0.,0.939692620786,-0.342020143326));
#4229 = PCURVE('',#1411,#4230);
#4230 = DEFINITIONAL_REPRESENTATION('',(#4231),#4235);
#4231 = LINE('',#4232,#4233);
#4232 = CARTESIAN_POINT('',(0.,0.));
#4233 = VECTOR('',#4234,1.);
#4234 = DIRECTION('',(0.,-1.));
#4235 = ( GEOMETRIC_REPRESENTATION_CONTEXT(2) 
PARAMETRIC_REPRESENTATION_CONTEXT() REPRESENTATION_CONTEXT('2D SPACE',''
  ) );
#4236 = PCURVE('',#1381,#4237);
#4237 = DEFINITIONAL_REPRESENTATION('',(#4238),#4242);
#4238 = LINE('',#4239,#4240);
#4239 = CARTESIAN_POINT('',(1.,0.));
#4240 = VECTOR('',#4241,1.);
#4241 = DIRECTION('',(0.,-1.));
#4242 = ( GEOMETRIC_REPRESENTATION_CONTEXT(2) 
PARAMETRIC_REPRESENTATION_CONTEXT() REPRESENTATION_CONTEXT('2D SPACE',''
  ) );
#4243 = ORIENTED_EDGE('',*,*,#4244,.T.);
#4244 = EDGE_CURVE('',#4222,#4173,#4245,.T.);
#4245 = SURFACE_CURVE('',#4246,(#4250,#4257),.PCURVE_S1.);
#4246 = B_SPLINE_CURVE_WITH_KNOTS('',2,(#4247,#4248,#4249),
  .UNSPECIFIED.,.F.,.F.,(3,3),(0.,1.),.PIECEWISE_BEZIER_KNOTS.);
#4247 = CARTESIAN_POINT('',(-7.024493164063,-41.3932622214,
    7.918547462388));
#4248 = CARTESIAN_POINT('',(-7.221887695312,-41.32862041431,
    8.096149367716));
#4249 = CARTESIAN_POINT('',(-7.221887695312,-41.20651922314,
    8.431619633337));
#4250 = PCURVE('',#1411,#4251);
#4251 = DEFINITIONAL_REPRESENTATION('',(#4252),#4256);
#4252 = LINE('',#4253,#4254);
#4253 = CARTESIAN_POINT('',(0.,-0.5));
#4254 = VECTOR('',#4255,1.);
#4255 = DIRECTION('',(1.,0.));
#4256 = ( GEOMETRIC_REPRESENTATION_CONTEXT(2) 
PARAMETRIC_REPRESENTATION_CONTEXT() REPRESENTATION_CONTEXT('2D SPACE',''
  ) );
#4257 = PCURVE('',#3890,#4258);
#4258 = DEFINITIONAL_REPRESENTATION('',(#4259),#4263);
#4259 = B_SPLINE_CURVE_WITH_KNOTS('',2,(#4260,#4261,#4262),
  .UNSPECIFIED.,.F.,.F.,(3,3),(0.,1.),.PIECEWISE_BEZIER_KNOTS.);
#4260 = CARTESIAN_POINT('',(0.42,1.62539453125));
#4261 = CARTESIAN_POINT('',(0.22260546875,1.81439453125));
#4262 = CARTESIAN_POINT('',(0.22260546875,2.17139453125));
#4263 = ( GEOMETRIC_REPRESENTATION_CONTEXT(2) 
PARAMETRIC_REPRESENTATION_CONTEXT() REPRESENTATION_CONTEXT('2D SPACE',''
  ) );
#4264 = ORIENTED_EDGE('',*,*,#4172,.F.);
#4265 = ORIENTED_EDGE('',*,*,#1395,.F.);
#4266 = ADVANCED_FACE('',(#4267),#1381,.T.);
#4267 = FACE_BOUND('',#4268,.T.);
#4268 = EDGE_LOOP('',(#4269,#4292,#4313,#4314));
#4269 = ORIENTED_EDGE('',*,*,#4270,.T.);
#4270 = EDGE_CURVE('',#1338,#4271,#4273,.T.);
#4271 = VERTEX_POINT('',#4272);
#4272 = CARTESIAN_POINT('',(-6.360887695312,-41.48806926992,
    7.658067237378));
#4273 = SURFACE_CURVE('',#4274,(#4278,#4285),.PCURVE_S1.);
#4274 = LINE('',#4275,#4276);
#4275 = CARTESIAN_POINT('',(-6.360887695312,-41.95791558031,
    7.829077309041));
#4276 = VECTOR('',#4277,1.);
#4277 = DIRECTION('',(0.,0.939692620786,-0.342020143326));
#4278 = PCURVE('',#1381,#4279);
#4279 = DEFINITIONAL_REPRESENTATION('',(#4280),#4284);
#4280 = LINE('',#4281,#4282);
#4281 = CARTESIAN_POINT('',(0.,0.));
#4282 = VECTOR('',#4283,1.);
#4283 = DIRECTION('',(0.,-1.));
#4284 = ( GEOMETRIC_REPRESENTATION_CONTEXT(2) 
PARAMETRIC_REPRESENTATION_CONTEXT() REPRESENTATION_CONTEXT('2D SPACE',''
  ) );
#4285 = PCURVE('',#1353,#4286);
#4286 = DEFINITIONAL_REPRESENTATION('',(#4287),#4291);
#4287 = LINE('',#4288,#4289);
#4288 = CARTESIAN_POINT('',(0.436552258504,4.440892098501E-16));
#4289 = VECTOR('',#4290,1.);
#4290 = DIRECTION('',(-6.938893903907E-18,-1.));
#4291 = ( GEOMETRIC_REPRESENTATION_CONTEXT(2) 
PARAMETRIC_REPRESENTATION_CONTEXT() REPRESENTATION_CONTEXT('2D SPACE',''
  ) );
#4292 = ORIENTED_EDGE('',*,*,#4293,.T.);
#4293 = EDGE_CURVE('',#4271,#4222,#4294,.T.);
#4294 = SURFACE_CURVE('',#4295,(#4299,#4306),.PCURVE_S1.);
#4295 = B_SPLINE_CURVE_WITH_KNOTS('',2,(#4296,#4297,#4298),
  .UNSPECIFIED.,.F.,.F.,(3,3),(0.,1.),.PIECEWISE_BEZIER_KNOTS.);
#4296 = CARTESIAN_POINT('',(-6.360887695312,-41.48806926992,
    7.658067237378));
#4297 = CARTESIAN_POINT('',(-6.827098632813,-41.45790402849,
    7.740945557059));
#4298 = CARTESIAN_POINT('',(-7.024493164063,-41.3932622214,
    7.918547462388));
#4299 = PCURVE('',#1381,#4300);
#4300 = DEFINITIONAL_REPRESENTATION('',(#4301),#4305);
#4301 = LINE('',#4302,#4303);
#4302 = CARTESIAN_POINT('',(0.,-0.5));
#4303 = VECTOR('',#4304,1.);
#4304 = DIRECTION('',(1.,0.));
#4305 = ( GEOMETRIC_REPRESENTATION_CONTEXT(2) 
PARAMETRIC_REPRESENTATION_CONTEXT() REPRESENTATION_CONTEXT('2D SPACE',''
  ) );
#4306 = PCURVE('',#3890,#4307);
#4307 = DEFINITIONAL_REPRESENTATION('',(#4308),#4312);
#4308 = B_SPLINE_CURVE_WITH_KNOTS('',2,(#4309,#4310,#4311),
  .UNSPECIFIED.,.F.,.F.,(3,3),(0.,1.),.PIECEWISE_BEZIER_KNOTS.);
#4309 = CARTESIAN_POINT('',(1.08360546875,1.348197265625));
#4310 = CARTESIAN_POINT('',(0.61739453125,1.43639453125));
#4311 = CARTESIAN_POINT('',(0.42,1.62539453125));
#4312 = ( GEOMETRIC_REPRESENTATION_CONTEXT(2) 
PARAMETRIC_REPRESENTATION_CONTEXT() REPRESENTATION_CONTEXT('2D SPACE',''
  ) );
#4313 = ORIENTED_EDGE('',*,*,#4221,.F.);
#4314 = ORIENTED_EDGE('',*,*,#1365,.F.);
#4315 = ADVANCED_FACE('',(#4316),#1353,.T.);
#4316 = FACE_BOUND('',#4317,.T.);
#4317 = EDGE_LOOP('',(#4318,#4341,#4362,#4363));
#4318 = ORIENTED_EDGE('',*,*,#4319,.T.);
#4319 = EDGE_CURVE('',#1308,#4320,#4322,.T.);
#4320 = VERTEX_POINT('',#4321);
#4321 = CARTESIAN_POINT('',(-5.932493164062,-41.51679896195,
    7.579133057232));
#4322 = SURFACE_CURVE('',#4323,(#4327,#4334),.PCURVE_S1.);
#4323 = LINE('',#4324,#4325);
#4324 = CARTESIAN_POINT('',(-5.932493164062,-41.98664527235,
    7.750143128894));
#4325 = VECTOR('',#4326,1.);
#4326 = DIRECTION('',(0.,0.939692620786,-0.342020143326));
#4327 = PCURVE('',#1353,#4328);
#4328 = DEFINITIONAL_REPRESENTATION('',(#4329),#4333);
#4329 = LINE('',#4330,#4331);
#4330 = CARTESIAN_POINT('',(0.,0.));
#4331 = VECTOR('',#4332,1.);
#4332 = DIRECTION('',(-6.938893903907E-18,-1.));
#4333 = ( GEOMETRIC_REPRESENTATION_CONTEXT(2) 
PARAMETRIC_REPRESENTATION_CONTEXT() REPRESENTATION_CONTEXT('2D SPACE',''
  ) );
#4334 = PCURVE('',#1323,#4335);
#4335 = DEFINITIONAL_REPRESENTATION('',(#4336),#4340);
#4336 = LINE('',#4337,#4338);
#4337 = CARTESIAN_POINT('',(1.,0.));
#4338 = VECTOR('',#4339,1.);
#4339 = DIRECTION('',(0.,-1.));
#4340 = ( GEOMETRIC_REPRESENTATION_CONTEXT(2) 
PARAMETRIC_REPRESENTATION_CONTEXT() REPRESENTATION_CONTEXT('2D SPACE',''
  ) );
#4341 = ORIENTED_EDGE('',*,*,#4342,.T.);
#4342 = EDGE_CURVE('',#4320,#4271,#4343,.T.);
#4343 = SURFACE_CURVE('',#4344,(#4348,#4355),.PCURVE_S1.);
#4344 = LINE('',#4345,#4346);
#4345 = CARTESIAN_POINT('',(-5.932493164062,-41.51679896195,
    7.579133057232));
#4346 = VECTOR('',#4347,1.);
#4347 = DIRECTION('',(-0.981313285878,6.581043043463E-02,0.180812671584)
  );
#4348 = PCURVE('',#1353,#4349);
#4349 = DEFINITIONAL_REPRESENTATION('',(#4350),#4354);
#4350 = LINE('',#4351,#4352);
#4351 = CARTESIAN_POINT('',(1.023486850826E-15,-0.5));
#4352 = VECTOR('',#4353,1.);
#4353 = DIRECTION('',(1.,1.387778780781E-17));
#4354 = ( GEOMETRIC_REPRESENTATION_CONTEXT(2) 
PARAMETRIC_REPRESENTATION_CONTEXT() REPRESENTATION_CONTEXT('2D SPACE',''
  ) );
#4355 = PCURVE('',#3890,#4356);
#4356 = DEFINITIONAL_REPRESENTATION('',(#4357),#4361);
#4357 = LINE('',#4358,#4359);
#4358 = CARTESIAN_POINT('',(1.512,1.264197265625));
#4359 = VECTOR('',#4360,1.);
#4360 = DIRECTION('',(-0.981313285878,0.192416826081));
#4361 = ( GEOMETRIC_REPRESENTATION_CONTEXT(2) 
PARAMETRIC_REPRESENTATION_CONTEXT() REPRESENTATION_CONTEXT('2D SPACE',''
  ) );
#4362 = ORIENTED_EDGE('',*,*,#4270,.F.);
#4363 = ORIENTED_EDGE('',*,*,#1337,.F.);
#4364 = ADVANCED_FACE('',(#4365),#1323,.T.);
#4365 = FACE_BOUND('',#4366,.T.);
#4366 = EDGE_LOOP('',(#4367,#4390,#4411,#4412));
#4367 = ORIENTED_EDGE('',*,*,#4368,.T.);
#4368 = EDGE_CURVE('',#1278,#4369,#4371,.T.);
#4369 = VERTEX_POINT('',#4370);
#4370 = CARTESIAN_POINT('',(-5.487295898437,-41.57138490922,
    7.42915939969));
#4371 = SURFACE_CURVE('',#4372,(#4376,#4383),.PCURVE_S1.);
#4372 = LINE('',#4373,#4374);
#4373 = CARTESIAN_POINT('',(-5.487295898437,-42.04123121962,
    7.600169471353));
#4374 = VECTOR('',#4375,1.);
#4375 = DIRECTION('',(0.,0.939692620786,-0.342020143326));
#4376 = PCURVE('',#1323,#4377);
#4377 = DEFINITIONAL_REPRESENTATION('',(#4378),#4382);
#4378 = LINE('',#4379,#4380);
#4379 = CARTESIAN_POINT('',(0.,0.));
#4380 = VECTOR('',#4381,1.);
#4381 = DIRECTION('',(0.,-1.));
#4382 = ( GEOMETRIC_REPRESENTATION_CONTEXT(2) 
PARAMETRIC_REPRESENTATION_CONTEXT() REPRESENTATION_CONTEXT('2D SPACE',''
  ) );
#4383 = PCURVE('',#1293,#4384);
#4384 = DEFINITIONAL_REPRESENTATION('',(#4385),#4389);
#4385 = LINE('',#4386,#4387);
#4386 = CARTESIAN_POINT('',(1.,0.));
#4387 = VECTOR('',#4388,1.);
#4388 = DIRECTION('',(0.,-1.));
#4389 = ( GEOMETRIC_REPRESENTATION_CONTEXT(2) 
PARAMETRIC_REPRESENTATION_CONTEXT() REPRESENTATION_CONTEXT('2D SPACE',''
  ) );
#4390 = ORIENTED_EDGE('',*,*,#4391,.T.);
#4391 = EDGE_CURVE('',#4369,#4320,#4392,.T.);
#4392 = SURFACE_CURVE('',#4393,(#4397,#4404),.PCURVE_S1.);
#4393 = B_SPLINE_CURVE_WITH_KNOTS('',2,(#4394,#4395,#4396),
  .UNSPECIFIED.,.F.,.F.,(3,3),(0.,1.),.PIECEWISE_BEZIER_KNOTS.);
#4394 = CARTESIAN_POINT('',(-5.487295898437,-41.57138490922,
    7.42915939969));
#4395 = CARTESIAN_POINT('',(-5.617493164063,-41.53691068159,
    7.523876561657));
#4396 = CARTESIAN_POINT('',(-5.932493164062,-41.51679896195,
    7.579133057232));
#4397 = PCURVE('',#1323,#4398);
#4398 = DEFINITIONAL_REPRESENTATION('',(#4399),#4403);
#4399 = LINE('',#4400,#4401);
#4400 = CARTESIAN_POINT('',(0.,-0.5));
#4401 = VECTOR('',#4402,1.);
#4402 = DIRECTION('',(1.,0.));
#4403 = ( GEOMETRIC_REPRESENTATION_CONTEXT(2) 
PARAMETRIC_REPRESENTATION_CONTEXT() REPRESENTATION_CONTEXT('2D SPACE',''
  ) );
#4404 = PCURVE('',#3890,#4405);
#4405 = DEFINITIONAL_REPRESENTATION('',(#4406),#4410);
#4406 = B_SPLINE_CURVE_WITH_KNOTS('',2,(#4407,#4408,#4409),
  .UNSPECIFIED.,.F.,.F.,(3,3),(0.,1.),.PIECEWISE_BEZIER_KNOTS.);
#4407 = CARTESIAN_POINT('',(1.957197265625,1.104598632812));
#4408 = CARTESIAN_POINT('',(1.827,1.20539453125));
#4409 = CARTESIAN_POINT('',(1.512,1.264197265625));
#4410 = ( GEOMETRIC_REPRESENTATION_CONTEXT(2) 
PARAMETRIC_REPRESENTATION_CONTEXT() REPRESENTATION_CONTEXT('2D SPACE',''
  ) );
#4411 = ORIENTED_EDGE('',*,*,#4319,.F.);
#4412 = ORIENTED_EDGE('',*,*,#1307,.F.);
#4413 = ADVANCED_FACE('',(#4414),#1293,.T.);
#4414 = FACE_BOUND('',#4415,.T.);
#4415 = EDGE_LOOP('',(#4416,#4439,#4460,#4461));
#4416 = ORIENTED_EDGE('',*,*,#4417,.T.);
#4417 = EDGE_CURVE('',#1248,#4418,#4420,.T.);
#4418 = VERTEX_POINT('',#4419);
#4419 = CARTESIAN_POINT('',(-5.357098632812,-41.66906539455,
    7.16078447193));
#4420 = SURFACE_CURVE('',#4421,(#4425,#4432),.PCURVE_S1.);
#4421 = LINE('',#4422,#4423);
#4422 = CARTESIAN_POINT('',(-5.357098632812,-42.13891170494,
    7.331794543593));
#4423 = VECTOR('',#4424,1.);
#4424 = DIRECTION('',(0.,0.939692620786,-0.342020143326));
#4425 = PCURVE('',#1293,#4426);
#4426 = DEFINITIONAL_REPRESENTATION('',(#4427),#4431);
#4427 = LINE('',#4428,#4429);
#4428 = CARTESIAN_POINT('',(0.,0.));
#4429 = VECTOR('',#4430,1.);
#4430 = DIRECTION('',(0.,-1.));
#4431 = ( GEOMETRIC_REPRESENTATION_CONTEXT(2) 
PARAMETRIC_REPRESENTATION_CONTEXT() REPRESENTATION_CONTEXT('2D SPACE',''
  ) );
#4432 = PCURVE('',#1263,#4433);
#4433 = DEFINITIONAL_REPRESENTATION('',(#4434),#4438);
#4434 = LINE('',#4435,#4436);
#4435 = CARTESIAN_POINT('',(1.,0.));
#4436 = VECTOR('',#4437,1.);
#4437 = DIRECTION('',(0.,-1.));
#4438 = ( GEOMETRIC_REPRESENTATION_CONTEXT(2) 
PARAMETRIC_REPRESENTATION_CONTEXT() REPRESENTATION_CONTEXT('2D SPACE',''
  ) );
#4439 = ORIENTED_EDGE('',*,*,#4440,.T.);
#4440 = EDGE_CURVE('',#4418,#4369,#4441,.T.);
#4441 = SURFACE_CURVE('',#4442,(#4446,#4453),.PCURVE_S1.);
#4442 = B_SPLINE_CURVE_WITH_KNOTS('',2,(#4443,#4444,#4445),
  .UNSPECIFIED.,.F.,.F.,(3,3),(0.,1.),.PIECEWISE_BEZIER_KNOTS.);
#4443 = CARTESIAN_POINT('',(-5.357098632812,-41.66906539455,
    7.16078447193));
#4444 = CARTESIAN_POINT('',(-5.357098632812,-41.60585913685,
    7.334442237723));
#4445 = CARTESIAN_POINT('',(-5.487295898437,-41.57138490922,
    7.42915939969));
#4446 = PCURVE('',#1293,#4447);
#4447 = DEFINITIONAL_REPRESENTATION('',(#4448),#4452);
#4448 = LINE('',#4449,#4450);
#4449 = CARTESIAN_POINT('',(0.,-0.5));
#4450 = VECTOR('',#4451,1.);
#4451 = DIRECTION('',(1.,0.));
#4452 = ( GEOMETRIC_REPRESENTATION_CONTEXT(2) 
PARAMETRIC_REPRESENTATION_CONTEXT() REPRESENTATION_CONTEXT('2D SPACE',''
  ) );
#4453 = PCURVE('',#3890,#4454);
#4454 = DEFINITIONAL_REPRESENTATION('',(#4455),#4459);
#4455 = B_SPLINE_CURVE_WITH_KNOTS('',2,(#4456,#4457,#4458),
  .UNSPECIFIED.,.F.,.F.,(3,3),(0.,1.),.PIECEWISE_BEZIER_KNOTS.);
#4456 = CARTESIAN_POINT('',(2.08739453125,0.819));
#4457 = CARTESIAN_POINT('',(2.08739453125,1.003802734375));
#4458 = CARTESIAN_POINT('',(1.957197265625,1.104598632812));
#4459 = ( GEOMETRIC_REPRESENTATION_CONTEXT(2) 
PARAMETRIC_REPRESENTATION_CONTEXT() REPRESENTATION_CONTEXT('2D SPACE',''
  ) );
#4460 = ORIENTED_EDGE('',*,*,#4368,.F.);
#4461 = ORIENTED_EDGE('',*,*,#1277,.F.);
#4462 = ADVANCED_FACE('',(#4463),#1263,.T.);
#4463 = FACE_BOUND('',#4464,.T.);
#4464 = EDGE_LOOP('',(#4465,#4488,#4509,#4510));
#4465 = ORIENTED_EDGE('',*,*,#4466,.T.);
#4466 = EDGE_CURVE('',#1218,#4467,#4469,.T.);
#4467 = VERTEX_POINT('',#4468);
#4468 = CARTESIAN_POINT('',(-5.522993164063,-41.7724927535,
    6.876620138668));
#4469 = SURFACE_CURVE('',#4470,(#4474,#4481),.PCURVE_S1.);
#4470 = LINE('',#4471,#4472);
#4471 = CARTESIAN_POINT('',(-5.522993164063,-42.24233906389,
    7.047630210331));
#4472 = VECTOR('',#4473,1.);
#4473 = DIRECTION('',(0.,0.939692620786,-0.342020143326));
#4474 = PCURVE('',#1263,#4475);
#4475 = DEFINITIONAL_REPRESENTATION('',(#4476),#4480);
#4476 = LINE('',#4477,#4478);
#4477 = CARTESIAN_POINT('',(0.,0.));
#4478 = VECTOR('',#4479,1.);
#4479 = DIRECTION('',(0.,-1.));
#4480 = ( GEOMETRIC_REPRESENTATION_CONTEXT(2) 
PARAMETRIC_REPRESENTATION_CONTEXT() REPRESENTATION_CONTEXT('2D SPACE',''
  ) );
#4481 = PCURVE('',#1233,#4482);
#4482 = DEFINITIONAL_REPRESENTATION('',(#4483),#4487);
#4483 = LINE('',#4484,#4485);
#4484 = CARTESIAN_POINT('',(1.,0.));
#4485 = VECTOR('',#4486,1.);
#4486 = DIRECTION('',(0.,-1.));
#4487 = ( GEOMETRIC_REPRESENTATION_CONTEXT(2) 
PARAMETRIC_REPRESENTATION_CONTEXT() REPRESENTATION_CONTEXT('2D SPACE',''
  ) );
#4488 = ORIENTED_EDGE('',*,*,#4489,.T.);
#4489 = EDGE_CURVE('',#4467,#4418,#4490,.T.);
#4490 = SURFACE_CURVE('',#4491,(#4495,#4502),.PCURVE_S1.);
#4491 = B_SPLINE_CURVE_WITH_KNOTS('',2,(#4492,#4493,#4494),
  .UNSPECIFIED.,.F.,.F.,(3,3),(0.,1.),.PIECEWISE_BEZIER_KNOTS.);
#4492 = CARTESIAN_POINT('',(-5.522993164063,-41.7724927535,
    6.876620138668));
#4493 = CARTESIAN_POINT('',(-5.357098632812,-41.73514275103,
    6.979238427066));
#4494 = CARTESIAN_POINT('',(-5.357098632812,-41.66906539455,
    7.16078447193));
#4495 = PCURVE('',#1263,#4496);
#4496 = DEFINITIONAL_REPRESENTATION('',(#4497),#4501);
#4497 = LINE('',#4498,#4499);
#4498 = CARTESIAN_POINT('',(0.,-0.5));
#4499 = VECTOR('',#4500,1.);
#4500 = DIRECTION('',(1.,0.));
#4501 = ( GEOMETRIC_REPRESENTATION_CONTEXT(2) 
PARAMETRIC_REPRESENTATION_CONTEXT() REPRESENTATION_CONTEXT('2D SPACE',''
  ) );
#4502 = PCURVE('',#3890,#4503);
#4503 = DEFINITIONAL_REPRESENTATION('',(#4504),#4508);
#4504 = B_SPLINE_CURVE_WITH_KNOTS('',2,(#4505,#4506,#4507),
  .UNSPECIFIED.,.F.,.F.,(3,3),(0.,1.),.PIECEWISE_BEZIER_KNOTS.);
#4505 = CARTESIAN_POINT('',(1.9215,0.516598632813));
#4506 = CARTESIAN_POINT('',(2.08739453125,0.625802734375));
#4507 = CARTESIAN_POINT('',(2.08739453125,0.819));
#4508 = ( GEOMETRIC_REPRESENTATION_CONTEXT(2) 
PARAMETRIC_REPRESENTATION_CONTEXT() REPRESENTATION_CONTEXT('2D SPACE',''
  ) );
#4509 = ORIENTED_EDGE('',*,*,#4417,.F.);
#4510 = ORIENTED_EDGE('',*,*,#1247,.F.);
#4511 = ADVANCED_FACE('',(#4512),#1233,.T.);
#4512 = FACE_BOUND('',#4513,.T.);
#4513 = EDGE_LOOP('',(#4514,#4537,#4558,#4559));
#4514 = ORIENTED_EDGE('',*,*,#4515,.T.);
#4515 = EDGE_CURVE('',#1188,#4516,#4518,.T.);
#4516 = VERTEX_POINT('',#4517);
#4517 = CARTESIAN_POINT('',(-5.974493164063,-41.80984275597,
    6.77400185027));
#4518 = SURFACE_CURVE('',#4519,(#4523,#4530),.PCURVE_S1.);
#4519 = LINE('',#4520,#4521);
#4520 = CARTESIAN_POINT('',(-5.974493164063,-42.27968906636,
    6.945011921933));
#4521 = VECTOR('',#4522,1.);
#4522 = DIRECTION('',(0.,0.939692620786,-0.342020143326));
#4523 = PCURVE('',#1233,#4524);
#4524 = DEFINITIONAL_REPRESENTATION('',(#4525),#4529);
#4525 = LINE('',#4526,#4527);
#4526 = CARTESIAN_POINT('',(0.,0.));
#4527 = VECTOR('',#4528,1.);
#4528 = DIRECTION('',(0.,-1.));
#4529 = ( GEOMETRIC_REPRESENTATION_CONTEXT(2) 
PARAMETRIC_REPRESENTATION_CONTEXT() REPRESENTATION_CONTEXT('2D SPACE',''
  ) );
#4530 = PCURVE('',#1203,#4531);
#4531 = DEFINITIONAL_REPRESENTATION('',(#4532),#4536);
#4532 = LINE('',#4533,#4534);
#4533 = CARTESIAN_POINT('',(1.,0.));
#4534 = VECTOR('',#4535,1.);
#4535 = DIRECTION('',(0.,-1.));
#4536 = ( GEOMETRIC_REPRESENTATION_CONTEXT(2) 
PARAMETRIC_REPRESENTATION_CONTEXT() REPRESENTATION_CONTEXT('2D SPACE',''
  ) );
#4537 = ORIENTED_EDGE('',*,*,#4538,.T.);
#4538 = EDGE_CURVE('',#4516,#4467,#4539,.T.);
#4539 = SURFACE_CURVE('',#4540,(#4544,#4551),.PCURVE_S1.);
#4540 = B_SPLINE_CURVE_WITH_KNOTS('',2,(#4541,#4542,#4543),
  .UNSPECIFIED.,.F.,.F.,(3,3),(0.,1.),.PIECEWISE_BEZIER_KNOTS.);
#4541 = CARTESIAN_POINT('',(-5.974493164063,-41.80984275597,
    6.77400185027));
#4542 = CARTESIAN_POINT('',(-5.688887695313,-41.80984275597,
    6.77400185027));
#4543 = CARTESIAN_POINT('',(-5.522993164063,-41.7724927535,
    6.876620138668));
#4544 = PCURVE('',#1233,#4545);
#4545 = DEFINITIONAL_REPRESENTATION('',(#4546),#4550);
#4546 = LINE('',#4547,#4548);
#4547 = CARTESIAN_POINT('',(0.,-0.5));
#4548 = VECTOR('',#4549,1.);
#4549 = DIRECTION('',(1.,0.));
#4550 = ( GEOMETRIC_REPRESENTATION_CONTEXT(2) 
PARAMETRIC_REPRESENTATION_CONTEXT() REPRESENTATION_CONTEXT('2D SPACE',''
  ) );
#4551 = PCURVE('',#3890,#4552);
#4552 = DEFINITIONAL_REPRESENTATION('',(#4553),#4557);
#4553 = B_SPLINE_CURVE_WITH_KNOTS('',2,(#4554,#4555,#4556),
  .UNSPECIFIED.,.F.,.F.,(3,3),(0.,1.),.PIECEWISE_BEZIER_KNOTS.);
#4554 = CARTESIAN_POINT('',(1.47,0.40739453125));
#4555 = CARTESIAN_POINT('',(1.75560546875,0.40739453125));
#4556 = CARTESIAN_POINT('',(1.9215,0.516598632813));
#4557 = ( GEOMETRIC_REPRESENTATION_CONTEXT(2) 
PARAMETRIC_REPRESENTATION_CONTEXT() REPRESENTATION_CONTEXT('2D SPACE',''
  ) );
#4558 = ORIENTED_EDGE('',*,*,#4466,.F.);
#4559 = ORIENTED_EDGE('',*,*,#1217,.F.);
#4560 = ADVANCED_FACE('',(#4561),#1203,.T.);
#4561 = FACE_BOUND('',#4562,.T.);
#4562 = EDGE_LOOP('',(#4563,#4586,#4607,#4608));
#4563 = ORIENTED_EDGE('',*,*,#4564,.T.);
#4564 = EDGE_CURVE('',#1158,#4565,#4567,.T.);
#4565 = VERTEX_POINT('',#4566);
#4566 = CARTESIAN_POINT('',(-6.470091796875,-41.76531033049,
    6.896353683705));
#4567 = SURFACE_CURVE('',#4568,(#4572,#4579),.PCURVE_S1.);
#4568 = LINE('',#4569,#4570);
#4569 = CARTESIAN_POINT('',(-6.470091796875,-42.23515664088,
    7.067363755367));
#4570 = VECTOR('',#4571,1.);
#4571 = DIRECTION('',(0.,0.939692620786,-0.342020143326));
#4572 = PCURVE('',#1203,#4573);
#4573 = DEFINITIONAL_REPRESENTATION('',(#4574),#4578);
#4574 = LINE('',#4575,#4576);
#4575 = CARTESIAN_POINT('',(0.,0.));
#4576 = VECTOR('',#4577,1.);
#4577 = DIRECTION('',(0.,-1.));
#4578 = ( GEOMETRIC_REPRESENTATION_CONTEXT(2) 
PARAMETRIC_REPRESENTATION_CONTEXT() REPRESENTATION_CONTEXT('2D SPACE',''
  ) );
#4579 = PCURVE('',#1173,#4580);
#4580 = DEFINITIONAL_REPRESENTATION('',(#4581),#4585);
#4581 = LINE('',#4582,#4583);
#4582 = CARTESIAN_POINT('',(1.,0.));
#4583 = VECTOR('',#4584,1.);
#4584 = DIRECTION('',(0.,-1.));
#4585 = ( GEOMETRIC_REPRESENTATION_CONTEXT(2) 
PARAMETRIC_REPRESENTATION_CONTEXT() REPRESENTATION_CONTEXT('2D SPACE',''
  ) );
#4586 = ORIENTED_EDGE('',*,*,#4587,.T.);
#4587 = EDGE_CURVE('',#4565,#4516,#4588,.T.);
#4588 = SURFACE_CURVE('',#4589,(#4593,#4600),.PCURVE_S1.);
#4589 = B_SPLINE_CURVE_WITH_KNOTS('',2,(#4590,#4591,#4592),
  .UNSPECIFIED.,.F.,.F.,(3,3),(0.,1.),.PIECEWISE_BEZIER_KNOTS.);
#4590 = CARTESIAN_POINT('',(-6.470091796875,-41.76531033049,
    6.896353683705));
#4591 = CARTESIAN_POINT('',(-6.293690429687,-41.80984275597,
    6.77400185027));
#4592 = CARTESIAN_POINT('',(-5.974493164063,-41.80984275597,
    6.77400185027));
#4593 = PCURVE('',#1203,#4594);
#4594 = DEFINITIONAL_REPRESENTATION('',(#4595),#4599);
#4595 = LINE('',#4596,#4597);
#4596 = CARTESIAN_POINT('',(0.,-0.5));
#4597 = VECTOR('',#4598,1.);
#4598 = DIRECTION('',(1.,0.));
#4599 = ( GEOMETRIC_REPRESENTATION_CONTEXT(2) 
PARAMETRIC_REPRESENTATION_CONTEXT() REPRESENTATION_CONTEXT('2D SPACE',''
  ) );
#4600 = PCURVE('',#3890,#4601);
#4601 = DEFINITIONAL_REPRESENTATION('',(#4602),#4606);
#4602 = B_SPLINE_CURVE_WITH_KNOTS('',2,(#4603,#4604,#4605),
  .UNSPECIFIED.,.F.,.F.,(3,3),(0.,1.),.PIECEWISE_BEZIER_KNOTS.);
#4603 = CARTESIAN_POINT('',(0.974401367188,0.537598632813));
#4604 = CARTESIAN_POINT('',(1.150802734375,0.40739453125));
#4605 = CARTESIAN_POINT('',(1.47,0.40739453125));
#4606 = ( GEOMETRIC_REPRESENTATION_CONTEXT(2) 
PARAMETRIC_REPRESENTATION_CONTEXT() REPRESENTATION_CONTEXT('2D SPACE',''
  ) );
#4607 = ORIENTED_EDGE('',*,*,#4515,.F.);
#4608 = ORIENTED_EDGE('',*,*,#1187,.F.);
#4609 = ADVANCED_FACE('',(#4610),#1173,.T.);
#4610 = FACE_BOUND('',#4611,.T.);
#4611 = EDGE_LOOP('',(#4612,#4635,#4656,#4657));
#4612 = ORIENTED_EDGE('',*,*,#4613,.T.);
#4613 = EDGE_CURVE('',#1130,#4614,#4616,.T.);
#4614 = VERTEX_POINT('',#4615);
#4615 = CARTESIAN_POINT('',(-6.663295898438,-41.63602437828,
    7.251563918042));
#4616 = SURFACE_CURVE('',#4617,(#4621,#4628),.PCURVE_S1.);
#4617 = LINE('',#4618,#4619);
#4618 = CARTESIAN_POINT('',(-6.663295898438,-42.10587068868,
    7.422573989705));
#4619 = VECTOR('',#4620,1.);
#4620 = DIRECTION('',(0.,0.939692620786,-0.342020143326));
#4621 = PCURVE('',#1173,#4622);
#4622 = DEFINITIONAL_REPRESENTATION('',(#4623),#4627);
#4623 = LINE('',#4624,#4625);
#4624 = CARTESIAN_POINT('',(0.,0.));
#4625 = VECTOR('',#4626,1.);
#4626 = DIRECTION('',(0.,-1.));
#4627 = ( GEOMETRIC_REPRESENTATION_CONTEXT(2) 
PARAMETRIC_REPRESENTATION_CONTEXT() REPRESENTATION_CONTEXT('2D SPACE',''
  ) );
#4628 = PCURVE('',#1145,#4629);
#4629 = DEFINITIONAL_REPRESENTATION('',(#4630),#4634);
#4630 = LINE('',#4631,#4632);
#4631 = CARTESIAN_POINT('',(0.613197265625,0.));
#4632 = VECTOR('',#4633,1.);
#4633 = DIRECTION('',(0.,-1.));
#4634 = ( GEOMETRIC_REPRESENTATION_CONTEXT(2) 
PARAMETRIC_REPRESENTATION_CONTEXT() REPRESENTATION_CONTEXT('2D SPACE',''
  ) );
#4635 = ORIENTED_EDGE('',*,*,#4636,.T.);
#4636 = EDGE_CURVE('',#4614,#4565,#4637,.T.);
#4637 = SURFACE_CURVE('',#4638,(#4642,#4649),.PCURVE_S1.);
#4638 = B_SPLINE_CURVE_WITH_KNOTS('',2,(#4639,#4640,#4641),
  .UNSPECIFIED.,.F.,.F.,(3,3),(0.,1.),.PIECEWISE_BEZIER_KNOTS.);
#4639 = CARTESIAN_POINT('',(-6.663295898438,-41.63602437828,
    7.251563918042));
#4640 = CARTESIAN_POINT('',(-6.646493164063,-41.72077790501,
    7.018705517139));
#4641 = CARTESIAN_POINT('',(-6.470091796875,-41.76531033049,
    6.896353683705));
#4642 = PCURVE('',#1173,#4643);
#4643 = DEFINITIONAL_REPRESENTATION('',(#4644),#4648);
#4644 = LINE('',#4645,#4646);
#4645 = CARTESIAN_POINT('',(0.,-0.5));
#4646 = VECTOR('',#4647,1.);
#4647 = DIRECTION('',(1.,0.));
#4648 = ( GEOMETRIC_REPRESENTATION_CONTEXT(2) 
PARAMETRIC_REPRESENTATION_CONTEXT() REPRESENTATION_CONTEXT('2D SPACE',''
  ) );
#4649 = PCURVE('',#3890,#4650);
#4650 = DEFINITIONAL_REPRESENTATION('',(#4651),#4655);
#4651 = B_SPLINE_CURVE_WITH_KNOTS('',2,(#4652,#4653,#4654),
  .UNSPECIFIED.,.F.,.F.,(3,3),(0.,1.),.PIECEWISE_BEZIER_KNOTS.);
#4652 = CARTESIAN_POINT('',(0.781197265625,0.91560546875));
#4653 = CARTESIAN_POINT('',(0.798,0.667802734375));
#4654 = CARTESIAN_POINT('',(0.974401367188,0.537598632813));
#4655 = ( GEOMETRIC_REPRESENTATION_CONTEXT(2) 
PARAMETRIC_REPRESENTATION_CONTEXT() REPRESENTATION_CONTEXT('2D SPACE',''
  ) );
#4656 = ORIENTED_EDGE('',*,*,#4564,.F.);
#4657 = ORIENTED_EDGE('',*,*,#1157,.F.);
#4658 = ADVANCED_FACE('',(#4659),#1145,.T.);
#4659 = FACE_BOUND('',#4660,.T.);
#4660 = EDGE_LOOP('',(#4661,#4684,#4705,#4706));
#4661 = ORIENTED_EDGE('',*,*,#4662,.T.);
#4662 = EDGE_CURVE('',#1100,#4663,#4665,.T.);
#4663 = VERTEX_POINT('',#4664);
#4664 = CARTESIAN_POINT('',(-7.276493164062,-41.63602437828,
    7.251563918042));
#4665 = SURFACE_CURVE('',#4666,(#4670,#4677),.PCURVE_S1.);
#4666 = LINE('',#4667,#4668);
#4667 = CARTESIAN_POINT('',(-7.276493164062,-42.10587068868,
    7.422573989705));
#4668 = VECTOR('',#4669,1.);
#4669 = DIRECTION('',(0.,0.939692620786,-0.342020143326));
#4670 = PCURVE('',#1145,#4671);
#4671 = DEFINITIONAL_REPRESENTATION('',(#4672),#4676);
#4672 = LINE('',#4673,#4674);
#4673 = CARTESIAN_POINT('',(0.,0.));
#4674 = VECTOR('',#4675,1.);
#4675 = DIRECTION('',(0.,-1.));
#4676 = ( GEOMETRIC_REPRESENTATION_CONTEXT(2) 
PARAMETRIC_REPRESENTATION_CONTEXT() REPRESENTATION_CONTEXT('2D SPACE',''
  ) );
#4677 = PCURVE('',#1115,#4678);
#4678 = DEFINITIONAL_REPRESENTATION('',(#4679),#4683);
#4679 = LINE('',#4680,#4681);
#4680 = CARTESIAN_POINT('',(1.,0.));
#4681 = VECTOR('',#4682,1.);
#4682 = DIRECTION('',(0.,-1.));
#4683 = ( GEOMETRIC_REPRESENTATION_CONTEXT(2) 
PARAMETRIC_REPRESENTATION_CONTEXT() REPRESENTATION_CONTEXT('2D SPACE',''
  ) );
#4684 = ORIENTED_EDGE('',*,*,#4685,.T.);
#4685 = EDGE_CURVE('',#4663,#4614,#4686,.T.);
#4686 = SURFACE_CURVE('',#4687,(#4691,#4698),.PCURVE_S1.);
#4687 = LINE('',#4688,#4689);
#4688 = CARTESIAN_POINT('',(-7.276493164062,-41.63602437828,
    7.251563918042));
#4689 = VECTOR('',#4690,1.);
#4690 = DIRECTION('',(1.,0.,0.));
#4691 = PCURVE('',#1145,#4692);
#4692 = DEFINITIONAL_REPRESENTATION('',(#4693),#4697);
#4693 = LINE('',#4694,#4695);
#4694 = CARTESIAN_POINT('',(0.,-0.5));
#4695 = VECTOR('',#4696,1.);
#4696 = DIRECTION('',(1.,0.));
#4697 = ( GEOMETRIC_REPRESENTATION_CONTEXT(2) 
PARAMETRIC_REPRESENTATION_CONTEXT() REPRESENTATION_CONTEXT('2D SPACE',''
  ) );
#4698 = PCURVE('',#3890,#4699);
#4699 = DEFINITIONAL_REPRESENTATION('',(#4700),#4704);
#4700 = LINE('',#4701,#4702);
#4701 = CARTESIAN_POINT('',(0.168,0.91560546875));
#4702 = VECTOR('',#4703,1.);
#4703 = DIRECTION('',(1.,0.));
#4704 = ( GEOMETRIC_REPRESENTATION_CONTEXT(2) 
PARAMETRIC_REPRESENTATION_CONTEXT() REPRESENTATION_CONTEXT('2D SPACE',''
  ) );
#4705 = ORIENTED_EDGE('',*,*,#4613,.F.);
#4706 = ORIENTED_EDGE('',*,*,#1129,.F.);
#4707 = ADVANCED_FACE('',(#4708),#1115,.T.);
#4708 = FACE_BOUND('',#4709,.T.);
#4709 = EDGE_LOOP('',(#4710,#4733,#4754,#4755));
#4710 = ORIENTED_EDGE('',*,*,#4711,.T.);
#4711 = EDGE_CURVE('',#1070,#4712,#4714,.T.);
#4712 = VERTEX_POINT('',#4713);
#4713 = CARTESIAN_POINT('',(-6.921598632813,-41.89315839528,
    6.545094012583));
#4714 = SURFACE_CURVE('',#4715,(#4719,#4726),.PCURVE_S1.);
#4715 = LINE('',#4716,#4717);
#4716 = CARTESIAN_POINT('',(-6.921598632813,-42.36300470567,
    6.716104084246));
#4717 = VECTOR('',#4718,1.);
#4718 = DIRECTION('',(0.,0.939692620786,-0.342020143326));
#4719 = PCURVE('',#1115,#4720);
#4720 = DEFINITIONAL_REPRESENTATION('',(#4721),#4725);
#4721 = LINE('',#4722,#4723);
#4722 = CARTESIAN_POINT('',(0.,0.));
#4723 = VECTOR('',#4724,1.);
#4724 = DIRECTION('',(0.,-1.));
#4725 = ( GEOMETRIC_REPRESENTATION_CONTEXT(2) 
PARAMETRIC_REPRESENTATION_CONTEXT() REPRESENTATION_CONTEXT('2D SPACE',''
  ) );
#4726 = PCURVE('',#1085,#4727);
#4727 = DEFINITIONAL_REPRESENTATION('',(#4728),#4732);
#4728 = LINE('',#4729,#4730);
#4729 = CARTESIAN_POINT('',(1.,0.));
#4730 = VECTOR('',#4731,1.);
#4731 = DIRECTION('',(0.,-1.));
#4732 = ( GEOMETRIC_REPRESENTATION_CONTEXT(2) 
PARAMETRIC_REPRESENTATION_CONTEXT() REPRESENTATION_CONTEXT('2D SPACE',''
  ) );
#4733 = ORIENTED_EDGE('',*,*,#4734,.T.);
#4734 = EDGE_CURVE('',#4712,#4663,#4735,.T.);
#4735 = SURFACE_CURVE('',#4736,(#4740,#4747),.PCURVE_S1.);
#4736 = B_SPLINE_CURVE_WITH_KNOTS('',2,(#4737,#4738,#4739),
  .UNSPECIFIED.,.F.,.F.,(3,3),(0.,1.),.PIECEWISE_BEZIER_KNOTS.);
#4737 = CARTESIAN_POINT('',(-6.921598632813,-41.89315839528,
    6.545094012583));
#4738 = CARTESIAN_POINT('',(-7.247098632813,-41.80409588235,
    6.789791255771));
#4739 = CARTESIAN_POINT('',(-7.276493164062,-41.63602437828,
    7.251563918042));
#4740 = PCURVE('',#1115,#4741);
#4741 = DEFINITIONAL_REPRESENTATION('',(#4742),#4746);
#4742 = LINE('',#4743,#4744);
#4743 = CARTESIAN_POINT('',(0.,-0.5));
#4744 = VECTOR('',#4745,1.);
#4745 = DIRECTION('',(1.,0.));
#4746 = ( GEOMETRIC_REPRESENTATION_CONTEXT(2) 
PARAMETRIC_REPRESENTATION_CONTEXT() REPRESENTATION_CONTEXT('2D SPACE',''
  ) );
#4747 = PCURVE('',#3890,#4748);
#4748 = DEFINITIONAL_REPRESENTATION('',(#4749),#4753);
#4749 = B_SPLINE_CURVE_WITH_KNOTS('',2,(#4750,#4751,#4752),
  .UNSPECIFIED.,.F.,.F.,(3,3),(0.,1.),.PIECEWISE_BEZIER_KNOTS.);
#4750 = CARTESIAN_POINT('',(0.52289453125,0.163795898438));
#4751 = CARTESIAN_POINT('',(0.19739453125,0.424197265625));
#4752 = CARTESIAN_POINT('',(0.168,0.91560546875));
#4753 = ( GEOMETRIC_REPRESENTATION_CONTEXT(2) 
PARAMETRIC_REPRESENTATION_CONTEXT() REPRESENTATION_CONTEXT('2D SPACE',''
  ) );
#4754 = ORIENTED_EDGE('',*,*,#4662,.F.);
#4755 = ORIENTED_EDGE('',*,*,#1099,.F.);
#4756 = ADVANCED_FACE('',(#4757),#1085,.T.);
#4757 = FACE_BOUND('',#4758,.T.);
#4758 = EDGE_LOOP('',(#4759,#4782,#4803,#4804));
#4759 = ORIENTED_EDGE('',*,*,#4760,.T.);
#4760 = EDGE_CURVE('',#1040,#4761,#4763,.T.);
#4761 = VERTEX_POINT('',#4762);
#4762 = CARTESIAN_POINT('',(-6.008098632812,-41.9822209082,
    6.300396769394));
#4763 = SURFACE_CURVE('',#4764,(#4768,#4775),.PCURVE_S1.);
#4764 = LINE('',#4765,#4766);
#4765 = CARTESIAN_POINT('',(-6.008098632812,-42.4520672186,
    6.471406841057));
#4766 = VECTOR('',#4767,1.);
#4767 = DIRECTION('',(0.,0.939692620786,-0.342020143326));
#4768 = PCURVE('',#1085,#4769);
#4769 = DEFINITIONAL_REPRESENTATION('',(#4770),#4774);
#4770 = LINE('',#4771,#4772);
#4771 = CARTESIAN_POINT('',(0.,0.));
#4772 = VECTOR('',#4773,1.);
#4773 = DIRECTION('',(0.,-1.));
#4774 = ( GEOMETRIC_REPRESENTATION_CONTEXT(2) 
PARAMETRIC_REPRESENTATION_CONTEXT() REPRESENTATION_CONTEXT('2D SPACE',''
  ) );
#4775 = PCURVE('',#1055,#4776);
#4776 = DEFINITIONAL_REPRESENTATION('',(#4777),#4781);
#4777 = LINE('',#4778,#4779);
#4778 = CARTESIAN_POINT('',(1.,0.));
#4779 = VECTOR('',#4780,1.);
#4780 = DIRECTION('',(0.,-1.));
#4781 = ( GEOMETRIC_REPRESENTATION_CONTEXT(2) 
PARAMETRIC_REPRESENTATION_CONTEXT() REPRESENTATION_CONTEXT('2D SPACE',''
  ) );
#4782 = ORIENTED_EDGE('',*,*,#4783,.T.);
#4783 = EDGE_CURVE('',#4761,#4712,#4784,.T.);
#4784 = SURFACE_CURVE('',#4785,(#4789,#4796),.PCURVE_S1.);
#4785 = B_SPLINE_CURVE_WITH_KNOTS('',2,(#4786,#4787,#4788),
  .UNSPECIFIED.,.F.,.F.,(3,3),(0.,1.),.PIECEWISE_BEZIER_KNOTS.);
#4786 = CARTESIAN_POINT('',(-6.008098632812,-41.9822209082,
    6.300396769394));
#4787 = CARTESIAN_POINT('',(-6.596098632812,-41.9822209082,
    6.300396769394));
#4788 = CARTESIAN_POINT('',(-6.921598632813,-41.89315839528,
    6.545094012583));
#4789 = PCURVE('',#1085,#4790);
#4790 = DEFINITIONAL_REPRESENTATION('',(#4791),#4795);
#4791 = LINE('',#4792,#4793);
#4792 = CARTESIAN_POINT('',(0.,-0.5));
#4793 = VECTOR('',#4794,1.);
#4794 = DIRECTION('',(1.,0.));
#4795 = ( GEOMETRIC_REPRESENTATION_CONTEXT(2) 
PARAMETRIC_REPRESENTATION_CONTEXT() REPRESENTATION_CONTEXT('2D SPACE',''
  ) );
#4796 = PCURVE('',#3890,#4797);
#4797 = DEFINITIONAL_REPRESENTATION('',(#4798),#4802);
#4798 = B_SPLINE_CURVE_WITH_KNOTS('',2,(#4799,#4800,#4801),
  .UNSPECIFIED.,.F.,.F.,(3,3),(0.,1.),.PIECEWISE_BEZIER_KNOTS.);
#4799 = CARTESIAN_POINT('',(1.43639453125,-9.660546875E-02));
#4800 = CARTESIAN_POINT('',(0.84839453125,-9.660546875E-02));
#4801 = CARTESIAN_POINT('',(0.52289453125,0.163795898438));
#4802 = ( GEOMETRIC_REPRESENTATION_CONTEXT(2) 
PARAMETRIC_REPRESENTATION_CONTEXT() REPRESENTATION_CONTEXT('2D SPACE',''
  ) );
#4803 = ORIENTED_EDGE('',*,*,#4711,.F.);
#4804 = ORIENTED_EDGE('',*,*,#1069,.F.);
#4805 = ADVANCED_FACE('',(#4806),#1055,.T.);
#4806 = FACE_BOUND('',#4807,.T.);
#4807 = EDGE_LOOP('',(#4808,#4831,#4852,#4853));
#4808 = ORIENTED_EDGE('',*,*,#4809,.T.);
#4809 = EDGE_CURVE('',#1010,#4810,#4812,.T.);
#4810 = VERTEX_POINT('',#4811);
#4811 = CARTESIAN_POINT('',(-5.084091796875,-41.89244062058,
    6.54706608235));
#4812 = SURFACE_CURVE('',#4813,(#4817,#4824),.PCURVE_S1.);
#4813 = LINE('',#4814,#4815);
#4814 = CARTESIAN_POINT('',(-5.084091796875,-42.36228693097,
    6.718076154013));
#4815 = VECTOR('',#4816,1.);
#4816 = DIRECTION('',(0.,0.939692620786,-0.342020143326));
#4817 = PCURVE('',#1055,#4818);
#4818 = DEFINITIONAL_REPRESENTATION('',(#4819),#4823);
#4819 = LINE('',#4820,#4821);
#4820 = CARTESIAN_POINT('',(0.,0.));
#4821 = VECTOR('',#4822,1.);
#4822 = DIRECTION('',(0.,-1.));
#4823 = ( GEOMETRIC_REPRESENTATION_CONTEXT(2) 
PARAMETRIC_REPRESENTATION_CONTEXT() REPRESENTATION_CONTEXT('2D SPACE',''
  ) );
#4824 = PCURVE('',#1025,#4825);
#4825 = DEFINITIONAL_REPRESENTATION('',(#4826),#4830);
#4826 = LINE('',#4827,#4828);
#4827 = CARTESIAN_POINT('',(1.,0.));
#4828 = VECTOR('',#4829,1.);
#4829 = DIRECTION('',(0.,-1.));
#4830 = ( GEOMETRIC_REPRESENTATION_CONTEXT(2) 
PARAMETRIC_REPRESENTATION_CONTEXT() REPRESENTATION_CONTEXT('2D SPACE',''
  ) );
#4831 = ORIENTED_EDGE('',*,*,#4832,.T.);
#4832 = EDGE_CURVE('',#4810,#4761,#4833,.T.);
#4833 = SURFACE_CURVE('',#4834,(#4838,#4845),.PCURVE_S1.);
#4834 = B_SPLINE_CURVE_WITH_KNOTS('',2,(#4835,#4836,#4837),
  .UNSPECIFIED.,.F.,.F.,(3,3),(0.,1.),.PIECEWISE_BEZIER_KNOTS.);
#4835 = CARTESIAN_POINT('',(-5.084091796875,-41.89244062058,
    6.54706608235));
#4836 = CARTESIAN_POINT('',(-5.415887695313,-41.9822209082,
    6.300396769394));
#4837 = CARTESIAN_POINT('',(-6.008098632812,-41.9822209082,
    6.300396769394));
#4838 = PCURVE('',#1055,#4839);
#4839 = DEFINITIONAL_REPRESENTATION('',(#4840),#4844);
#4840 = LINE('',#4841,#4842);
#4841 = CARTESIAN_POINT('',(0.,-0.5));
#4842 = VECTOR('',#4843,1.);
#4843 = DIRECTION('',(1.,0.));
#4844 = ( GEOMETRIC_REPRESENTATION_CONTEXT(2) 
PARAMETRIC_REPRESENTATION_CONTEXT() REPRESENTATION_CONTEXT('2D SPACE',''
  ) );
#4845 = PCURVE('',#3890,#4846);
#4846 = DEFINITIONAL_REPRESENTATION('',(#4847),#4851);
#4847 = B_SPLINE_CURVE_WITH_KNOTS('',2,(#4848,#4849,#4850),
  .UNSPECIFIED.,.F.,.F.,(3,3),(0.,1.),.PIECEWISE_BEZIER_KNOTS.);
#4848 = CARTESIAN_POINT('',(2.360401367187,0.16589453125));
#4849 = CARTESIAN_POINT('',(2.02860546875,-9.660546875E-02));
#4850 = CARTESIAN_POINT('',(1.43639453125,-9.660546875E-02));
#4851 = ( GEOMETRIC_REPRESENTATION_CONTEXT(2) 
PARAMETRIC_REPRESENTATION_CONTEXT() REPRESENTATION_CONTEXT('2D SPACE',''
  ) );
#4852 = ORIENTED_EDGE('',*,*,#4760,.F.);
#4853 = ORIENTED_EDGE('',*,*,#1039,.F.);
#4854 = ADVANCED_FACE('',(#4855),#1025,.T.);
#4855 = FACE_BOUND('',#4856,.T.);
#4856 = EDGE_LOOP('',(#4857,#4880,#4901,#4902));
#4857 = ORIENTED_EDGE('',*,*,#4858,.T.);
#4858 = EDGE_CURVE('',#980,#4859,#4861,.T.);
#4859 = VERTEX_POINT('',#4860);
#4860 = CARTESIAN_POINT('',(-4.752295898438,-41.64320680129,
    7.231830373005));
#4861 = SURFACE_CURVE('',#4862,(#4866,#4873),.PCURVE_S1.);
#4862 = LINE('',#4863,#4864);
#4863 = CARTESIAN_POINT('',(-4.752295898438,-42.11305311169,
    7.402840444668));
#4864 = VECTOR('',#4865,1.);
#4865 = DIRECTION('',(0.,0.939692620786,-0.342020143326));
#4866 = PCURVE('',#1025,#4867);
#4867 = DEFINITIONAL_REPRESENTATION('',(#4868),#4872);
#4868 = LINE('',#4869,#4870);
#4869 = CARTESIAN_POINT('',(0.,0.));
#4870 = VECTOR('',#4871,1.);
#4871 = DIRECTION('',(0.,-1.));
#4872 = ( GEOMETRIC_REPRESENTATION_CONTEXT(2) 
PARAMETRIC_REPRESENTATION_CONTEXT() REPRESENTATION_CONTEXT('2D SPACE',''
  ) );
#4873 = PCURVE('',#995,#4874);
#4874 = DEFINITIONAL_REPRESENTATION('',(#4875),#4879);
#4875 = LINE('',#4876,#4877);
#4876 = CARTESIAN_POINT('',(1.,0.));
#4877 = VECTOR('',#4878,1.);
#4878 = DIRECTION('',(0.,-1.));
#4879 = ( GEOMETRIC_REPRESENTATION_CONTEXT(2) 
PARAMETRIC_REPRESENTATION_CONTEXT() REPRESENTATION_CONTEXT('2D SPACE',''
  ) );
#4880 = ORIENTED_EDGE('',*,*,#4881,.T.);
#4881 = EDGE_CURVE('',#4859,#4810,#4882,.T.);
#4882 = SURFACE_CURVE('',#4883,(#4887,#4894),.PCURVE_S1.);
#4883 = B_SPLINE_CURVE_WITH_KNOTS('',2,(#4884,#4885,#4886),
  .UNSPECIFIED.,.F.,.F.,(3,3),(0.,1.),.PIECEWISE_BEZIER_KNOTS.);
#4884 = CARTESIAN_POINT('',(-4.752295898438,-41.64320680129,
    7.231830373005));
#4885 = CARTESIAN_POINT('',(-4.752295898438,-41.80266033296,
    6.793735395307));
#4886 = CARTESIAN_POINT('',(-5.084091796875,-41.89244062058,
    6.54706608235));
#4887 = PCURVE('',#1025,#4888);
#4888 = DEFINITIONAL_REPRESENTATION('',(#4889),#4893);
#4889 = LINE('',#4890,#4891);
#4890 = CARTESIAN_POINT('',(0.,-0.5));
#4891 = VECTOR('',#4892,1.);
#4892 = DIRECTION('',(1.,0.));
#4893 = ( GEOMETRIC_REPRESENTATION_CONTEXT(2) 
PARAMETRIC_REPRESENTATION_CONTEXT() REPRESENTATION_CONTEXT('2D SPACE',''
  ) );
#4894 = PCURVE('',#3890,#4895);
#4895 = DEFINITIONAL_REPRESENTATION('',(#4896),#4900);
#4896 = B_SPLINE_CURVE_WITH_KNOTS('',2,(#4897,#4898,#4899),
  .UNSPECIFIED.,.F.,.F.,(3,3),(0.,1.),.PIECEWISE_BEZIER_KNOTS.);
#4897 = CARTESIAN_POINT('',(2.692197265625,0.89460546875));
#4898 = CARTESIAN_POINT('',(2.692197265625,0.42839453125));
#4899 = CARTESIAN_POINT('',(2.360401367187,0.16589453125));
#4900 = ( GEOMETRIC_REPRESENTATION_CONTEXT(2) 
PARAMETRIC_REPRESENTATION_CONTEXT() REPRESENTATION_CONTEXT('2D SPACE',''
  ) );
#4901 = ORIENTED_EDGE('',*,*,#4809,.F.);
#4902 = ORIENTED_EDGE('',*,*,#1009,.F.);
#4903 = ADVANCED_FACE('',(#4904),#995,.T.);
#4904 = FACE_BOUND('',#4905,.T.);
#4905 = EDGE_LOOP('',(#4906,#4929,#4950,#4951));
#4906 = ORIENTED_EDGE('',*,*,#4907,.T.);
#4907 = EDGE_CURVE('',#950,#4908,#4910,.T.);
#4908 = VERTEX_POINT('',#4909);
#4909 = CARTESIAN_POINT('',(-4.945493164063,-41.45143704214,
    7.758713456008));
#4910 = SURFACE_CURVE('',#4911,(#4915,#4922),.PCURVE_S1.);
#4911 = LINE('',#4912,#4913);
#4912 = CARTESIAN_POINT('',(-4.945493164063,-41.92128335254,
    7.929723527671));
#4913 = VECTOR('',#4914,1.);
#4914 = DIRECTION('',(0.,0.939692620786,-0.342020143326));
#4915 = PCURVE('',#995,#4916);
#4916 = DEFINITIONAL_REPRESENTATION('',(#4917),#4921);
#4917 = LINE('',#4918,#4919);
#4918 = CARTESIAN_POINT('',(0.,0.));
#4919 = VECTOR('',#4920,1.);
#4920 = DIRECTION('',(0.,-1.));
#4921 = ( GEOMETRIC_REPRESENTATION_CONTEXT(2) 
PARAMETRIC_REPRESENTATION_CONTEXT() REPRESENTATION_CONTEXT('2D SPACE',''
  ) );
#4922 = PCURVE('',#965,#4923);
#4923 = DEFINITIONAL_REPRESENTATION('',(#4924),#4928);
#4924 = LINE('',#4925,#4926);
#4925 = CARTESIAN_POINT('',(1.,0.));
#4926 = VECTOR('',#4927,1.);
#4927 = DIRECTION('',(0.,-1.));
#4928 = ( GEOMETRIC_REPRESENTATION_CONTEXT(2) 
PARAMETRIC_REPRESENTATION_CONTEXT() REPRESENTATION_CONTEXT('2D SPACE',''
  ) );
#4929 = ORIENTED_EDGE('',*,*,#4930,.T.);
#4930 = EDGE_CURVE('',#4908,#4859,#4931,.T.);
#4931 = SURFACE_CURVE('',#4932,(#4936,#4943),.PCURVE_S1.);
#4932 = B_SPLINE_CURVE_WITH_KNOTS('',2,(#4933,#4934,#4935),
  .UNSPECIFIED.,.F.,.F.,(3,3),(0.,1.),.PIECEWISE_BEZIER_KNOTS.);
#4933 = CARTESIAN_POINT('',(-4.945493164063,-41.45143704214,
    7.758713456008));
#4934 = CARTESIAN_POINT('',(-4.752295898438,-41.51967006074,
    7.571244778161));
#4935 = CARTESIAN_POINT('',(-4.752295898438,-41.64320680129,
    7.231830373005));
#4936 = PCURVE('',#995,#4937);
#4937 = DEFINITIONAL_REPRESENTATION('',(#4938),#4942);
#4938 = LINE('',#4939,#4940);
#4939 = CARTESIAN_POINT('',(0.,-0.5));
#4940 = VECTOR('',#4941,1.);
#4941 = DIRECTION('',(1.,0.));
#4942 = ( GEOMETRIC_REPRESENTATION_CONTEXT(2) 
PARAMETRIC_REPRESENTATION_CONTEXT() REPRESENTATION_CONTEXT('2D SPACE',''
  ) );
#4943 = PCURVE('',#3890,#4944);
#4944 = DEFINITIONAL_REPRESENTATION('',(#4945),#4949);
#4945 = B_SPLINE_CURVE_WITH_KNOTS('',2,(#4946,#4947,#4948),
  .UNSPECIFIED.,.F.,.F.,(3,3),(0.,1.),.PIECEWISE_BEZIER_KNOTS.);
#4946 = CARTESIAN_POINT('',(2.499,1.455302734375));
#4947 = CARTESIAN_POINT('',(2.692197265625,1.255802734375));
#4948 = CARTESIAN_POINT('',(2.692197265625,0.89460546875));
#4949 = ( GEOMETRIC_REPRESENTATION_CONTEXT(2) 
PARAMETRIC_REPRESENTATION_CONTEXT() REPRESENTATION_CONTEXT('2D SPACE',''
  ) );
#4950 = ORIENTED_EDGE('',*,*,#4858,.F.);
#4951 = ORIENTED_EDGE('',*,*,#979,.F.);
#4952 = ADVANCED_FACE('',(#4953),#965,.T.);
#4953 = FACE_BOUND('',#4954,.T.);
#4954 = EDGE_LOOP('',(#4955,#4978,#4999,#5000));
#4955 = ORIENTED_EDGE('',*,*,#4956,.T.);
#4956 = EDGE_CURVE('',#922,#4957,#4959,.T.);
#4957 = VERTEX_POINT('',#4958);
#4958 = CARTESIAN_POINT('',(-5.562887695312,-41.35447433151,
    8.025116314001));
#4959 = SURFACE_CURVE('',#4960,(#4964,#4971),.PCURVE_S1.);
#4960 = LINE('',#4961,#4962);
#4961 = CARTESIAN_POINT('',(-5.562887695312,-41.8243206419,
    8.196126385664));
#4962 = VECTOR('',#4963,1.);
#4963 = DIRECTION('',(0.,0.939692620786,-0.342020143326));
#4964 = PCURVE('',#965,#4965);
#4965 = DEFINITIONAL_REPRESENTATION('',(#4966),#4970);
#4966 = LINE('',#4967,#4968);
#4967 = CARTESIAN_POINT('',(0.,0.));
#4968 = VECTOR('',#4969,1.);
#4969 = DIRECTION('',(0.,-1.));
#4970 = ( GEOMETRIC_REPRESENTATION_CONTEXT(2) 
PARAMETRIC_REPRESENTATION_CONTEXT() REPRESENTATION_CONTEXT('2D SPACE',''
  ) );
#4971 = PCURVE('',#937,#4972);
#4972 = DEFINITIONAL_REPRESENTATION('',(#4973),#4977);
#4973 = LINE('',#4974,#4975);
#4974 = CARTESIAN_POINT('',(0.487635937816,-1.838806884535E-16));
#4975 = VECTOR('',#4976,1.);
#4976 = DIRECTION('',(6.938893903907E-18,-1.));
#4977 = ( GEOMETRIC_REPRESENTATION_CONTEXT(2) 
PARAMETRIC_REPRESENTATION_CONTEXT() REPRESENTATION_CONTEXT('2D SPACE',''
  ) );
#4978 = ORIENTED_EDGE('',*,*,#4979,.T.);
#4979 = EDGE_CURVE('',#4957,#4908,#4980,.T.);
#4980 = SURFACE_CURVE('',#4981,(#4985,#4992),.PCURVE_S1.);
#4981 = B_SPLINE_CURVE_WITH_KNOTS('',2,(#4982,#4983,#4984),
  .UNSPECIFIED.,.F.,.F.,(3,3),(0.,1.),.PIECEWISE_BEZIER_KNOTS.);
#4982 = CARTESIAN_POINT('',(-5.562887695312,-41.35447433151,
    8.025116314001));
#4983 = CARTESIAN_POINT('',(-5.138690429688,-41.38320402355,
    7.946182133855));
#4984 = CARTESIAN_POINT('',(-4.945493164063,-41.45143704214,
    7.758713456008));
#4985 = PCURVE('',#965,#4986);
#4986 = DEFINITIONAL_REPRESENTATION('',(#4987),#4991);
#4987 = LINE('',#4988,#4989);
#4988 = CARTESIAN_POINT('',(0.,-0.5));
#4989 = VECTOR('',#4990,1.);
#4990 = DIRECTION('',(1.,0.));
#4991 = ( GEOMETRIC_REPRESENTATION_CONTEXT(2) 
PARAMETRIC_REPRESENTATION_CONTEXT() REPRESENTATION_CONTEXT('2D SPACE',''
  ) );
#4992 = PCURVE('',#3890,#4993);
#4993 = DEFINITIONAL_REPRESENTATION('',(#4994),#4998);
#4994 = B_SPLINE_CURVE_WITH_KNOTS('',2,(#4995,#4996,#4997),
  .UNSPECIFIED.,.F.,.F.,(3,3),(0.,1.),.PIECEWISE_BEZIER_KNOTS.);
#4995 = CARTESIAN_POINT('',(1.88160546875,1.738802734375));
#4996 = CARTESIAN_POINT('',(2.305802734375,1.654802734375));
#4997 = CARTESIAN_POINT('',(2.499,1.455302734375));
#4998 = ( GEOMETRIC_REPRESENTATION_CONTEXT(2) 
PARAMETRIC_REPRESENTATION_CONTEXT() REPRESENTATION_CONTEXT('2D SPACE',''
  ) );
#4999 = ORIENTED_EDGE('',*,*,#4907,.F.);
#5000 = ORIENTED_EDGE('',*,*,#949,.F.);
#5001 = ADVANCED_FACE('',(#5002),#937,.T.);
#5002 = FACE_BOUND('',#5003,.T.);
#5003 = EDGE_LOOP('',(#5004,#5027,#5048,#5049));
#5004 = ORIENTED_EDGE('',*,*,#5005,.T.);
#5005 = EDGE_CURVE('',#892,#5006,#5008,.T.);
#5006 = VERTEX_POINT('',#5007);
#5007 = CARTESIAN_POINT('',(-6.041690429687,-41.32287354069,
    8.111938773217));
#5008 = SURFACE_CURVE('',#5009,(#5013,#5020),.PCURVE_S1.);
#5009 = LINE('',#5010,#5011);
#5010 = CARTESIAN_POINT('',(-6.041690429687,-41.79271985108,
    8.28294884488));
#5011 = VECTOR('',#5012,1.);
#5012 = DIRECTION('',(0.,0.939692620786,-0.342020143326));
#5013 = PCURVE('',#937,#5014);
#5014 = DEFINITIONAL_REPRESENTATION('',(#5015),#5019);
#5015 = LINE('',#5016,#5017);
#5016 = CARTESIAN_POINT('',(0.,0.));
#5017 = VECTOR('',#5018,1.);
#5018 = DIRECTION('',(6.938893903907E-18,-1.));
#5019 = ( GEOMETRIC_REPRESENTATION_CONTEXT(2) 
PARAMETRIC_REPRESENTATION_CONTEXT() REPRESENTATION_CONTEXT('2D SPACE',''
  ) );
#5020 = PCURVE('',#907,#5021);
#5021 = DEFINITIONAL_REPRESENTATION('',(#5022),#5026);
#5022 = LINE('',#5023,#5024);
#5023 = CARTESIAN_POINT('',(1.,0.));
#5024 = VECTOR('',#5025,1.);
#5025 = DIRECTION('',(0.,-1.));
#5026 = ( GEOMETRIC_REPRESENTATION_CONTEXT(2) 
PARAMETRIC_REPRESENTATION_CONTEXT() REPRESENTATION_CONTEXT('2D SPACE',''
  ) );
#5027 = ORIENTED_EDGE('',*,*,#5028,.T.);
#5028 = EDGE_CURVE('',#5006,#4957,#5029,.T.);
#5029 = SURFACE_CURVE('',#5030,(#5034,#5041),.PCURVE_S1.);
#5030 = LINE('',#5031,#5032);
#5031 = CARTESIAN_POINT('',(-6.041690429687,-41.32287354069,
    8.111938773217));
#5032 = VECTOR('',#5033,1.);
#5033 = DIRECTION('',(0.981885659452,-6.480406461048E-02,-0.178047704206
    ));
#5034 = PCURVE('',#937,#5035);
#5035 = DEFINITIONAL_REPRESENTATION('',(#5036),#5040);
#5036 = LINE('',#5037,#5038);
#5037 = CARTESIAN_POINT('',(-1.023486850826E-15,-0.5));
#5038 = VECTOR('',#5039,1.);
#5039 = DIRECTION('',(1.,-6.938893903907E-18));
#5040 = ( GEOMETRIC_REPRESENTATION_CONTEXT(2) 
PARAMETRIC_REPRESENTATION_CONTEXT() REPRESENTATION_CONTEXT('2D SPACE',''
  ) );
#5041 = PCURVE('',#3890,#5042);
#5042 = DEFINITIONAL_REPRESENTATION('',(#5043),#5047);
#5043 = LINE('',#5044,#5045);
#5044 = CARTESIAN_POINT('',(1.402802734375,1.831197265625));
#5045 = VECTOR('',#5046,1.);
#5046 = DIRECTION('',(0.981885659452,-0.189474409257));
#5047 = ( GEOMETRIC_REPRESENTATION_CONTEXT(2) 
PARAMETRIC_REPRESENTATION_CONTEXT() REPRESENTATION_CONTEXT('2D SPACE',''
  ) );
#5048 = ORIENTED_EDGE('',*,*,#4956,.F.);
#5049 = ORIENTED_EDGE('',*,*,#921,.F.);
#5050 = ADVANCED_FACE('',(#5051),#907,.T.);
#5051 = FACE_BOUND('',#5052,.T.);
#5052 = EDGE_LOOP('',(#5053,#5076,#5097,#5098));
#5053 = ORIENTED_EDGE('',*,*,#5054,.T.);
#5054 = EDGE_CURVE('',#862,#5055,#5057,.T.);
#5055 = VERTEX_POINT('',#5056);
#5056 = CARTESIAN_POINT('',(-6.499493164062,-41.27187880492,
    8.25204565824));
#5057 = SURFACE_CURVE('',#5058,(#5062,#5069),.PCURVE_S1.);
#5058 = LINE('',#5059,#5060);
#5059 = CARTESIAN_POINT('',(-6.499493164062,-41.74172511532,
    8.423055729903));
#5060 = VECTOR('',#5061,1.);
#5061 = DIRECTION('',(0.,0.939692620786,-0.342020143326));
#5062 = PCURVE('',#907,#5063);
#5063 = DEFINITIONAL_REPRESENTATION('',(#5064),#5068);
#5064 = LINE('',#5065,#5066);
#5065 = CARTESIAN_POINT('',(0.,0.));
#5066 = VECTOR('',#5067,1.);
#5067 = DIRECTION('',(0.,-1.));
#5068 = ( GEOMETRIC_REPRESENTATION_CONTEXT(2) 
PARAMETRIC_REPRESENTATION_CONTEXT() REPRESENTATION_CONTEXT('2D SPACE',''
  ) );
#5069 = PCURVE('',#877,#5070);
#5070 = DEFINITIONAL_REPRESENTATION('',(#5071),#5075);
#5071 = LINE('',#5072,#5073);
#5072 = CARTESIAN_POINT('',(1.,0.));
#5073 = VECTOR('',#5074,1.);
#5074 = DIRECTION('',(0.,-1.));
#5075 = ( GEOMETRIC_REPRESENTATION_CONTEXT(2) 
PARAMETRIC_REPRESENTATION_CONTEXT() REPRESENTATION_CONTEXT('2D SPACE',''
  ) );
#5076 = ORIENTED_EDGE('',*,*,#5077,.T.);
#5077 = EDGE_CURVE('',#5055,#5006,#5078,.T.);
#5078 = SURFACE_CURVE('',#5079,(#5083,#5090),.PCURVE_S1.);
#5079 = B_SPLINE_CURVE_WITH_KNOTS('',2,(#5080,#5081,#5082),
  .UNSPECIFIED.,.F.,.F.,(3,3),(0.,1.),.PIECEWISE_BEZIER_KNOTS.);
#5080 = CARTESIAN_POINT('',(-6.499493164062,-41.27187880492,
    8.25204565824));
#5081 = CARTESIAN_POINT('',(-6.377690429688,-41.29989072227,
    8.175083547862));
#5082 = CARTESIAN_POINT('',(-6.041690429687,-41.32287354069,
    8.111938773217));
#5083 = PCURVE('',#907,#5084);
#5084 = DEFINITIONAL_REPRESENTATION('',(#5085),#5089);
#5085 = LINE('',#5086,#5087);
#5086 = CARTESIAN_POINT('',(0.,-0.5));
#5087 = VECTOR('',#5088,1.);
#5088 = DIRECTION('',(1.,0.));
#5089 = ( GEOMETRIC_REPRESENTATION_CONTEXT(2) 
PARAMETRIC_REPRESENTATION_CONTEXT() REPRESENTATION_CONTEXT('2D SPACE',''
  ) );
#5090 = PCURVE('',#3890,#5091);
#5091 = DEFINITIONAL_REPRESENTATION('',(#5092),#5096);
#5092 = B_SPLINE_CURVE_WITH_KNOTS('',2,(#5093,#5094,#5095),
  .UNSPECIFIED.,.F.,.F.,(3,3),(0.,1.),.PIECEWISE_BEZIER_KNOTS.);
#5093 = CARTESIAN_POINT('',(0.945,1.980295898437));
#5094 = CARTESIAN_POINT('',(1.066802734375,1.89839453125));
#5095 = CARTESIAN_POINT('',(1.402802734375,1.831197265625));
#5096 = ( GEOMETRIC_REPRESENTATION_CONTEXT(2) 
PARAMETRIC_REPRESENTATION_CONTEXT() REPRESENTATION_CONTEXT('2D SPACE',''
  ) );
#5097 = ORIENTED_EDGE('',*,*,#5005,.F.);
#5098 = ORIENTED_EDGE('',*,*,#891,.F.);
#5099 = ADVANCED_FACE('',(#5100),#877,.T.);
#5100 = FACE_BOUND('',#5101,.T.);
#5101 = EDGE_LOOP('',(#5102,#5125,#5146,#5147));
#5102 = ORIENTED_EDGE('',*,*,#5103,.T.);
#5103 = EDGE_CURVE('',#832,#5104,#5106,.T.);
#5104 = VERTEX_POINT('',#5105);
#5105 = CARTESIAN_POINT('',(-6.621295898438,-41.1864075035,
    8.486876128911));
#5106 = SURFACE_CURVE('',#5107,(#5111,#5118),.PCURVE_S1.);
#5107 = LINE('',#5108,#5109);
#5108 = CARTESIAN_POINT('',(-6.621295898438,-41.65625381389,
    8.657886200574));
#5109 = VECTOR('',#5110,1.);
#5110 = DIRECTION('',(0.,0.939692620786,-0.342020143326));
#5111 = PCURVE('',#877,#5112);
#5112 = DEFINITIONAL_REPRESENTATION('',(#5113),#5117);
#5113 = LINE('',#5114,#5115);
#5114 = CARTESIAN_POINT('',(0.,0.));
#5115 = VECTOR('',#5116,1.);
#5116 = DIRECTION('',(0.,-1.));
#5117 = ( GEOMETRIC_REPRESENTATION_CONTEXT(2) 
PARAMETRIC_REPRESENTATION_CONTEXT() REPRESENTATION_CONTEXT('2D SPACE',''
  ) );
#5118 = PCURVE('',#847,#5119);
#5119 = DEFINITIONAL_REPRESENTATION('',(#5120),#5124);
#5120 = LINE('',#5121,#5122);
#5121 = CARTESIAN_POINT('',(1.,0.));
#5122 = VECTOR('',#5123,1.);
#5123 = DIRECTION('',(0.,-1.));
#5124 = ( GEOMETRIC_REPRESENTATION_CONTEXT(2) 
PARAMETRIC_REPRESENTATION_CONTEXT() REPRESENTATION_CONTEXT('2D SPACE',''
  ) );
#5125 = ORIENTED_EDGE('',*,*,#5126,.T.);
#5126 = EDGE_CURVE('',#5104,#5055,#5127,.T.);
#5127 = SURFACE_CURVE('',#5128,(#5132,#5139),.PCURVE_S1.);
#5128 = B_SPLINE_CURVE_WITH_KNOTS('',2,(#5129,#5130,#5131),
  .UNSPECIFIED.,.F.,.F.,(3,3),(0.,1.),.PIECEWISE_BEZIER_KNOTS.);
#5129 = CARTESIAN_POINT('',(-6.621295898438,-41.1864075035,
    8.486876128911));
#5130 = CARTESIAN_POINT('',(-6.621295898438,-41.24386688758,
    8.329007768619));
#5131 = CARTESIAN_POINT('',(-6.499493164062,-41.27187880492,
    8.25204565824));
#5132 = PCURVE('',#877,#5133);
#5133 = DEFINITIONAL_REPRESENTATION('',(#5134),#5138);
#5134 = LINE('',#5135,#5136);
#5135 = CARTESIAN_POINT('',(0.,-0.5));
#5136 = VECTOR('',#5137,1.);
#5137 = DIRECTION('',(1.,0.));
#5138 = ( GEOMETRIC_REPRESENTATION_CONTEXT(2) 
PARAMETRIC_REPRESENTATION_CONTEXT() REPRESENTATION_CONTEXT('2D SPACE',''
  ) );
#5139 = PCURVE('',#3890,#5140);
#5140 = DEFINITIONAL_REPRESENTATION('',(#5141),#5145);
#5141 = B_SPLINE_CURVE_WITH_KNOTS('',2,(#5142,#5143,#5144),
  .UNSPECIFIED.,.F.,.F.,(3,3),(0.,1.),.PIECEWISE_BEZIER_KNOTS.);
#5142 = CARTESIAN_POINT('',(0.823197265625,2.230197265625));
#5143 = CARTESIAN_POINT('',(0.823197265625,2.062197265625));
#5144 = CARTESIAN_POINT('',(0.945,1.980295898437));
#5145 = ( GEOMETRIC_REPRESENTATION_CONTEXT(2) 
PARAMETRIC_REPRESENTATION_CONTEXT() REPRESENTATION_CONTEXT('2D SPACE',''
  ) );
#5146 = ORIENTED_EDGE('',*,*,#5054,.F.);
#5147 = ORIENTED_EDGE('',*,*,#861,.F.);
#5148 = ADVANCED_FACE('',(#5149),#847,.T.);
#5149 = FACE_BOUND('',#5150,.T.);
#5150 = EDGE_LOOP('',(#5151,#5174,#5195,#5196));
#5151 = ORIENTED_EDGE('',*,*,#5152,.T.);
#5152 = EDGE_CURVE('',#802,#5153,#5155,.T.);
#5153 = VERTEX_POINT('',#5154);
#5154 = CARTESIAN_POINT('',(-6.478493164062,-41.09231822968,
    8.745384284153));
#5155 = SURFACE_CURVE('',#5156,(#5160,#5167),.PCURVE_S1.);
#5156 = LINE('',#5157,#5158);
#5157 = CARTESIAN_POINT('',(-6.478493164062,-41.56216454007,
    8.916394355816));
#5158 = VECTOR('',#5159,1.);
#5159 = DIRECTION('',(0.,0.939692620786,-0.342020143326));
#5160 = PCURVE('',#847,#5161);
#5161 = DEFINITIONAL_REPRESENTATION('',(#5162),#5166);
#5162 = LINE('',#5163,#5164);
#5163 = CARTESIAN_POINT('',(0.,0.));
#5164 = VECTOR('',#5165,1.);
#5165 = DIRECTION('',(0.,-1.));
#5166 = ( GEOMETRIC_REPRESENTATION_CONTEXT(2) 
PARAMETRIC_REPRESENTATION_CONTEXT() REPRESENTATION_CONTEXT('2D SPACE',''
  ) );
#5167 = PCURVE('',#817,#5168);
#5168 = DEFINITIONAL_REPRESENTATION('',(#5169),#5173);
#5169 = LINE('',#5170,#5171);
#5170 = CARTESIAN_POINT('',(1.,0.));
#5171 = VECTOR('',#5172,1.);
#5172 = DIRECTION('',(0.,-1.));
#5173 = ( GEOMETRIC_REPRESENTATION_CONTEXT(2) 
PARAMETRIC_REPRESENTATION_CONTEXT() REPRESENTATION_CONTEXT('2D SPACE',''
  ) );
#5174 = ORIENTED_EDGE('',*,*,#5175,.T.);
#5175 = EDGE_CURVE('',#5153,#5104,#5176,.T.);
#5176 = SURFACE_CURVE('',#5177,(#5181,#5188),.PCURVE_S1.);
#5177 = B_SPLINE_CURVE_WITH_KNOTS('',2,(#5178,#5179,#5180),
  .UNSPECIFIED.,.F.,.F.,(3,3),(0.,1.),.PIECEWISE_BEZIER_KNOTS.);
#5178 = CARTESIAN_POINT('',(-6.478493164062,-41.09231822968,
    8.745384284153));
#5179 = CARTESIAN_POINT('',(-6.621295898438,-41.12751257003,
    8.648688628738));
#5180 = CARTESIAN_POINT('',(-6.621295898438,-41.1864075035,
    8.486876128911));
#5181 = PCURVE('',#847,#5182);
#5182 = DEFINITIONAL_REPRESENTATION('',(#5183),#5187);
#5183 = LINE('',#5184,#5185);
#5184 = CARTESIAN_POINT('',(0.,-0.5));
#5185 = VECTOR('',#5186,1.);
#5186 = DIRECTION('',(1.,0.));
#5187 = ( GEOMETRIC_REPRESENTATION_CONTEXT(2) 
PARAMETRIC_REPRESENTATION_CONTEXT() REPRESENTATION_CONTEXT('2D SPACE',''
  ) );
#5188 = PCURVE('',#3890,#5189);
#5189 = DEFINITIONAL_REPRESENTATION('',(#5190),#5194);
#5190 = B_SPLINE_CURVE_WITH_KNOTS('',2,(#5191,#5192,#5193),
  .UNSPECIFIED.,.F.,.F.,(3,3),(0.,1.),.PIECEWISE_BEZIER_KNOTS.);
#5191 = CARTESIAN_POINT('',(0.966,2.505295898437));
#5192 = CARTESIAN_POINT('',(0.823197265625,2.40239453125));
#5193 = CARTESIAN_POINT('',(0.823197265625,2.230197265625));
#5194 = ( GEOMETRIC_REPRESENTATION_CONTEXT(2) 
PARAMETRIC_REPRESENTATION_CONTEXT() REPRESENTATION_CONTEXT('2D SPACE',''
  ) );
#5195 = ORIENTED_EDGE('',*,*,#5103,.F.);
#5196 = ORIENTED_EDGE('',*,*,#831,.F.);
#5197 = ADVANCED_FACE('',(#5198),#817,.T.);
#5198 = FACE_BOUND('',#5199,.T.);
#5199 = EDGE_LOOP('',(#5200,#5223,#5244,#5245));
#5200 = ORIENTED_EDGE('',*,*,#5201,.T.);
#5201 = EDGE_CURVE('',#772,#5202,#5204,.T.);
#5202 = VERTEX_POINT('',#5203);
#5203 = CARTESIAN_POINT('',(-6.092098632813,-41.05712388932,
    8.842079939568));
#5204 = SURFACE_CURVE('',#5205,(#5209,#5216),.PCURVE_S1.);
#5205 = LINE('',#5206,#5207);
#5206 = CARTESIAN_POINT('',(-6.092098632813,-41.52697019972,
    9.013090011231));
#5207 = VECTOR('',#5208,1.);
#5208 = DIRECTION('',(0.,0.939692620786,-0.342020143326));
#5209 = PCURVE('',#817,#5210);
#5210 = DEFINITIONAL_REPRESENTATION('',(#5211),#5215);
#5211 = LINE('',#5212,#5213);
#5212 = CARTESIAN_POINT('',(0.,0.));
#5213 = VECTOR('',#5214,1.);
#5214 = DIRECTION('',(0.,-1.));
#5215 = ( GEOMETRIC_REPRESENTATION_CONTEXT(2) 
PARAMETRIC_REPRESENTATION_CONTEXT() REPRESENTATION_CONTEXT('2D SPACE',''
  ) );
#5216 = PCURVE('',#787,#5217);
#5217 = DEFINITIONAL_REPRESENTATION('',(#5218),#5222);
#5218 = LINE('',#5219,#5220);
#5219 = CARTESIAN_POINT('',(1.,0.));
#5220 = VECTOR('',#5221,1.);
#5221 = DIRECTION('',(0.,-1.));
#5222 = ( GEOMETRIC_REPRESENTATION_CONTEXT(2) 
PARAMETRIC_REPRESENTATION_CONTEXT() REPRESENTATION_CONTEXT('2D SPACE',''
  ) );
#5223 = ORIENTED_EDGE('',*,*,#5224,.T.);
#5224 = EDGE_CURVE('',#5202,#5153,#5225,.T.);
#5225 = SURFACE_CURVE('',#5226,(#5230,#5237),.PCURVE_S1.);
#5226 = B_SPLINE_CURVE_WITH_KNOTS('',2,(#5227,#5228,#5229),
  .UNSPECIFIED.,.F.,.F.,(3,3),(0.,1.),.PIECEWISE_BEZIER_KNOTS.);
#5227 = CARTESIAN_POINT('',(-6.092098632813,-41.05712388932,
    8.842079939568));
#5228 = CARTESIAN_POINT('',(-6.335690429688,-41.05712388932,
    8.842079939568));
#5229 = CARTESIAN_POINT('',(-6.478493164062,-41.09231822968,
    8.745384284153));
#5230 = PCURVE('',#817,#5231);
#5231 = DEFINITIONAL_REPRESENTATION('',(#5232),#5236);
#5232 = LINE('',#5233,#5234);
#5233 = CARTESIAN_POINT('',(0.,-0.5));
#5234 = VECTOR('',#5235,1.);
#5235 = DIRECTION('',(1.,0.));
#5236 = ( GEOMETRIC_REPRESENTATION_CONTEXT(2) 
PARAMETRIC_REPRESENTATION_CONTEXT() REPRESENTATION_CONTEXT('2D SPACE',''
  ) );
#5237 = PCURVE('',#3890,#5238);
#5238 = DEFINITIONAL_REPRESENTATION('',(#5239),#5243);
#5239 = B_SPLINE_CURVE_WITH_KNOTS('',2,(#5240,#5241,#5242),
  .UNSPECIFIED.,.F.,.F.,(3,3),(0.,1.),.PIECEWISE_BEZIER_KNOTS.);
#5240 = CARTESIAN_POINT('',(1.35239453125,2.608197265625));
#5241 = CARTESIAN_POINT('',(1.108802734375,2.608197265625));
#5242 = CARTESIAN_POINT('',(0.966,2.505295898437));
#5243 = ( GEOMETRIC_REPRESENTATION_CONTEXT(2) 
PARAMETRIC_REPRESENTATION_CONTEXT() REPRESENTATION_CONTEXT('2D SPACE',''
  ) );
#5244 = ORIENTED_EDGE('',*,*,#5152,.F.);
#5245 = ORIENTED_EDGE('',*,*,#801,.F.);
#5246 = ADVANCED_FACE('',(#5247),#787,.T.);
#5247 = FACE_BOUND('',#5248,.T.);
#5248 = EDGE_LOOP('',(#5249,#5272,#5293,#5294));
#5249 = ORIENTED_EDGE('',*,*,#5250,.T.);
#5250 = EDGE_CURVE('',#744,#5251,#5253,.T.);
#5251 = VERTEX_POINT('',#5252);
#5252 = CARTESIAN_POINT('',(-5.449493164062,-41.22088406916,
    8.392152543264));
#5253 = SURFACE_CURVE('',#5254,(#5258,#5265),.PCURVE_S1.);
#5254 = LINE('',#5255,#5256);
#5255 = CARTESIAN_POINT('',(-5.449493164062,-41.69073037955,
    8.563162614926));
#5256 = VECTOR('',#5257,1.);
#5257 = DIRECTION('',(0.,0.939692620786,-0.342020143326));
#5258 = PCURVE('',#787,#5259);
#5259 = DEFINITIONAL_REPRESENTATION('',(#5260),#5264);
#5260 = LINE('',#5261,#5262);
#5261 = CARTESIAN_POINT('',(0.,0.));
#5262 = VECTOR('',#5263,1.);
#5263 = DIRECTION('',(0.,-1.));
#5264 = ( GEOMETRIC_REPRESENTATION_CONTEXT(2) 
PARAMETRIC_REPRESENTATION_CONTEXT() REPRESENTATION_CONTEXT('2D SPACE',''
  ) );
#5265 = PCURVE('',#759,#5266);
#5266 = DEFINITIONAL_REPRESENTATION('',(#5267),#5271);
#5267 = LINE('',#5268,#5269);
#5268 = CARTESIAN_POINT('',(0.588,0.));
#5269 = VECTOR('',#5270,1.);
#5270 = DIRECTION('',(0.,-1.));
#5271 = ( GEOMETRIC_REPRESENTATION_CONTEXT(2) 
PARAMETRIC_REPRESENTATION_CONTEXT() REPRESENTATION_CONTEXT('2D SPACE',''
  ) );
#5272 = ORIENTED_EDGE('',*,*,#5273,.T.);
#5273 = EDGE_CURVE('',#5251,#5202,#5274,.T.);
#5274 = SURFACE_CURVE('',#5275,(#5279,#5286),.PCURVE_S1.);
#5275 = B_SPLINE_CURVE_WITH_KNOTS('',2,(#5276,#5277,#5278),
  .UNSPECIFIED.,.F.,.F.,(3,3),(0.,1.),.PIECEWISE_BEZIER_KNOTS.);
#5276 = CARTESIAN_POINT('',(-5.449493164062,-41.22088406916,
    8.392152543264));
#5277 = CARTESIAN_POINT('',(-5.483098632813,-41.05712388932,
    8.842079939568));
#5278 = CARTESIAN_POINT('',(-6.092098632813,-41.05712388932,
    8.842079939568));
#5279 = PCURVE('',#787,#5280);
#5280 = DEFINITIONAL_REPRESENTATION('',(#5281),#5285);
#5281 = LINE('',#5282,#5283);
#5282 = CARTESIAN_POINT('',(0.,-0.5));
#5283 = VECTOR('',#5284,1.);
#5284 = DIRECTION('',(1.,0.));
#5285 = ( GEOMETRIC_REPRESENTATION_CONTEXT(2) 
PARAMETRIC_REPRESENTATION_CONTEXT() REPRESENTATION_CONTEXT('2D SPACE',''
  ) );
#5286 = PCURVE('',#3890,#5287);
#5287 = DEFINITIONAL_REPRESENTATION('',(#5288),#5292);
#5288 = B_SPLINE_CURVE_WITH_KNOTS('',2,(#5289,#5290,#5291),
  .UNSPECIFIED.,.F.,.F.,(3,3),(0.,1.),.PIECEWISE_BEZIER_KNOTS.);
#5289 = CARTESIAN_POINT('',(1.995,2.12939453125));
#5290 = CARTESIAN_POINT('',(1.96139453125,2.608197265625));
#5291 = CARTESIAN_POINT('',(1.35239453125,2.608197265625));
#5292 = ( GEOMETRIC_REPRESENTATION_CONTEXT(2) 
PARAMETRIC_REPRESENTATION_CONTEXT() REPRESENTATION_CONTEXT('2D SPACE',''
  ) );
#5293 = ORIENTED_EDGE('',*,*,#5201,.F.);
#5294 = ORIENTED_EDGE('',*,*,#771,.F.);
#5295 = ADVANCED_FACE('',(#5296),#759,.T.);
#5296 = FACE_BOUND('',#5297,.T.);
#5297 = EDGE_LOOP('',(#5298,#5299,#5320,#5321));
#5298 = ORIENTED_EDGE('',*,*,#3902,.T.);
#5299 = ORIENTED_EDGE('',*,*,#5300,.T.);
#5300 = EDGE_CURVE('',#3875,#5251,#5301,.T.);
#5301 = SURFACE_CURVE('',#5302,(#5306,#5313),.PCURVE_S1.);
#5302 = LINE('',#5303,#5304);
#5303 = CARTESIAN_POINT('',(-4.861493164062,-41.22088406916,
    8.392152543264));
#5304 = VECTOR('',#5305,1.);
#5305 = DIRECTION('',(-1.,0.,0.));
#5306 = PCURVE('',#759,#5307);
#5307 = DEFINITIONAL_REPRESENTATION('',(#5308),#5312);
#5308 = LINE('',#5309,#5310);
#5309 = CARTESIAN_POINT('',(0.,-0.5));
#5310 = VECTOR('',#5311,1.);
#5311 = DIRECTION('',(1.,0.));
#5312 = ( GEOMETRIC_REPRESENTATION_CONTEXT(2) 
PARAMETRIC_REPRESENTATION_CONTEXT() REPRESENTATION_CONTEXT('2D SPACE',''
  ) );
#5313 = PCURVE('',#3890,#5314);
#5314 = DEFINITIONAL_REPRESENTATION('',(#5315),#5319);
#5315 = LINE('',#5316,#5317);
#5316 = CARTESIAN_POINT('',(2.583,2.12939453125));
#5317 = VECTOR('',#5318,1.);
#5318 = DIRECTION('',(-1.,0.));
#5319 = ( GEOMETRIC_REPRESENTATION_CONTEXT(2) 
PARAMETRIC_REPRESENTATION_CONTEXT() REPRESENTATION_CONTEXT('2D SPACE',''
  ) );
#5320 = ORIENTED_EDGE('',*,*,#5250,.F.);
#5321 = ORIENTED_EDGE('',*,*,#743,.F.);
#5322 = ADVANCED_FACE('',(#5323),#1623,.T.);
#5323 = FACE_BOUND('',#5324,.T.);
#5324 = EDGE_LOOP('',(#5325,#5348,#5376,#5397));
#5325 = ORIENTED_EDGE('',*,*,#5326,.T.);
#5326 = EDGE_CURVE('',#1606,#5327,#5329,.T.);
#5327 = VERTEX_POINT('',#5328);
#5328 = CARTESIAN_POINT('',(-3.026098632812,-41.9822209082,
    6.300396769394));
#5329 = SURFACE_CURVE('',#5330,(#5334,#5341),.PCURVE_S1.);
#5330 = LINE('',#5331,#5332);
#5331 = CARTESIAN_POINT('',(-3.026098632812,-42.4520672186,
    6.471406841057));
#5332 = VECTOR('',#5333,1.);
#5333 = DIRECTION('',(0.,0.939692620786,-0.342020143326));
#5334 = PCURVE('',#1623,#5335);
#5335 = DEFINITIONAL_REPRESENTATION('',(#5336),#5340);
#5336 = LINE('',#5337,#5338);
#5337 = CARTESIAN_POINT('',(0.,0.));
#5338 = VECTOR('',#5339,1.);
#5339 = DIRECTION('',(0.,-1.));
#5340 = ( GEOMETRIC_REPRESENTATION_CONTEXT(2) 
PARAMETRIC_REPRESENTATION_CONTEXT() REPRESENTATION_CONTEXT('2D SPACE',''
  ) );
#5341 = PCURVE('',#1831,#5342);
#5342 = DEFINITIONAL_REPRESENTATION('',(#5343),#5347);
#5343 = LINE('',#5344,#5345);
#5344 = CARTESIAN_POINT('',(1.,0.));
#5345 = VECTOR('',#5346,1.);
#5346 = DIRECTION('',(0.,-1.));
#5347 = ( GEOMETRIC_REPRESENTATION_CONTEXT(2) 
PARAMETRIC_REPRESENTATION_CONTEXT() REPRESENTATION_CONTEXT('2D SPACE',''
  ) );
#5348 = ORIENTED_EDGE('',*,*,#5349,.T.);
#5349 = EDGE_CURVE('',#5327,#5350,#5352,.T.);
#5350 = VERTEX_POINT('',#5351);
#5351 = CARTESIAN_POINT('',(-4.097098632813,-41.82851658819,
    6.722695917911));
#5352 = SURFACE_CURVE('',#5353,(#5357,#5364),.PCURVE_S1.);
#5353 = B_SPLINE_CURVE_WITH_KNOTS('',2,(#5354,#5355,#5356),
  .UNSPECIFIED.,.F.,.F.,(3,3),(0.,1.),.PIECEWISE_BEZIER_KNOTS.);
#5354 = CARTESIAN_POINT('',(-3.026098632812,-41.9822209082,
    6.300396769394));
#5355 = CARTESIAN_POINT('',(-3.693901367188,-41.9822209082,
    6.300396769394));
#5356 = CARTESIAN_POINT('',(-4.097098632813,-41.82851658819,
    6.722695917911));
#5357 = PCURVE('',#1623,#5358);
#5358 = DEFINITIONAL_REPRESENTATION('',(#5359),#5363);
#5359 = LINE('',#5360,#5361);
#5360 = CARTESIAN_POINT('',(0.,-0.5));
#5361 = VECTOR('',#5362,1.);
#5362 = DIRECTION('',(1.,0.));
#5363 = ( GEOMETRIC_REPRESENTATION_CONTEXT(2) 
PARAMETRIC_REPRESENTATION_CONTEXT() REPRESENTATION_CONTEXT('2D SPACE',''
  ) );
#5364 = PCURVE('',#5365,#5370);
#5365 = PLANE('',#5366);
#5366 = AXIS2_PLACEMENT_3D('',#5367,#5368,#5369);
#5367 = CARTESIAN_POINT('',(-4.668295898438,-41.94917989194,
    6.391176215506));
#5368 = DIRECTION('',(0.,-0.939692620786,0.342020143326));
#5369 = DIRECTION('',(1.,0.,0.));
#5370 = DEFINITIONAL_REPRESENTATION('',(#5371),#5375);
#5371 = B_SPLINE_CURVE_WITH_KNOTS('',2,(#5372,#5373,#5374),
  .UNSPECIFIED.,.F.,.F.,(3,3),(0.,1.),.PIECEWISE_BEZIER_KNOTS.);
#5372 = CARTESIAN_POINT('',(1.642197265625,-9.660546875E-02));
#5373 = CARTESIAN_POINT('',(0.97439453125,-9.660546875E-02));
#5374 = CARTESIAN_POINT('',(0.571197265625,0.352795898437));
#5375 = ( GEOMETRIC_REPRESENTATION_CONTEXT(2) 
PARAMETRIC_REPRESENTATION_CONTEXT() REPRESENTATION_CONTEXT('2D SPACE',''
  ) );
#5376 = ORIENTED_EDGE('',*,*,#5377,.F.);
#5377 = EDGE_CURVE('',#1608,#5350,#5378,.T.);
#5378 = SURFACE_CURVE('',#5379,(#5383,#5390),.PCURVE_S1.);
#5379 = LINE('',#5380,#5381);
#5380 = CARTESIAN_POINT('',(-4.097098632813,-42.29836289858,
    6.893705989574));
#5381 = VECTOR('',#5382,1.);
#5382 = DIRECTION('',(0.,0.939692620786,-0.342020143326));
#5383 = PCURVE('',#1623,#5384);
#5384 = DEFINITIONAL_REPRESENTATION('',(#5385),#5389);
#5385 = LINE('',#5386,#5387);
#5386 = CARTESIAN_POINT('',(1.,0.));
#5387 = VECTOR('',#5388,1.);
#5388 = DIRECTION('',(0.,-1.));
#5389 = ( GEOMETRIC_REPRESENTATION_CONTEXT(2) 
PARAMETRIC_REPRESENTATION_CONTEXT() REPRESENTATION_CONTEXT('2D SPACE',''
  ) );
#5390 = PCURVE('',#1653,#5391);
#5391 = DEFINITIONAL_REPRESENTATION('',(#5392),#5396);
#5392 = LINE('',#5393,#5394);
#5393 = CARTESIAN_POINT('',(0.,0.));
#5394 = VECTOR('',#5395,1.);
#5395 = DIRECTION('',(0.,-1.));
#5396 = ( GEOMETRIC_REPRESENTATION_CONTEXT(2) 
PARAMETRIC_REPRESENTATION_CONTEXT() REPRESENTATION_CONTEXT('2D SPACE',''
  ) );
#5397 = ORIENTED_EDGE('',*,*,#1605,.F.);
#5398 = ADVANCED_FACE('',(#5399),#1831,.T.);
#5399 = FACE_BOUND('',#5400,.T.);
#5400 = EDGE_LOOP('',(#5401,#5424,#5445,#5446));
#5401 = ORIENTED_EDGE('',*,*,#5402,.T.);
#5402 = EDGE_CURVE('',#1788,#5403,#5405,.T.);
#5403 = VERTEX_POINT('',#5404);
#5404 = CARTESIAN_POINT('',(-1.953,-41.82779881349,6.724667987679));
#5405 = SURFACE_CURVE('',#5406,(#5410,#5417),.PCURVE_S1.);
#5406 = LINE('',#5407,#5408);
#5407 = CARTESIAN_POINT('',(-1.953,-42.29764512388,6.895678059342));
#5408 = VECTOR('',#5409,1.);
#5409 = DIRECTION('',(0.,0.939692620786,-0.342020143326));
#5410 = PCURVE('',#1831,#5411);
#5411 = DEFINITIONAL_REPRESENTATION('',(#5412),#5416);
#5412 = LINE('',#5413,#5414);
#5413 = CARTESIAN_POINT('',(0.,0.));
#5414 = VECTOR('',#5415,1.);
#5415 = DIRECTION('',(0.,-1.));
#5416 = ( GEOMETRIC_REPRESENTATION_CONTEXT(2) 
PARAMETRIC_REPRESENTATION_CONTEXT() REPRESENTATION_CONTEXT('2D SPACE',''
  ) );
#5417 = PCURVE('',#1803,#5418);
#5418 = DEFINITIONAL_REPRESENTATION('',(#5419),#5423);
#5419 = LINE('',#5420,#5421);
#5420 = CARTESIAN_POINT('',(1.,0.));
#5421 = VECTOR('',#5422,1.);
#5422 = DIRECTION('',(0.,-1.));
#5423 = ( GEOMETRIC_REPRESENTATION_CONTEXT(2) 
PARAMETRIC_REPRESENTATION_CONTEXT() REPRESENTATION_CONTEXT('2D SPACE',''
  ) );
#5424 = ORIENTED_EDGE('',*,*,#5425,.T.);
#5425 = EDGE_CURVE('',#5403,#5327,#5426,.T.);
#5426 = SURFACE_CURVE('',#5427,(#5431,#5438),.PCURVE_S1.);
#5427 = B_SPLINE_CURVE_WITH_KNOTS('',2,(#5428,#5429,#5430),
  .UNSPECIFIED.,.F.,.F.,(3,3),(0.,1.),.PIECEWISE_BEZIER_KNOTS.);
#5428 = CARTESIAN_POINT('',(-1.953,-41.82779881349,6.724667987679));
#5429 = CARTESIAN_POINT('',(-2.354098632813,-41.9822209082,
    6.300396769394));
#5430 = CARTESIAN_POINT('',(-3.026098632812,-41.9822209082,
    6.300396769394));
#5431 = PCURVE('',#1831,#5432);
#5432 = DEFINITIONAL_REPRESENTATION('',(#5433),#5437);
#5433 = LINE('',#5434,#5435);
#5434 = CARTESIAN_POINT('',(0.,-0.5));
#5435 = VECTOR('',#5436,1.);
#5436 = DIRECTION('',(1.,0.));
#5437 = ( GEOMETRIC_REPRESENTATION_CONTEXT(2) 
PARAMETRIC_REPRESENTATION_CONTEXT() REPRESENTATION_CONTEXT('2D SPACE',''
  ) );
#5438 = PCURVE('',#5365,#5439);
#5439 = DEFINITIONAL_REPRESENTATION('',(#5440),#5444);
#5440 = B_SPLINE_CURVE_WITH_KNOTS('',2,(#5441,#5442,#5443),
  .UNSPECIFIED.,.F.,.F.,(3,3),(0.,1.),.PIECEWISE_BEZIER_KNOTS.);
#5441 = CARTESIAN_POINT('',(2.715295898437,0.35489453125));
#5442 = CARTESIAN_POINT('',(2.314197265625,-9.660546875E-02));
#5443 = CARTESIAN_POINT('',(1.642197265625,-9.660546875E-02));
#5444 = ( GEOMETRIC_REPRESENTATION_CONTEXT(2) 
PARAMETRIC_REPRESENTATION_CONTEXT() REPRESENTATION_CONTEXT('2D SPACE',''
  ) );
#5445 = ORIENTED_EDGE('',*,*,#5326,.F.);
#5446 = ORIENTED_EDGE('',*,*,#1817,.F.);
#5447 = ADVANCED_FACE('',(#5448),#1803,.T.);
#5448 = FACE_BOUND('',#5449,.T.);
#5449 = EDGE_LOOP('',(#5450,#5473,#5494,#5495));
#5450 = ORIENTED_EDGE('',*,*,#5451,.T.);
#5451 = EDGE_CURVE('',#1758,#5452,#5454,.T.);
#5452 = VERTEX_POINT('',#5453);
#5453 = CARTESIAN_POINT('',(-1.551901367187,-41.44066340763,
    7.788313773563));
#5454 = SURFACE_CURVE('',#5455,(#5459,#5466),.PCURVE_S1.);
#5455 = LINE('',#5456,#5457);
#5456 = CARTESIAN_POINT('',(-1.551901367187,-41.91050971802,
    7.959323845225));
#5457 = VECTOR('',#5458,1.);
#5458 = DIRECTION('',(0.,0.939692620786,-0.342020143326));
#5459 = PCURVE('',#1803,#5460);
#5460 = DEFINITIONAL_REPRESENTATION('',(#5461),#5465);
#5461 = LINE('',#5462,#5463);
#5462 = CARTESIAN_POINT('',(0.,0.));
#5463 = VECTOR('',#5464,1.);
#5464 = DIRECTION('',(0.,-1.));
#5465 = ( GEOMETRIC_REPRESENTATION_CONTEXT(2) 
PARAMETRIC_REPRESENTATION_CONTEXT() REPRESENTATION_CONTEXT('2D SPACE',''
  ) );
#5466 = PCURVE('',#1773,#5467);
#5467 = DEFINITIONAL_REPRESENTATION('',(#5468),#5472);
#5468 = LINE('',#5469,#5470);
#5469 = CARTESIAN_POINT('',(1.,0.));
#5470 = VECTOR('',#5471,1.);
#5471 = DIRECTION('',(0.,-1.));
#5472 = ( GEOMETRIC_REPRESENTATION_CONTEXT(2) 
PARAMETRIC_REPRESENTATION_CONTEXT() REPRESENTATION_CONTEXT('2D SPACE',''
  ) );
#5473 = ORIENTED_EDGE('',*,*,#5474,.T.);
#5474 = EDGE_CURVE('',#5452,#5403,#5475,.T.);
#5475 = SURFACE_CURVE('',#5476,(#5480,#5487),.PCURVE_S1.);
#5476 = B_SPLINE_CURVE_WITH_KNOTS('',2,(#5477,#5478,#5479),
  .UNSPECIFIED.,.F.,.F.,(3,3),(0.,1.),.PIECEWISE_BEZIER_KNOTS.);
#5477 = CARTESIAN_POINT('',(-1.551901367187,-41.44066340763,
    7.788313773563));
#5478 = CARTESIAN_POINT('',(-1.551901367187,-41.67337671878,
    7.148939205964));
#5479 = CARTESIAN_POINT('',(-1.953,-41.82779881349,6.724667987679));
#5480 = PCURVE('',#1803,#5481);
#5481 = DEFINITIONAL_REPRESENTATION('',(#5482),#5486);
#5482 = LINE('',#5483,#5484);
#5483 = CARTESIAN_POINT('',(0.,-0.5));
#5484 = VECTOR('',#5485,1.);
#5485 = DIRECTION('',(1.,0.));
#5486 = ( GEOMETRIC_REPRESENTATION_CONTEXT(2) 
PARAMETRIC_REPRESENTATION_CONTEXT() REPRESENTATION_CONTEXT('2D SPACE',''
  ) );
#5487 = PCURVE('',#5365,#5488);
#5488 = DEFINITIONAL_REPRESENTATION('',(#5489),#5493);
#5489 = B_SPLINE_CURVE_WITH_KNOTS('',2,(#5490,#5491,#5492),
  .UNSPECIFIED.,.F.,.F.,(3,3),(0.,1.),.PIECEWISE_BEZIER_KNOTS.);
#5490 = CARTESIAN_POINT('',(3.11639453125,1.486802734375));
#5491 = CARTESIAN_POINT('',(3.11639453125,0.80639453125));
#5492 = CARTESIAN_POINT('',(2.715295898437,0.35489453125));
#5493 = ( GEOMETRIC_REPRESENTATION_CONTEXT(2) 
PARAMETRIC_REPRESENTATION_CONTEXT() REPRESENTATION_CONTEXT('2D SPACE',''
  ) );
#5494 = ORIENTED_EDGE('',*,*,#5402,.F.);
#5495 = ORIENTED_EDGE('',*,*,#1787,.F.);
#5496 = ADVANCED_FACE('',(#5497),#1773,.T.);
#5497 = FACE_BOUND('',#5498,.T.);
#5498 = EDGE_LOOP('',(#5499,#5522,#5543,#5544));
#5499 = ORIENTED_EDGE('',*,*,#5500,.T.);
#5500 = EDGE_CURVE('',#1728,#5501,#5503,.T.);
#5501 = VERTEX_POINT('',#5502);
#5502 = CARTESIAN_POINT('',(-1.959295898437,-41.03772994438,
    8.895364365374));
#5503 = SURFACE_CURVE('',#5504,(#5508,#5515),.PCURVE_S1.);
#5504 = LINE('',#5505,#5506);
#5505 = CARTESIAN_POINT('',(-1.959295898437,-41.50757625477,
    9.066374437037));
#5506 = VECTOR('',#5507,1.);
#5507 = DIRECTION('',(0.,0.939692620786,-0.342020143326));
#5508 = PCURVE('',#1773,#5509);
#5509 = DEFINITIONAL_REPRESENTATION('',(#5510),#5514);
#5510 = LINE('',#5511,#5512);
#5511 = CARTESIAN_POINT('',(0.,0.));
#5512 = VECTOR('',#5513,1.);
#5513 = DIRECTION('',(0.,-1.));
#5514 = ( GEOMETRIC_REPRESENTATION_CONTEXT(2) 
PARAMETRIC_REPRESENTATION_CONTEXT() REPRESENTATION_CONTEXT('2D SPACE',''
  ) );
#5515 = PCURVE('',#1743,#5516);
#5516 = DEFINITIONAL_REPRESENTATION('',(#5517),#5521);
#5517 = LINE('',#5518,#5519);
#5518 = CARTESIAN_POINT('',(1.,0.));
#5519 = VECTOR('',#5520,1.);
#5520 = DIRECTION('',(0.,-1.));
#5521 = ( GEOMETRIC_REPRESENTATION_CONTEXT(2) 
PARAMETRIC_REPRESENTATION_CONTEXT() REPRESENTATION_CONTEXT('2D SPACE',''
  ) );
#5522 = ORIENTED_EDGE('',*,*,#5523,.T.);
#5523 = EDGE_CURVE('',#5501,#5452,#5524,.T.);
#5524 = SURFACE_CURVE('',#5525,(#5529,#5536),.PCURVE_S1.);
#5525 = B_SPLINE_CURVE_WITH_KNOTS('',2,(#5526,#5527,#5528),
  .UNSPECIFIED.,.F.,.F.,(3,3),(0.,1.),.PIECEWISE_BEZIER_KNOTS.);
#5526 = CARTESIAN_POINT('',(-1.959295898437,-41.03772994438,
    8.895364365374));
#5527 = CARTESIAN_POINT('',(-1.551901367187,-41.19071415167,
    8.475043710305));
#5528 = CARTESIAN_POINT('',(-1.551901367187,-41.44066340763,
    7.788313773563));
#5529 = PCURVE('',#1773,#5530);
#5530 = DEFINITIONAL_REPRESENTATION('',(#5531),#5535);
#5531 = LINE('',#5532,#5533);
#5532 = CARTESIAN_POINT('',(0.,-0.5));
#5533 = VECTOR('',#5534,1.);
#5534 = DIRECTION('',(1.,0.));
#5535 = ( GEOMETRIC_REPRESENTATION_CONTEXT(2) 
PARAMETRIC_REPRESENTATION_CONTEXT() REPRESENTATION_CONTEXT('2D SPACE',''
  ) );
#5536 = PCURVE('',#5365,#5537);
#5537 = DEFINITIONAL_REPRESENTATION('',(#5538),#5542);
#5538 = B_SPLINE_CURVE_WITH_KNOTS('',2,(#5539,#5540,#5541),
  .UNSPECIFIED.,.F.,.F.,(3,3),(0.,1.),.PIECEWISE_BEZIER_KNOTS.);
#5539 = CARTESIAN_POINT('',(2.709,2.664901367187));
#5540 = CARTESIAN_POINT('',(3.11639453125,2.21760546875));
#5541 = CARTESIAN_POINT('',(3.11639453125,1.486802734375));
#5542 = ( GEOMETRIC_REPRESENTATION_CONTEXT(2) 
PARAMETRIC_REPRESENTATION_CONTEXT() REPRESENTATION_CONTEXT('2D SPACE',''
  ) );
#5543 = ORIENTED_EDGE('',*,*,#5451,.F.);
#5544 = ORIENTED_EDGE('',*,*,#1757,.F.);
#5545 = ADVANCED_FACE('',(#5546),#1743,.T.);
#5546 = FACE_BOUND('',#5547,.T.);
#5547 = EDGE_LOOP('',(#5548,#5571,#5592,#5593));
#5548 = ORIENTED_EDGE('',*,*,#5549,.T.);
#5549 = EDGE_CURVE('',#1698,#5550,#5552,.T.);
#5550 = VERTEX_POINT('',#5551);
#5551 = CARTESIAN_POINT('',(-3.030295898438,-40.88474573709,
    9.315685020444));
#5552 = SURFACE_CURVE('',#5553,(#5557,#5564),.PCURVE_S1.);
#5553 = LINE('',#5554,#5555);
#5554 = CARTESIAN_POINT('',(-3.030295898438,-41.35459204748,
    9.486695092107));
#5555 = VECTOR('',#5556,1.);
#5556 = DIRECTION('',(0.,0.939692620786,-0.342020143326));
#5557 = PCURVE('',#1743,#5558);
#5558 = DEFINITIONAL_REPRESENTATION('',(#5559),#5563);
#5559 = LINE('',#5560,#5561);
#5560 = CARTESIAN_POINT('',(0.,0.));
#5561 = VECTOR('',#5562,1.);
#5562 = DIRECTION('',(0.,-1.));
#5563 = ( GEOMETRIC_REPRESENTATION_CONTEXT(2) 
PARAMETRIC_REPRESENTATION_CONTEXT() REPRESENTATION_CONTEXT('2D SPACE',''
  ) );
#5564 = PCURVE('',#1713,#5565);
#5565 = DEFINITIONAL_REPRESENTATION('',(#5566),#5570);
#5566 = LINE('',#5567,#5568);
#5567 = CARTESIAN_POINT('',(1.,0.));
#5568 = VECTOR('',#5569,1.);
#5569 = DIRECTION('',(0.,-1.));
#5570 = ( GEOMETRIC_REPRESENTATION_CONTEXT(2) 
PARAMETRIC_REPRESENTATION_CONTEXT() REPRESENTATION_CONTEXT('2D SPACE',''
  ) );
#5571 = ORIENTED_EDGE('',*,*,#5572,.T.);
#5572 = EDGE_CURVE('',#5550,#5501,#5573,.T.);
#5573 = SURFACE_CURVE('',#5574,(#5578,#5585),.PCURVE_S1.);
#5574 = B_SPLINE_CURVE_WITH_KNOTS('',2,(#5575,#5576,#5577),
  .UNSPECIFIED.,.F.,.F.,(3,3),(0.,1.),.PIECEWISE_BEZIER_KNOTS.);
#5575 = CARTESIAN_POINT('',(-3.030295898438,-40.88474573709,
    9.315685020444));
#5576 = CARTESIAN_POINT('',(-2.366690429687,-40.88474573709,
    9.315685020444));
#5577 = CARTESIAN_POINT('',(-1.959295898437,-41.03772994438,
    8.895364365374));
#5578 = PCURVE('',#1743,#5579);
#5579 = DEFINITIONAL_REPRESENTATION('',(#5580),#5584);
#5580 = LINE('',#5581,#5582);
#5581 = CARTESIAN_POINT('',(0.,-0.5));
#5582 = VECTOR('',#5583,1.);
#5583 = DIRECTION('',(1.,0.));
#5584 = ( GEOMETRIC_REPRESENTATION_CONTEXT(2) 
PARAMETRIC_REPRESENTATION_CONTEXT() REPRESENTATION_CONTEXT('2D SPACE',''
  ) );
#5585 = PCURVE('',#5365,#5586);
#5586 = DEFINITIONAL_REPRESENTATION('',(#5587),#5591);
#5587 = B_SPLINE_CURVE_WITH_KNOTS('',2,(#5588,#5589,#5590),
  .UNSPECIFIED.,.F.,.F.,(3,3),(0.,1.),.PIECEWISE_BEZIER_KNOTS.);
#5588 = CARTESIAN_POINT('',(1.638,3.112197265625));
#5589 = CARTESIAN_POINT('',(2.30160546875,3.112197265625));
#5590 = CARTESIAN_POINT('',(2.709,2.664901367187));
#5591 = ( GEOMETRIC_REPRESENTATION_CONTEXT(2) 
PARAMETRIC_REPRESENTATION_CONTEXT() REPRESENTATION_CONTEXT('2D SPACE',''
  ) );
#5592 = ORIENTED_EDGE('',*,*,#5500,.F.);
#5593 = ORIENTED_EDGE('',*,*,#1727,.F.);
#5594 = ADVANCED_FACE('',(#5595),#1713,.T.);
#5595 = FACE_BOUND('',#5596,.T.);
#5596 = EDGE_LOOP('',(#5597,#5620,#5641,#5642));
#5597 = ORIENTED_EDGE('',*,*,#5598,.T.);
#5598 = EDGE_CURVE('',#1668,#5599,#5601,.T.);
#5599 = VERTEX_POINT('',#5600);
#5600 = CARTESIAN_POINT('',(-4.094993164063,-41.0384500571,
    8.893385871927));
#5601 = SURFACE_CURVE('',#5602,(#5606,#5613),.PCURVE_S1.);
#5602 = LINE('',#5603,#5604);
#5603 = CARTESIAN_POINT('',(-4.094993164063,-41.5082963675,9.06439594359
    ));
#5604 = VECTOR('',#5605,1.);
#5605 = DIRECTION('',(0.,0.939692620786,-0.342020143326));
#5606 = PCURVE('',#1713,#5607);
#5607 = DEFINITIONAL_REPRESENTATION('',(#5608),#5612);
#5608 = LINE('',#5609,#5610);
#5609 = CARTESIAN_POINT('',(0.,0.));
#5610 = VECTOR('',#5611,1.);
#5611 = DIRECTION('',(0.,-1.));
#5612 = ( GEOMETRIC_REPRESENTATION_CONTEXT(2) 
PARAMETRIC_REPRESENTATION_CONTEXT() REPRESENTATION_CONTEXT('2D SPACE',''
  ) );
#5613 = PCURVE('',#1683,#5614);
#5614 = DEFINITIONAL_REPRESENTATION('',(#5615),#5619);
#5615 = LINE('',#5616,#5617);
#5616 = CARTESIAN_POINT('',(1.,0.));
#5617 = VECTOR('',#5618,1.);
#5618 = DIRECTION('',(0.,-1.));
#5619 = ( GEOMETRIC_REPRESENTATION_CONTEXT(2) 
PARAMETRIC_REPRESENTATION_CONTEXT() REPRESENTATION_CONTEXT('2D SPACE',''
  ) );
#5620 = ORIENTED_EDGE('',*,*,#5621,.T.);
#5621 = EDGE_CURVE('',#5599,#5550,#5622,.T.);
#5622 = SURFACE_CURVE('',#5623,(#5627,#5634),.PCURVE_S1.);
#5623 = B_SPLINE_CURVE_WITH_KNOTS('',2,(#5624,#5625,#5626),
  .UNSPECIFIED.,.F.,.F.,(3,3),(0.,1.),.PIECEWISE_BEZIER_KNOTS.);
#5624 = CARTESIAN_POINT('',(-4.094993164063,-41.0384500571,
    8.893385871927));
#5625 = CARTESIAN_POINT('',(-3.689690429687,-40.88474573709,
    9.315685020444));
#5626 = CARTESIAN_POINT('',(-3.030295898438,-40.88474573709,
    9.315685020444));
#5627 = PCURVE('',#1713,#5628);
#5628 = DEFINITIONAL_REPRESENTATION('',(#5629),#5633);
#5629 = LINE('',#5630,#5631);
#5630 = CARTESIAN_POINT('',(0.,-0.5));
#5631 = VECTOR('',#5632,1.);
#5632 = DIRECTION('',(1.,0.));
#5633 = ( GEOMETRIC_REPRESENTATION_CONTEXT(2) 
PARAMETRIC_REPRESENTATION_CONTEXT() REPRESENTATION_CONTEXT('2D SPACE',''
  ) );
#5634 = PCURVE('',#5365,#5635);
#5635 = DEFINITIONAL_REPRESENTATION('',(#5636),#5640);
#5636 = B_SPLINE_CURVE_WITH_KNOTS('',2,(#5637,#5638,#5639),
  .UNSPECIFIED.,.F.,.F.,(3,3),(0.,1.),.PIECEWISE_BEZIER_KNOTS.);
#5637 = CARTESIAN_POINT('',(0.573302734375,2.662795898437));
#5638 = CARTESIAN_POINT('',(0.97860546875,3.112197265625));
#5639 = CARTESIAN_POINT('',(1.638,3.112197265625));
#5640 = ( GEOMETRIC_REPRESENTATION_CONTEXT(2) 
PARAMETRIC_REPRESENTATION_CONTEXT() REPRESENTATION_CONTEXT('2D SPACE',''
  ) );
#5641 = ORIENTED_EDGE('',*,*,#5549,.F.);
#5642 = ORIENTED_EDGE('',*,*,#1697,.F.);
#5643 = ADVANCED_FACE('',(#5644),#1683,.T.);
#5644 = FACE_BOUND('',#5645,.T.);
#5645 = EDGE_LOOP('',(#5646,#5669,#5690,#5691));
#5646 = ORIENTED_EDGE('',*,*,#5647,.T.);
#5647 = EDGE_CURVE('',#1638,#5648,#5650,.T.);
#5648 = VERTEX_POINT('',#5649);
#5649 = CARTESIAN_POINT('',(-4.500295898437,-41.43348332265,
    7.808040894919));
#5650 = SURFACE_CURVE('',#5651,(#5655,#5662),.PCURVE_S1.);
#5651 = LINE('',#5652,#5653);
#5652 = CARTESIAN_POINT('',(-4.500295898437,-41.90332963304,
    7.979050966582));
#5653 = VECTOR('',#5654,1.);
#5654 = DIRECTION('',(0.,0.939692620786,-0.342020143326));
#5655 = PCURVE('',#1683,#5656);
#5656 = DEFINITIONAL_REPRESENTATION('',(#5657),#5661);
#5657 = LINE('',#5658,#5659);
#5658 = CARTESIAN_POINT('',(0.,0.));
#5659 = VECTOR('',#5660,1.);
#5660 = DIRECTION('',(0.,-1.));
#5661 = ( GEOMETRIC_REPRESENTATION_CONTEXT(2) 
PARAMETRIC_REPRESENTATION_CONTEXT() REPRESENTATION_CONTEXT('2D SPACE',''
  ) );
#5662 = PCURVE('',#1653,#5663);
#5663 = DEFINITIONAL_REPRESENTATION('',(#5664),#5668);
#5664 = LINE('',#5665,#5666);
#5665 = CARTESIAN_POINT('',(1.,0.));
#5666 = VECTOR('',#5667,1.);
#5667 = DIRECTION('',(0.,-1.));
#5668 = ( GEOMETRIC_REPRESENTATION_CONTEXT(2) 
PARAMETRIC_REPRESENTATION_CONTEXT() REPRESENTATION_CONTEXT('2D SPACE',''
  ) );
#5669 = ORIENTED_EDGE('',*,*,#5670,.T.);
#5670 = EDGE_CURVE('',#5648,#5599,#5671,.T.);
#5671 = SURFACE_CURVE('',#5672,(#5676,#5683),.PCURVE_S1.);
#5672 = B_SPLINE_CURVE_WITH_KNOTS('',2,(#5673,#5674,#5675),
  .UNSPECIFIED.,.F.,.F.,(3,3),(0.,1.),.PIECEWISE_BEZIER_KNOTS.);
#5673 = CARTESIAN_POINT('',(-4.500295898437,-41.43348332265,
    7.808040894919));
#5674 = CARTESIAN_POINT('',(-4.500295898437,-41.19215437712,
    8.47108672341));
#5675 = CARTESIAN_POINT('',(-4.094993164063,-41.0384500571,
    8.893385871927));
#5676 = PCURVE('',#1683,#5677);
#5677 = DEFINITIONAL_REPRESENTATION('',(#5678),#5682);
#5678 = LINE('',#5679,#5680);
#5679 = CARTESIAN_POINT('',(0.,-0.5));
#5680 = VECTOR('',#5681,1.);
#5681 = DIRECTION('',(1.,0.));
#5682 = ( GEOMETRIC_REPRESENTATION_CONTEXT(2) 
PARAMETRIC_REPRESENTATION_CONTEXT() REPRESENTATION_CONTEXT('2D SPACE',''
  ) );
#5683 = PCURVE('',#5365,#5684);
#5684 = DEFINITIONAL_REPRESENTATION('',(#5685),#5689);
#5685 = B_SPLINE_CURVE_WITH_KNOTS('',2,(#5686,#5687,#5688),
  .UNSPECIFIED.,.F.,.F.,(3,3),(0.,1.),.PIECEWISE_BEZIER_KNOTS.);
#5686 = CARTESIAN_POINT('',(0.168,1.507795898437));
#5687 = CARTESIAN_POINT('',(0.168,2.21339453125));
#5688 = CARTESIAN_POINT('',(0.573302734375,2.662795898437));
#5689 = ( GEOMETRIC_REPRESENTATION_CONTEXT(2) 
PARAMETRIC_REPRESENTATION_CONTEXT() REPRESENTATION_CONTEXT('2D SPACE',''
  ) );
#5690 = ORIENTED_EDGE('',*,*,#5598,.F.);
#5691 = ORIENTED_EDGE('',*,*,#1667,.F.);
#5692 = ADVANCED_FACE('',(#5693),#1653,.T.);
#5693 = FACE_BOUND('',#5694,.T.);
#5694 = EDGE_LOOP('',(#5695,#5696,#5717,#5718));
#5695 = ORIENTED_EDGE('',*,*,#5377,.T.);
#5696 = ORIENTED_EDGE('',*,*,#5697,.T.);
#5697 = EDGE_CURVE('',#5350,#5648,#5698,.T.);
#5698 = SURFACE_CURVE('',#5699,(#5703,#5710),.PCURVE_S1.);
#5699 = B_SPLINE_CURVE_WITH_KNOTS('',2,(#5700,#5701,#5702),
  .UNSPECIFIED.,.F.,.F.,(3,3),(0.,1.),.PIECEWISE_BEZIER_KNOTS.);
#5700 = CARTESIAN_POINT('',(-4.097098632813,-41.82851658819,
    6.722695917911));
#5701 = CARTESIAN_POINT('',(-4.500295898437,-41.67481226817,
    7.144995066429));
#5702 = CARTESIAN_POINT('',(-4.500295898437,-41.43348332265,
    7.808040894919));
#5703 = PCURVE('',#1653,#5704);
#5704 = DEFINITIONAL_REPRESENTATION('',(#5705),#5709);
#5705 = LINE('',#5706,#5707);
#5706 = CARTESIAN_POINT('',(0.,-0.5));
#5707 = VECTOR('',#5708,1.);
#5708 = DIRECTION('',(1.,0.));
#5709 = ( GEOMETRIC_REPRESENTATION_CONTEXT(2) 
PARAMETRIC_REPRESENTATION_CONTEXT() REPRESENTATION_CONTEXT('2D SPACE',''
  ) );
#5710 = PCURVE('',#5365,#5711);
#5711 = DEFINITIONAL_REPRESENTATION('',(#5712),#5716);
#5712 = B_SPLINE_CURVE_WITH_KNOTS('',2,(#5713,#5714,#5715),
  .UNSPECIFIED.,.F.,.F.,(3,3),(0.,1.),.PIECEWISE_BEZIER_KNOTS.);
#5713 = CARTESIAN_POINT('',(0.571197265625,0.352795898437));
#5714 = CARTESIAN_POINT('',(0.168,0.802197265625));
#5715 = CARTESIAN_POINT('',(0.168,1.507795898437));
#5716 = ( GEOMETRIC_REPRESENTATION_CONTEXT(2) 
PARAMETRIC_REPRESENTATION_CONTEXT() REPRESENTATION_CONTEXT('2D SPACE',''
  ) );
#5717 = ORIENTED_EDGE('',*,*,#5647,.F.);
#5718 = ORIENTED_EDGE('',*,*,#1637,.F.);
#5719 = ADVANCED_FACE('',(#5720),#1865,.T.);
#5720 = FACE_BOUND('',#5721,.T.);
#5721 = EDGE_LOOP('',(#5722,#5745,#5773,#5794));
#5722 = ORIENTED_EDGE('',*,*,#5723,.T.);
#5723 = EDGE_CURVE('',#1848,#5724,#5726,.T.);
#5724 = VERTEX_POINT('',#5725);
#5725 = CARTESIAN_POINT('',(1.316704101562,-40.90198168189,9.2683296513)
  );
#5726 = SURFACE_CURVE('',#5727,(#5731,#5738),.PCURVE_S1.);
#5727 = LINE('',#5728,#5729);
#5728 = CARTESIAN_POINT('',(1.316704101562,-41.37182799228,
    9.439339722963));
#5729 = VECTOR('',#5730,1.);
#5730 = DIRECTION('',(0.,0.939692620786,-0.342020143326));
#5731 = PCURVE('',#1865,#5732);
#5732 = DEFINITIONAL_REPRESENTATION('',(#5733),#5737);
#5733 = LINE('',#5734,#5735);
#5734 = CARTESIAN_POINT('',(0.,0.));
#5735 = VECTOR('',#5736,1.);
#5736 = DIRECTION('',(0.,-1.));
#5737 = ( GEOMETRIC_REPRESENTATION_CONTEXT(2) 
PARAMETRIC_REPRESENTATION_CONTEXT() REPRESENTATION_CONTEXT('2D SPACE',''
  ) );
#5738 = PCURVE('',#2115,#5739);
#5739 = DEFINITIONAL_REPRESENTATION('',(#5740),#5744);
#5740 = LINE('',#5741,#5742);
#5741 = CARTESIAN_POINT('',(0.63,0.));
#5742 = VECTOR('',#5743,1.);
#5743 = DIRECTION('',(0.,-1.));
#5744 = ( GEOMETRIC_REPRESENTATION_CONTEXT(2) 
PARAMETRIC_REPRESENTATION_CONTEXT() REPRESENTATION_CONTEXT('2D SPACE',''
  ) );
#5745 = ORIENTED_EDGE('',*,*,#5746,.T.);
#5746 = EDGE_CURVE('',#5724,#5747,#5749,.T.);
#5747 = VERTEX_POINT('',#5748);
#5748 = CARTESIAN_POINT('',(1.316704101562,-41.94917989194,
    6.391176215506));
#5749 = SURFACE_CURVE('',#5750,(#5754,#5761),.PCURVE_S1.);
#5750 = LINE('',#5751,#5752);
#5751 = CARTESIAN_POINT('',(1.316704101562,-40.90198168189,9.2683296513)
  );
#5752 = VECTOR('',#5753,1.);
#5753 = DIRECTION('',(0.,-0.342020143326,-0.939692620786));
#5754 = PCURVE('',#1865,#5755);
#5755 = DEFINITIONAL_REPRESENTATION('',(#5756),#5760);
#5756 = LINE('',#5757,#5758);
#5757 = CARTESIAN_POINT('',(-4.135580766729E-15,-0.5));
#5758 = VECTOR('',#5759,1.);
#5759 = DIRECTION('',(1.,0.));
#5760 = ( GEOMETRIC_REPRESENTATION_CONTEXT(2) 
PARAMETRIC_REPRESENTATION_CONTEXT() REPRESENTATION_CONTEXT('2D SPACE',''
  ) );
#5761 = PCURVE('',#5762,#5767);
#5762 = PLANE('',#5763);
#5763 = AXIS2_PLACEMENT_3D('',#5764,#5765,#5766);
#5764 = CARTESIAN_POINT('',(-1.509901367188,-41.94917989194,
    6.391176215506));
#5765 = DIRECTION('',(0.,-0.939692620786,0.342020143326));
#5766 = DIRECTION('',(1.,0.,0.));
#5767 = DEFINITIONAL_REPRESENTATION('',(#5768),#5772);
#5768 = LINE('',#5769,#5770);
#5769 = CARTESIAN_POINT('',(2.82660546875,3.061802734375));
#5770 = VECTOR('',#5771,1.);
#5771 = DIRECTION('',(0.,-1.));
#5772 = ( GEOMETRIC_REPRESENTATION_CONTEXT(2) 
PARAMETRIC_REPRESENTATION_CONTEXT() REPRESENTATION_CONTEXT('2D SPACE',''
  ) );
#5773 = ORIENTED_EDGE('',*,*,#5774,.F.);
#5774 = EDGE_CURVE('',#1850,#5747,#5775,.T.);
#5775 = SURFACE_CURVE('',#5776,(#5780,#5787),.PCURVE_S1.);
#5776 = LINE('',#5777,#5778);
#5777 = CARTESIAN_POINT('',(1.316704101562,-42.41902620233,
    6.562186287169));
#5778 = VECTOR('',#5779,1.);
#5779 = DIRECTION('',(0.,0.939692620786,-0.342020143326));
#5780 = PCURVE('',#1865,#5781);
#5781 = DEFINITIONAL_REPRESENTATION('',(#5782),#5786);
#5782 = LINE('',#5783,#5784);
#5783 = CARTESIAN_POINT('',(3.061802734375,8.881784197001E-16));
#5784 = VECTOR('',#5785,1.);
#5785 = DIRECTION('',(0.,-1.));
#5786 = ( GEOMETRIC_REPRESENTATION_CONTEXT(2) 
PARAMETRIC_REPRESENTATION_CONTEXT() REPRESENTATION_CONTEXT('2D SPACE',''
  ) );
#5787 = PCURVE('',#1893,#5788);
#5788 = DEFINITIONAL_REPRESENTATION('',(#5789),#5793);
#5789 = LINE('',#5790,#5791);
#5790 = CARTESIAN_POINT('',(0.,0.));
#5791 = VECTOR('',#5792,1.);
#5792 = DIRECTION('',(0.,-1.));
#5793 = ( GEOMETRIC_REPRESENTATION_CONTEXT(2) 
PARAMETRIC_REPRESENTATION_CONTEXT() REPRESENTATION_CONTEXT('2D SPACE',''
  ) );
#5794 = ORIENTED_EDGE('',*,*,#1847,.F.);
#5795 = ADVANCED_FACE('',(#5796),#2115,.T.);
#5796 = FACE_BOUND('',#5797,.T.);
#5797 = EDGE_LOOP('',(#5798,#5821,#5842,#5843));
#5798 = ORIENTED_EDGE('',*,*,#5799,.T.);
#5799 = EDGE_CURVE('',#2074,#5800,#5802,.T.);
#5800 = VERTEX_POINT('',#5801);
#5801 = CARTESIAN_POINT('',(0.686704101562,-40.90198168189,9.2683296513)
  );
#5802 = SURFACE_CURVE('',#5803,(#5807,#5814),.PCURVE_S1.);
#5803 = LINE('',#5804,#5805);
#5804 = CARTESIAN_POINT('',(0.686704101562,-41.37182799228,
    9.439339722963));
#5805 = VECTOR('',#5806,1.);
#5806 = DIRECTION('',(0.,0.939692620786,-0.342020143326));
#5807 = PCURVE('',#2115,#5808);
#5808 = DEFINITIONAL_REPRESENTATION('',(#5809),#5813);
#5809 = LINE('',#5810,#5811);
#5810 = CARTESIAN_POINT('',(0.,0.));
#5811 = VECTOR('',#5812,1.);
#5812 = DIRECTION('',(0.,-1.));
#5813 = ( GEOMETRIC_REPRESENTATION_CONTEXT(2) 
PARAMETRIC_REPRESENTATION_CONTEXT() REPRESENTATION_CONTEXT('2D SPACE',''
  ) );
#5814 = PCURVE('',#2089,#5815);
#5815 = DEFINITIONAL_REPRESENTATION('',(#5816),#5820);
#5816 = LINE('',#5817,#5818);
#5817 = CARTESIAN_POINT('',(2.083197265625,3.330669073875E-15));
#5818 = VECTOR('',#5819,1.);
#5819 = DIRECTION('',(0.,-1.));
#5820 = ( GEOMETRIC_REPRESENTATION_CONTEXT(2) 
PARAMETRIC_REPRESENTATION_CONTEXT() REPRESENTATION_CONTEXT('2D SPACE',''
  ) );
#5821 = ORIENTED_EDGE('',*,*,#5822,.T.);
#5822 = EDGE_CURVE('',#5800,#5724,#5823,.T.);
#5823 = SURFACE_CURVE('',#5824,(#5828,#5835),.PCURVE_S1.);
#5824 = LINE('',#5825,#5826);
#5825 = CARTESIAN_POINT('',(0.686704101562,-40.90198168189,9.2683296513)
  );
#5826 = VECTOR('',#5827,1.);
#5827 = DIRECTION('',(1.,0.,0.));
#5828 = PCURVE('',#2115,#5829);
#5829 = DEFINITIONAL_REPRESENTATION('',(#5830),#5834);
#5830 = LINE('',#5831,#5832);
#5831 = CARTESIAN_POINT('',(0.,-0.5));
#5832 = VECTOR('',#5833,1.);
#5833 = DIRECTION('',(1.,0.));
#5834 = ( GEOMETRIC_REPRESENTATION_CONTEXT(2) 
PARAMETRIC_REPRESENTATION_CONTEXT() REPRESENTATION_CONTEXT('2D SPACE',''
  ) );
#5835 = PCURVE('',#5762,#5836);
#5836 = DEFINITIONAL_REPRESENTATION('',(#5837),#5841);
#5837 = LINE('',#5838,#5839);
#5838 = CARTESIAN_POINT('',(2.19660546875,3.061802734375));
#5839 = VECTOR('',#5840,1.);
#5840 = DIRECTION('',(1.,0.));
#5841 = ( GEOMETRIC_REPRESENTATION_CONTEXT(2) 
PARAMETRIC_REPRESENTATION_CONTEXT() REPRESENTATION_CONTEXT('2D SPACE',''
  ) );
#5842 = ORIENTED_EDGE('',*,*,#5723,.F.);
#5843 = ORIENTED_EDGE('',*,*,#2101,.F.);
#5844 = ADVANCED_FACE('',(#5845),#2089,.T.);
#5845 = FACE_BOUND('',#5846,.T.);
#5846 = EDGE_LOOP('',(#5847,#5870,#5891,#5892));
#5847 = ORIENTED_EDGE('',*,*,#5848,.T.);
#5848 = EDGE_CURVE('',#2046,#5849,#5851,.T.);
#5849 = VERTEX_POINT('',#5850);
#5850 = CARTESIAN_POINT('',(0.686704101562,-41.61447710925,
    7.310764553151));
#5851 = SURFACE_CURVE('',#5852,(#5856,#5863),.PCURVE_S1.);
#5852 = LINE('',#5853,#5854);
#5853 = CARTESIAN_POINT('',(0.686704101562,-42.08432341965,
    7.481774624814));
#5854 = VECTOR('',#5855,1.);
#5855 = DIRECTION('',(0.,0.939692620786,-0.342020143326));
#5856 = PCURVE('',#2089,#5857);
#5857 = DEFINITIONAL_REPRESENTATION('',(#5858),#5862);
#5858 = LINE('',#5859,#5860);
#5859 = CARTESIAN_POINT('',(0.,0.));
#5860 = VECTOR('',#5861,1.);
#5861 = DIRECTION('',(0.,-1.));
#5862 = ( GEOMETRIC_REPRESENTATION_CONTEXT(2) 
PARAMETRIC_REPRESENTATION_CONTEXT() REPRESENTATION_CONTEXT('2D SPACE',''
  ) );
#5863 = PCURVE('',#2061,#5864);
#5864 = DEFINITIONAL_REPRESENTATION('',(#5865),#5869);
#5865 = LINE('',#5866,#5867);
#5866 = CARTESIAN_POINT('',(2.411022174407,-3.330669073875E-15));
#5867 = VECTOR('',#5868,1.);
#5868 = DIRECTION('',(0.,-1.));
#5869 = ( GEOMETRIC_REPRESENTATION_CONTEXT(2) 
PARAMETRIC_REPRESENTATION_CONTEXT() REPRESENTATION_CONTEXT('2D SPACE',''
  ) );
#5870 = ORIENTED_EDGE('',*,*,#5871,.T.);
#5871 = EDGE_CURVE('',#5849,#5800,#5872,.T.);
#5872 = SURFACE_CURVE('',#5873,(#5877,#5884),.PCURVE_S1.);
#5873 = LINE('',#5874,#5875);
#5874 = CARTESIAN_POINT('',(0.686704101562,-41.61447710925,
    7.310764553151));
#5875 = VECTOR('',#5876,1.);
#5876 = DIRECTION('',(0.,0.342020143326,0.939692620786));
#5877 = PCURVE('',#2089,#5878);
#5878 = DEFINITIONAL_REPRESENTATION('',(#5879),#5883);
#5879 = LINE('',#5880,#5881);
#5880 = CARTESIAN_POINT('',(2.553512956638E-15,-0.5));
#5881 = VECTOR('',#5882,1.);
#5882 = DIRECTION('',(1.,0.));
#5883 = ( GEOMETRIC_REPRESENTATION_CONTEXT(2) 
PARAMETRIC_REPRESENTATION_CONTEXT() REPRESENTATION_CONTEXT('2D SPACE',''
  ) );
#5884 = PCURVE('',#5762,#5885);
#5885 = DEFINITIONAL_REPRESENTATION('',(#5886),#5890);
#5886 = LINE('',#5887,#5888);
#5887 = CARTESIAN_POINT('',(2.19660546875,0.97860546875));
#5888 = VECTOR('',#5889,1.);
#5889 = DIRECTION('',(0.,1.));
#5890 = ( GEOMETRIC_REPRESENTATION_CONTEXT(2) 
PARAMETRIC_REPRESENTATION_CONTEXT() REPRESENTATION_CONTEXT('2D SPACE',''
  ) );
#5891 = ORIENTED_EDGE('',*,*,#5799,.F.);
#5892 = ORIENTED_EDGE('',*,*,#2073,.F.);
#5893 = ADVANCED_FACE('',(#5894),#2061,.T.);
#5894 = FACE_BOUND('',#5895,.T.);
#5895 = EDGE_LOOP('',(#5896,#5919,#5940,#5941));
#5896 = ORIENTED_EDGE('',*,*,#5897,.T.);
#5897 = EDGE_CURVE('',#2018,#5898,#5900,.T.);
#5898 = VERTEX_POINT('',#5899);
#5899 = CARTESIAN_POINT('',(-0.527098632813,-40.90198168189,9.2683296513
    ));
#5900 = SURFACE_CURVE('',#5901,(#5905,#5912),.PCURVE_S1.);
#5901 = LINE('',#5902,#5903);
#5902 = CARTESIAN_POINT('',(-0.527098632813,-41.37182799228,
    9.439339722963));
#5903 = VECTOR('',#5904,1.);
#5904 = DIRECTION('',(0.,0.939692620786,-0.342020143326));
#5905 = PCURVE('',#2061,#5906);
#5906 = DEFINITIONAL_REPRESENTATION('',(#5907),#5911);
#5907 = LINE('',#5908,#5909);
#5908 = CARTESIAN_POINT('',(0.,0.));
#5909 = VECTOR('',#5910,1.);
#5910 = DIRECTION('',(0.,-1.));
#5911 = ( GEOMETRIC_REPRESENTATION_CONTEXT(2) 
PARAMETRIC_REPRESENTATION_CONTEXT() REPRESENTATION_CONTEXT('2D SPACE',''
  ) );
#5912 = PCURVE('',#2033,#5913);
#5913 = DEFINITIONAL_REPRESENTATION('',(#5914),#5918);
#5914 = LINE('',#5915,#5916);
#5915 = CARTESIAN_POINT('',(0.646802734375,0.));
#5916 = VECTOR('',#5917,1.);
#5917 = DIRECTION('',(0.,-1.));
#5918 = ( GEOMETRIC_REPRESENTATION_CONTEXT(2) 
PARAMETRIC_REPRESENTATION_CONTEXT() REPRESENTATION_CONTEXT('2D SPACE',''
  ) );
#5919 = ORIENTED_EDGE('',*,*,#5920,.T.);
#5920 = EDGE_CURVE('',#5898,#5849,#5921,.T.);
#5921 = SURFACE_CURVE('',#5922,(#5926,#5933),.PCURVE_S1.);
#5922 = LINE('',#5923,#5924);
#5923 = CARTESIAN_POINT('',(-0.527098632813,-40.90198168189,9.2683296513
    ));
#5924 = VECTOR('',#5925,1.);
#5925 = DIRECTION('',(0.50343905886,-0.295515916414,-0.811923307437));
#5926 = PCURVE('',#2061,#5927);
#5927 = DEFINITIONAL_REPRESENTATION('',(#5928),#5932);
#5928 = LINE('',#5929,#5930);
#5929 = CARTESIAN_POINT('',(-3.025357742104E-15,-0.5));
#5930 = VECTOR('',#5931,1.);
#5931 = DIRECTION('',(1.,0.));
#5932 = ( GEOMETRIC_REPRESENTATION_CONTEXT(2) 
PARAMETRIC_REPRESENTATION_CONTEXT() REPRESENTATION_CONTEXT('2D SPACE',''
  ) );
#5933 = PCURVE('',#5762,#5934);
#5934 = DEFINITIONAL_REPRESENTATION('',(#5935),#5939);
#5935 = LINE('',#5936,#5937);
#5936 = CARTESIAN_POINT('',(0.982802734375,3.061802734375));
#5937 = VECTOR('',#5938,1.);
#5938 = DIRECTION('',(0.50343905886,-0.86403073673));
#5939 = ( GEOMETRIC_REPRESENTATION_CONTEXT(2) 
PARAMETRIC_REPRESENTATION_CONTEXT() REPRESENTATION_CONTEXT('2D SPACE',''
  ) );
#5940 = ORIENTED_EDGE('',*,*,#5848,.F.);
#5941 = ORIENTED_EDGE('',*,*,#2045,.F.);
#5942 = ADVANCED_FACE('',(#5943),#2033,.T.);
#5943 = FACE_BOUND('',#5944,.T.);
#5944 = EDGE_LOOP('',(#5945,#5968,#5989,#5990));
#5945 = ORIENTED_EDGE('',*,*,#5946,.T.);
#5946 = EDGE_CURVE('',#1990,#5947,#5949,.T.);
#5947 = VERTEX_POINT('',#5948);
#5948 = CARTESIAN_POINT('',(-1.173901367188,-40.90198168189,9.2683296513
    ));
#5949 = SURFACE_CURVE('',#5950,(#5954,#5961),.PCURVE_S1.);
#5950 = LINE('',#5951,#5952);
#5951 = CARTESIAN_POINT('',(-1.173901367188,-41.37182799228,
    9.439339722963));
#5952 = VECTOR('',#5953,1.);
#5953 = DIRECTION('',(0.,0.939692620786,-0.342020143326));
#5954 = PCURVE('',#2033,#5955);
#5955 = DEFINITIONAL_REPRESENTATION('',(#5956),#5960);
#5956 = LINE('',#5957,#5958);
#5957 = CARTESIAN_POINT('',(0.,0.));
#5958 = VECTOR('',#5959,1.);
#5959 = DIRECTION('',(0.,-1.));
#5960 = ( GEOMETRIC_REPRESENTATION_CONTEXT(2) 
PARAMETRIC_REPRESENTATION_CONTEXT() REPRESENTATION_CONTEXT('2D SPACE',''
  ) );
#5961 = PCURVE('',#2005,#5962);
#5962 = DEFINITIONAL_REPRESENTATION('',(#5963),#5967);
#5963 = LINE('',#5964,#5965);
#5964 = CARTESIAN_POINT('',(3.061802734375,-8.881784197001E-16));
#5965 = VECTOR('',#5966,1.);
#5966 = DIRECTION('',(0.,-1.));
#5967 = ( GEOMETRIC_REPRESENTATION_CONTEXT(2) 
PARAMETRIC_REPRESENTATION_CONTEXT() REPRESENTATION_CONTEXT('2D SPACE',''
  ) );
#5968 = ORIENTED_EDGE('',*,*,#5969,.T.);
#5969 = EDGE_CURVE('',#5947,#5898,#5970,.T.);
#5970 = SURFACE_CURVE('',#5971,(#5975,#5982),.PCURVE_S1.);
#5971 = LINE('',#5972,#5973);
#5972 = CARTESIAN_POINT('',(-1.173901367188,-40.90198168189,9.2683296513
    ));
#5973 = VECTOR('',#5974,1.);
#5974 = DIRECTION('',(1.,0.,0.));
#5975 = PCURVE('',#2033,#5976);
#5976 = DEFINITIONAL_REPRESENTATION('',(#5977),#5981);
#5977 = LINE('',#5978,#5979);
#5978 = CARTESIAN_POINT('',(0.,-0.5));
#5979 = VECTOR('',#5980,1.);
#5980 = DIRECTION('',(1.,0.));
#5981 = ( GEOMETRIC_REPRESENTATION_CONTEXT(2) 
PARAMETRIC_REPRESENTATION_CONTEXT() REPRESENTATION_CONTEXT('2D SPACE',''
  ) );
#5982 = PCURVE('',#5762,#5983);
#5983 = DEFINITIONAL_REPRESENTATION('',(#5984),#5988);
#5984 = LINE('',#5985,#5986);
#5985 = CARTESIAN_POINT('',(0.336,3.061802734375));
#5986 = VECTOR('',#5987,1.);
#5987 = DIRECTION('',(1.,0.));
#5988 = ( GEOMETRIC_REPRESENTATION_CONTEXT(2) 
PARAMETRIC_REPRESENTATION_CONTEXT() REPRESENTATION_CONTEXT('2D SPACE',''
  ) );
#5989 = ORIENTED_EDGE('',*,*,#5897,.F.);
#5990 = ORIENTED_EDGE('',*,*,#2017,.F.);
#5991 = ADVANCED_FACE('',(#5992),#2005,.T.);
#5992 = FACE_BOUND('',#5993,.T.);
#5993 = EDGE_LOOP('',(#5994,#6017,#6038,#6039));
#5994 = ORIENTED_EDGE('',*,*,#5995,.T.);
#5995 = EDGE_CURVE('',#1962,#5996,#5998,.T.);
#5996 = VERTEX_POINT('',#5997);
#5997 = CARTESIAN_POINT('',(-1.173901367188,-41.94917989194,
    6.391176215506));
#5998 = SURFACE_CURVE('',#5999,(#6003,#6010),.PCURVE_S1.);
#5999 = LINE('',#6000,#6001);
#6000 = CARTESIAN_POINT('',(-1.173901367188,-42.41902620233,
    6.562186287169));
#6001 = VECTOR('',#6002,1.);
#6002 = DIRECTION('',(0.,0.939692620786,-0.342020143326));
#6003 = PCURVE('',#2005,#6004);
#6004 = DEFINITIONAL_REPRESENTATION('',(#6005),#6009);
#6005 = LINE('',#6006,#6007);
#6006 = CARTESIAN_POINT('',(0.,0.));
#6007 = VECTOR('',#6008,1.);
#6008 = DIRECTION('',(0.,-1.));
#6009 = ( GEOMETRIC_REPRESENTATION_CONTEXT(2) 
PARAMETRIC_REPRESENTATION_CONTEXT() REPRESENTATION_CONTEXT('2D SPACE',''
  ) );
#6010 = PCURVE('',#1977,#6011);
#6011 = DEFINITIONAL_REPRESENTATION('',(#6012),#6016);
#6012 = LINE('',#6013,#6014);
#6013 = CARTESIAN_POINT('',(0.63,0.));
#6014 = VECTOR('',#6015,1.);
#6015 = DIRECTION('',(0.,-1.));
#6016 = ( GEOMETRIC_REPRESENTATION_CONTEXT(2) 
PARAMETRIC_REPRESENTATION_CONTEXT() REPRESENTATION_CONTEXT('2D SPACE',''
  ) );
#6017 = ORIENTED_EDGE('',*,*,#6018,.T.);
#6018 = EDGE_CURVE('',#5996,#5947,#6019,.T.);
#6019 = SURFACE_CURVE('',#6020,(#6024,#6031),.PCURVE_S1.);
#6020 = LINE('',#6021,#6022);
#6021 = CARTESIAN_POINT('',(-1.173901367188,-41.94917989194,
    6.391176215506));
#6022 = VECTOR('',#6023,1.);
#6023 = DIRECTION('',(0.,0.342020143326,0.939692620786));
#6024 = PCURVE('',#2005,#6025);
#6025 = DEFINITIONAL_REPRESENTATION('',(#6026),#6030);
#6026 = LINE('',#6027,#6028);
#6027 = CARTESIAN_POINT('',(4.135580766729E-15,-0.5));
#6028 = VECTOR('',#6029,1.);
#6029 = DIRECTION('',(1.,0.));
#6030 = ( GEOMETRIC_REPRESENTATION_CONTEXT(2) 
PARAMETRIC_REPRESENTATION_CONTEXT() REPRESENTATION_CONTEXT('2D SPACE',''
  ) );
#6031 = PCURVE('',#5762,#6032);
#6032 = DEFINITIONAL_REPRESENTATION('',(#6033),#6037);
#6033 = LINE('',#6034,#6035);
#6034 = CARTESIAN_POINT('',(0.336,0.));
#6035 = VECTOR('',#6036,1.);
#6036 = DIRECTION('',(0.,1.));
#6037 = ( GEOMETRIC_REPRESENTATION_CONTEXT(2) 
PARAMETRIC_REPRESENTATION_CONTEXT() REPRESENTATION_CONTEXT('2D SPACE',''
  ) );
#6038 = ORIENTED_EDGE('',*,*,#5946,.F.);
#6039 = ORIENTED_EDGE('',*,*,#1989,.F.);
#6040 = ADVANCED_FACE('',(#6041),#1977,.T.);
#6041 = FACE_BOUND('',#6042,.T.);
#6042 = EDGE_LOOP('',(#6043,#6066,#6087,#6088));
#6043 = ORIENTED_EDGE('',*,*,#6044,.T.);
#6044 = EDGE_CURVE('',#1934,#6045,#6047,.T.);
#6045 = VERTEX_POINT('',#6046);
#6046 = CARTESIAN_POINT('',(-0.543901367188,-41.94917989194,
    6.391176215506));
#6047 = SURFACE_CURVE('',#6048,(#6052,#6059),.PCURVE_S1.);
#6048 = LINE('',#6049,#6050);
#6049 = CARTESIAN_POINT('',(-0.543901367188,-42.41902620233,
    6.562186287169));
#6050 = VECTOR('',#6051,1.);
#6051 = DIRECTION('',(0.,0.939692620786,-0.342020143326));
#6052 = PCURVE('',#1977,#6053);
#6053 = DEFINITIONAL_REPRESENTATION('',(#6054),#6058);
#6054 = LINE('',#6055,#6056);
#6055 = CARTESIAN_POINT('',(0.,0.));
#6056 = VECTOR('',#6057,1.);
#6057 = DIRECTION('',(0.,-1.));
#6058 = ( GEOMETRIC_REPRESENTATION_CONTEXT(2) 
PARAMETRIC_REPRESENTATION_CONTEXT() REPRESENTATION_CONTEXT('2D SPACE',''
  ) );
#6059 = PCURVE('',#1949,#6060);
#6060 = DEFINITIONAL_REPRESENTATION('',(#6061),#6065);
#6061 = LINE('',#6062,#6063);
#6062 = CARTESIAN_POINT('',(2.116802734375,-3.330669073875E-16));
#6063 = VECTOR('',#6064,1.);
#6064 = DIRECTION('',(0.,-1.));
#6065 = ( GEOMETRIC_REPRESENTATION_CONTEXT(2) 
PARAMETRIC_REPRESENTATION_CONTEXT() REPRESENTATION_CONTEXT('2D SPACE',''
  ) );
#6066 = ORIENTED_EDGE('',*,*,#6067,.T.);
#6067 = EDGE_CURVE('',#6045,#5996,#6068,.T.);
#6068 = SURFACE_CURVE('',#6069,(#6073,#6080),.PCURVE_S1.);
#6069 = LINE('',#6070,#6071);
#6070 = CARTESIAN_POINT('',(-0.543901367188,-41.94917989194,
    6.391176215506));
#6071 = VECTOR('',#6072,1.);
#6072 = DIRECTION('',(-1.,0.,0.));
#6073 = PCURVE('',#1977,#6074);
#6074 = DEFINITIONAL_REPRESENTATION('',(#6075),#6079);
#6075 = LINE('',#6076,#6077);
#6076 = CARTESIAN_POINT('',(0.,-0.5));
#6077 = VECTOR('',#6078,1.);
#6078 = DIRECTION('',(1.,0.));
#6079 = ( GEOMETRIC_REPRESENTATION_CONTEXT(2) 
PARAMETRIC_REPRESENTATION_CONTEXT() REPRESENTATION_CONTEXT('2D SPACE',''
  ) );
#6080 = PCURVE('',#5762,#6081);
#6081 = DEFINITIONAL_REPRESENTATION('',(#6082),#6086);
#6082 = LINE('',#6083,#6084);
#6083 = CARTESIAN_POINT('',(0.966,0.));
#6084 = VECTOR('',#6085,1.);
#6085 = DIRECTION('',(-1.,0.));
#6086 = ( GEOMETRIC_REPRESENTATION_CONTEXT(2) 
PARAMETRIC_REPRESENTATION_CONTEXT() REPRESENTATION_CONTEXT('2D SPACE',''
  ) );
#6087 = ORIENTED_EDGE('',*,*,#5995,.F.);
#6088 = ORIENTED_EDGE('',*,*,#1961,.F.);
#6089 = ADVANCED_FACE('',(#6090),#1949,.T.);
#6090 = FACE_BOUND('',#6091,.T.);
#6091 = EDGE_LOOP('',(#6092,#6115,#6136,#6137));
#6092 = ORIENTED_EDGE('',*,*,#6093,.T.);
#6093 = EDGE_CURVE('',#1906,#6094,#6096,.T.);
#6094 = VERTEX_POINT('',#6095);
#6095 = CARTESIAN_POINT('',(-0.543901367188,-41.22519071733,
    8.380320124658));
#6096 = SURFACE_CURVE('',#6097,(#6101,#6108),.PCURVE_S1.);
#6097 = LINE('',#6098,#6099);
#6098 = CARTESIAN_POINT('',(-0.543901367188,-41.69503702773,
    8.551330196321));
#6099 = VECTOR('',#6100,1.);
#6100 = DIRECTION('',(0.,0.939692620786,-0.342020143326));
#6101 = PCURVE('',#1949,#6102);
#6102 = DEFINITIONAL_REPRESENTATION('',(#6103),#6107);
#6103 = LINE('',#6104,#6105);
#6104 = CARTESIAN_POINT('',(0.,0.));
#6105 = VECTOR('',#6106,1.);
#6106 = DIRECTION('',(0.,-1.));
#6107 = ( GEOMETRIC_REPRESENTATION_CONTEXT(2) 
PARAMETRIC_REPRESENTATION_CONTEXT() REPRESENTATION_CONTEXT('2D SPACE',''
  ) );
#6108 = PCURVE('',#1921,#6109);
#6109 = DEFINITIONAL_REPRESENTATION('',(#6110),#6114);
#6110 = LINE('',#6111,#6112);
#6111 = CARTESIAN_POINT('',(2.448518661553,3.330669073875E-16));
#6112 = VECTOR('',#6113,1.);
#6113 = DIRECTION('',(5.551115123126E-17,-1.));
#6114 = ( GEOMETRIC_REPRESENTATION_CONTEXT(2) 
PARAMETRIC_REPRESENTATION_CONTEXT() REPRESENTATION_CONTEXT('2D SPACE',''
  ) );
#6115 = ORIENTED_EDGE('',*,*,#6116,.T.);
#6116 = EDGE_CURVE('',#6094,#6045,#6117,.T.);
#6117 = SURFACE_CURVE('',#6118,(#6122,#6129),.PCURVE_S1.);
#6118 = LINE('',#6119,#6120);
#6119 = CARTESIAN_POINT('',(-0.543901367188,-41.22519071733,
    8.380320124658));
#6120 = VECTOR('',#6121,1.);
#6121 = DIRECTION('',(0.,-0.342020143326,-0.939692620786));
#6122 = PCURVE('',#1949,#6123);
#6123 = DEFINITIONAL_REPRESENTATION('',(#6124),#6128);
#6124 = LINE('',#6125,#6126);
#6125 = CARTESIAN_POINT('',(-4.135580766729E-15,-0.5));
#6126 = VECTOR('',#6127,1.);
#6127 = DIRECTION('',(1.,0.));
#6128 = ( GEOMETRIC_REPRESENTATION_CONTEXT(2) 
PARAMETRIC_REPRESENTATION_CONTEXT() REPRESENTATION_CONTEXT('2D SPACE',''
  ) );
#6129 = PCURVE('',#5762,#6130);
#6130 = DEFINITIONAL_REPRESENTATION('',(#6131),#6135);
#6131 = LINE('',#6132,#6133);
#6132 = CARTESIAN_POINT('',(0.966,2.116802734375));
#6133 = VECTOR('',#6134,1.);
#6134 = DIRECTION('',(0.,-1.));
#6135 = ( GEOMETRIC_REPRESENTATION_CONTEXT(2) 
PARAMETRIC_REPRESENTATION_CONTEXT() REPRESENTATION_CONTEXT('2D SPACE',''
  ) );
#6136 = ORIENTED_EDGE('',*,*,#6044,.F.);
#6137 = ORIENTED_EDGE('',*,*,#1933,.F.);
#6138 = ADVANCED_FACE('',(#6139),#1921,.T.);
#6139 = FACE_BOUND('',#6140,.T.);
#6140 = EDGE_LOOP('',(#6141,#6164,#6185,#6186));
#6141 = ORIENTED_EDGE('',*,*,#6142,.T.);
#6142 = EDGE_CURVE('',#1878,#6143,#6145,.T.);
#6143 = VERTEX_POINT('',#6144);
#6144 = CARTESIAN_POINT('',(0.686704101562,-41.94917989194,
    6.391176215506));
#6145 = SURFACE_CURVE('',#6146,(#6150,#6157),.PCURVE_S1.);
#6146 = LINE('',#6147,#6148);
#6147 = CARTESIAN_POINT('',(0.686704101562,-42.41902620233,
    6.562186287169));
#6148 = VECTOR('',#6149,1.);
#6149 = DIRECTION('',(0.,0.939692620786,-0.342020143326));
#6150 = PCURVE('',#1921,#6151);
#6151 = DEFINITIONAL_REPRESENTATION('',(#6152),#6156);
#6152 = LINE('',#6153,#6154);
#6153 = CARTESIAN_POINT('',(0.,0.));
#6154 = VECTOR('',#6155,1.);
#6155 = DIRECTION('',(5.551115123126E-17,-1.));
#6156 = ( GEOMETRIC_REPRESENTATION_CONTEXT(2) 
PARAMETRIC_REPRESENTATION_CONTEXT() REPRESENTATION_CONTEXT('2D SPACE',''
  ) );
#6157 = PCURVE('',#1893,#6158);
#6158 = DEFINITIONAL_REPRESENTATION('',(#6159),#6163);
#6159 = LINE('',#6160,#6161);
#6160 = CARTESIAN_POINT('',(0.63,0.));
#6161 = VECTOR('',#6162,1.);
#6162 = DIRECTION('',(0.,-1.));
#6163 = ( GEOMETRIC_REPRESENTATION_CONTEXT(2) 
PARAMETRIC_REPRESENTATION_CONTEXT() REPRESENTATION_CONTEXT('2D SPACE',''
  ) );
#6164 = ORIENTED_EDGE('',*,*,#6165,.T.);
#6165 = EDGE_CURVE('',#6143,#6094,#6166,.T.);
#6166 = SURFACE_CURVE('',#6167,(#6171,#6178),.PCURVE_S1.);
#6167 = LINE('',#6168,#6169);
#6168 = CARTESIAN_POINT('',(0.686704101562,-41.94917989194,
    6.391176215506));
#6169 = VECTOR('',#6170,1.);
#6170 = DIRECTION('',(-0.502591827489,0.295684564701,0.812386664797));
#6171 = PCURVE('',#1921,#6172);
#6172 = DEFINITIONAL_REPRESENTATION('',(#6173),#6177);
#6173 = LINE('',#6174,#6175);
#6174 = CARTESIAN_POINT('',(3.74700270811E-15,-0.5));
#6175 = VECTOR('',#6176,1.);
#6176 = DIRECTION('',(1.,0.));
#6177 = ( GEOMETRIC_REPRESENTATION_CONTEXT(2) 
PARAMETRIC_REPRESENTATION_CONTEXT() REPRESENTATION_CONTEXT('2D SPACE',''
  ) );
#6178 = PCURVE('',#5762,#6179);
#6179 = DEFINITIONAL_REPRESENTATION('',(#6180),#6184);
#6180 = LINE('',#6181,#6182);
#6181 = CARTESIAN_POINT('',(2.19660546875,0.));
#6182 = VECTOR('',#6183,1.);
#6183 = DIRECTION('',(-0.502591827489,0.864523831332));
#6184 = ( GEOMETRIC_REPRESENTATION_CONTEXT(2) 
PARAMETRIC_REPRESENTATION_CONTEXT() REPRESENTATION_CONTEXT('2D SPACE',''
  ) );
#6185 = ORIENTED_EDGE('',*,*,#6093,.F.);
#6186 = ORIENTED_EDGE('',*,*,#1905,.F.);
#6187 = ADVANCED_FACE('',(#6188),#1893,.T.);
#6188 = FACE_BOUND('',#6189,.T.);
#6189 = EDGE_LOOP('',(#6190,#6191,#6212,#6213));
#6190 = ORIENTED_EDGE('',*,*,#5774,.T.);
#6191 = ORIENTED_EDGE('',*,*,#6192,.T.);
#6192 = EDGE_CURVE('',#5747,#6143,#6193,.T.);
#6193 = SURFACE_CURVE('',#6194,(#6198,#6205),.PCURVE_S1.);
#6194 = LINE('',#6195,#6196);
#6195 = CARTESIAN_POINT('',(1.316704101562,-41.94917989194,
    6.391176215506));
#6196 = VECTOR('',#6197,1.);
#6197 = DIRECTION('',(-1.,0.,0.));
#6198 = PCURVE('',#1893,#6199);
#6199 = DEFINITIONAL_REPRESENTATION('',(#6200),#6204);
#6200 = LINE('',#6201,#6202);
#6201 = CARTESIAN_POINT('',(0.,-0.5));
#6202 = VECTOR('',#6203,1.);
#6203 = DIRECTION('',(1.,0.));
#6204 = ( GEOMETRIC_REPRESENTATION_CONTEXT(2) 
PARAMETRIC_REPRESENTATION_CONTEXT() REPRESENTATION_CONTEXT('2D SPACE',''
  ) );
#6205 = PCURVE('',#5762,#6206);
#6206 = DEFINITIONAL_REPRESENTATION('',(#6207),#6211);
#6207 = LINE('',#6208,#6209);
#6208 = CARTESIAN_POINT('',(2.82660546875,0.));
#6209 = VECTOR('',#6210,1.);
#6210 = DIRECTION('',(-1.,0.));
#6211 = ( GEOMETRIC_REPRESENTATION_CONTEXT(2) 
PARAMETRIC_REPRESENTATION_CONTEXT() REPRESENTATION_CONTEXT('2D SPACE',''
  ) );
#6212 = ORIENTED_EDGE('',*,*,#6142,.F.);
#6213 = ORIENTED_EDGE('',*,*,#1877,.F.);
#6214 = ADVANCED_FACE('',(#6215),#2147,.T.);
#6215 = FACE_BOUND('',#6216,.T.);
#6216 = EDGE_LOOP('',(#6217,#6240,#6268,#6289));
#6217 = ORIENTED_EDGE('',*,*,#6218,.T.);
#6218 = EDGE_CURVE('',#2130,#6219,#6221,.T.);
#6219 = VERTEX_POINT('',#6220);
#6220 = CARTESIAN_POINT('',(4.370098632812,-41.94917989194,
    6.391176215506));
#6221 = SURFACE_CURVE('',#6222,(#6226,#6233),.PCURVE_S1.);
#6222 = LINE('',#6223,#6224);
#6223 = CARTESIAN_POINT('',(4.370098632812,-42.41902620233,
    6.562186287169));
#6224 = VECTOR('',#6225,1.);
#6225 = DIRECTION('',(0.,0.939692620786,-0.342020143326));
#6226 = PCURVE('',#2147,#6227);
#6227 = DEFINITIONAL_REPRESENTATION('',(#6228),#6232);
#6228 = LINE('',#6229,#6230);
#6229 = CARTESIAN_POINT('',(0.,0.));
#6230 = VECTOR('',#6231,1.);
#6231 = DIRECTION('',(0.,-1.));
#6232 = ( GEOMETRIC_REPRESENTATION_CONTEXT(2) 
PARAMETRIC_REPRESENTATION_CONTEXT() REPRESENTATION_CONTEXT('2D SPACE',''
  ) );
#6233 = PCURVE('',#2341,#6234);
#6234 = DEFINITIONAL_REPRESENTATION('',(#6235),#6239);
#6235 = LINE('',#6236,#6237);
#6236 = CARTESIAN_POINT('',(3.23957326943,8.881784197001E-16));
#6237 = VECTOR('',#6238,1.);
#6238 = DIRECTION('',(0.,-1.));
#6239 = ( GEOMETRIC_REPRESENTATION_CONTEXT(2) 
PARAMETRIC_REPRESENTATION_CONTEXT() REPRESENTATION_CONTEXT('2D SPACE',''
  ) );
#6240 = ORIENTED_EDGE('',*,*,#6241,.T.);
#6241 = EDGE_CURVE('',#6219,#6242,#6244,.T.);
#6242 = VERTEX_POINT('',#6243);
#6243 = CARTESIAN_POINT('',(3.723309570312,-41.94917989194,
    6.391176215506));
#6244 = SURFACE_CURVE('',#6245,(#6249,#6256),.PCURVE_S1.);
#6245 = LINE('',#6246,#6247);
#6246 = CARTESIAN_POINT('',(4.370098632812,-41.94917989194,
    6.391176215506));
#6247 = VECTOR('',#6248,1.);
#6248 = DIRECTION('',(-1.,0.,0.));
#6249 = PCURVE('',#2147,#6250);
#6250 = DEFINITIONAL_REPRESENTATION('',(#6251),#6255);
#6251 = LINE('',#6252,#6253);
#6252 = CARTESIAN_POINT('',(0.,-0.5));
#6253 = VECTOR('',#6254,1.);
#6254 = DIRECTION('',(1.,0.));
#6255 = ( GEOMETRIC_REPRESENTATION_CONTEXT(2) 
PARAMETRIC_REPRESENTATION_CONTEXT() REPRESENTATION_CONTEXT('2D SPACE',''
  ) );
#6256 = PCURVE('',#6257,#6262);
#6257 = PLANE('',#6258);
#6258 = AXIS2_PLACEMENT_3D('',#6259,#6260,#6261);
#6259 = CARTESIAN_POINT('',(1.484704101562,-41.94917989194,
    6.391176215506));
#6260 = DIRECTION('',(0.,-0.939692620786,0.342020143326));
#6261 = DIRECTION('',(1.,0.,0.));
#6262 = DEFINITIONAL_REPRESENTATION('',(#6263),#6267);
#6263 = LINE('',#6264,#6265);
#6264 = CARTESIAN_POINT('',(2.88539453125,0.));
#6265 = VECTOR('',#6266,1.);
#6266 = DIRECTION('',(-1.,0.));
#6267 = ( GEOMETRIC_REPRESENTATION_CONTEXT(2) 
PARAMETRIC_REPRESENTATION_CONTEXT() REPRESENTATION_CONTEXT('2D SPACE',''
  ) );
#6268 = ORIENTED_EDGE('',*,*,#6269,.F.);
#6269 = EDGE_CURVE('',#2132,#6242,#6270,.T.);
#6270 = SURFACE_CURVE('',#6271,(#6275,#6282),.PCURVE_S1.);
#6271 = LINE('',#6272,#6273);
#6272 = CARTESIAN_POINT('',(3.723309570312,-42.41902620233,
    6.562186287169));
#6273 = VECTOR('',#6274,1.);
#6274 = DIRECTION('',(0.,0.939692620786,-0.342020143326));
#6275 = PCURVE('',#2147,#6276);
#6276 = DEFINITIONAL_REPRESENTATION('',(#6277),#6281);
#6277 = LINE('',#6278,#6279);
#6278 = CARTESIAN_POINT('',(0.6467890625,0.));
#6279 = VECTOR('',#6280,1.);
#6280 = DIRECTION('',(0.,-1.));
#6281 = ( GEOMETRIC_REPRESENTATION_CONTEXT(2) 
PARAMETRIC_REPRESENTATION_CONTEXT() REPRESENTATION_CONTEXT('2D SPACE',''
  ) );
#6282 = PCURVE('',#2175,#6283);
#6283 = DEFINITIONAL_REPRESENTATION('',(#6284),#6288);
#6284 = LINE('',#6285,#6286);
#6285 = CARTESIAN_POINT('',(0.,0.));
#6286 = VECTOR('',#6287,1.);
#6287 = DIRECTION('',(-5.551115123126E-17,-1.));
#6288 = ( GEOMETRIC_REPRESENTATION_CONTEXT(2) 
PARAMETRIC_REPRESENTATION_CONTEXT() REPRESENTATION_CONTEXT('2D SPACE',''
  ) );
#6289 = ORIENTED_EDGE('',*,*,#2129,.F.);
#6290 = ADVANCED_FACE('',(#6291),#2341,.T.);
#6291 = FACE_BOUND('',#6292,.T.);
#6292 = EDGE_LOOP('',(#6293,#6316,#6337,#6338));
#6293 = ORIENTED_EDGE('',*,*,#6294,.T.);
#6294 = EDGE_CURVE('',#2300,#6295,#6297,.T.);
#6295 = VERTEX_POINT('',#6296);
#6296 = CARTESIAN_POINT('',(3.311704101562,-40.90198168189,9.2683296513)
  );
#6297 = SURFACE_CURVE('',#6298,(#6302,#6309),.PCURVE_S1.);
#6298 = LINE('',#6299,#6300);
#6299 = CARTESIAN_POINT('',(3.311704101562,-41.37182799228,
    9.439339722963));
#6300 = VECTOR('',#6301,1.);
#6301 = DIRECTION('',(0.,0.939692620786,-0.342020143326));
#6302 = PCURVE('',#2341,#6303);
#6303 = DEFINITIONAL_REPRESENTATION('',(#6304),#6308);
#6304 = LINE('',#6305,#6306);
#6305 = CARTESIAN_POINT('',(0.,0.));
#6306 = VECTOR('',#6307,1.);
#6307 = DIRECTION('',(0.,-1.));
#6308 = ( GEOMETRIC_REPRESENTATION_CONTEXT(2) 
PARAMETRIC_REPRESENTATION_CONTEXT() REPRESENTATION_CONTEXT('2D SPACE',''
  ) );
#6309 = PCURVE('',#2315,#6310);
#6310 = DEFINITIONAL_REPRESENTATION('',(#6311),#6315);
#6311 = LINE('',#6312,#6313);
#6312 = CARTESIAN_POINT('',(0.697197265625,0.));
#6313 = VECTOR('',#6314,1.);
#6314 = DIRECTION('',(0.,-1.));
#6315 = ( GEOMETRIC_REPRESENTATION_CONTEXT(2) 
PARAMETRIC_REPRESENTATION_CONTEXT() REPRESENTATION_CONTEXT('2D SPACE',''
  ) );
#6316 = ORIENTED_EDGE('',*,*,#6317,.T.);
#6317 = EDGE_CURVE('',#6295,#6219,#6318,.T.);
#6318 = SURFACE_CURVE('',#6319,(#6323,#6330),.PCURVE_S1.);
#6319 = LINE('',#6320,#6321);
#6320 = CARTESIAN_POINT('',(3.311704101562,-40.90198168189,9.2683296513)
  );
#6321 = VECTOR('',#6322,1.);
#6322 = DIRECTION('',(0.326708008501,-0.323251898615,-0.888127292241));
#6323 = PCURVE('',#2341,#6324);
#6324 = DEFINITIONAL_REPRESENTATION('',(#6325),#6329);
#6325 = LINE('',#6326,#6327);
#6326 = CARTESIAN_POINT('',(-4.329869796038E-15,-0.5));
#6327 = VECTOR('',#6328,1.);
#6328 = DIRECTION('',(1.,0.));
#6329 = ( GEOMETRIC_REPRESENTATION_CONTEXT(2) 
PARAMETRIC_REPRESENTATION_CONTEXT() REPRESENTATION_CONTEXT('2D SPACE',''
  ) );
#6330 = PCURVE('',#6257,#6331);
#6331 = DEFINITIONAL_REPRESENTATION('',(#6332),#6336);
#6332 = LINE('',#6333,#6334);
#6333 = CARTESIAN_POINT('',(1.827,3.061802734375));
#6334 = VECTOR('',#6335,1.);
#6335 = DIRECTION('',(0.326708008501,-0.945125323532));
#6336 = ( GEOMETRIC_REPRESENTATION_CONTEXT(2) 
PARAMETRIC_REPRESENTATION_CONTEXT() REPRESENTATION_CONTEXT('2D SPACE',''
  ) );
#6337 = ORIENTED_EDGE('',*,*,#6218,.F.);
#6338 = ORIENTED_EDGE('',*,*,#2327,.F.);
#6339 = ADVANCED_FACE('',(#6340),#2315,.T.);
#6340 = FACE_BOUND('',#6341,.T.);
#6341 = EDGE_LOOP('',(#6342,#6365,#6386,#6387));
#6342 = ORIENTED_EDGE('',*,*,#6343,.T.);
#6343 = EDGE_CURVE('',#2272,#6344,#6346,.T.);
#6344 = VERTEX_POINT('',#6345);
#6345 = CARTESIAN_POINT('',(2.614506835938,-40.90198168189,9.2683296513)
  );
#6346 = SURFACE_CURVE('',#6347,(#6351,#6358),.PCURVE_S1.);
#6347 = LINE('',#6348,#6349);
#6348 = CARTESIAN_POINT('',(2.614506835938,-41.37182799228,
    9.439339722963));
#6349 = VECTOR('',#6350,1.);
#6350 = DIRECTION('',(0.,0.939692620786,-0.342020143326));
#6351 = PCURVE('',#2315,#6352);
#6352 = DEFINITIONAL_REPRESENTATION('',(#6353),#6357);
#6353 = LINE('',#6354,#6355);
#6354 = CARTESIAN_POINT('',(0.,0.));
#6355 = VECTOR('',#6356,1.);
#6356 = DIRECTION('',(0.,-1.));
#6357 = ( GEOMETRIC_REPRESENTATION_CONTEXT(2) 
PARAMETRIC_REPRESENTATION_CONTEXT() REPRESENTATION_CONTEXT('2D SPACE',''
  ) );
#6358 = PCURVE('',#2287,#6359);
#6359 = DEFINITIONAL_REPRESENTATION('',(#6360),#6364);
#6360 = LINE('',#6361,#6362);
#6361 = CARTESIAN_POINT('',(3.249300043569,-8.881784197001E-16));
#6362 = VECTOR('',#6363,1.);
#6363 = DIRECTION('',(-5.551115123126E-17,-1.));
#6364 = ( GEOMETRIC_REPRESENTATION_CONTEXT(2) 
PARAMETRIC_REPRESENTATION_CONTEXT() REPRESENTATION_CONTEXT('2D SPACE',''
  ) );
#6365 = ORIENTED_EDGE('',*,*,#6366,.T.);
#6366 = EDGE_CURVE('',#6344,#6295,#6367,.T.);
#6367 = SURFACE_CURVE('',#6368,(#6372,#6379),.PCURVE_S1.);
#6368 = LINE('',#6369,#6370);
#6369 = CARTESIAN_POINT('',(2.614506835938,-40.90198168189,9.2683296513)
  );
#6370 = VECTOR('',#6371,1.);
#6371 = DIRECTION('',(1.,0.,0.));
#6372 = PCURVE('',#2315,#6373);
#6373 = DEFINITIONAL_REPRESENTATION('',(#6374),#6378);
#6374 = LINE('',#6375,#6376);
#6375 = CARTESIAN_POINT('',(0.,-0.5));
#6376 = VECTOR('',#6377,1.);
#6377 = DIRECTION('',(1.,0.));
#6378 = ( GEOMETRIC_REPRESENTATION_CONTEXT(2) 
PARAMETRIC_REPRESENTATION_CONTEXT() REPRESENTATION_CONTEXT('2D SPACE',''
  ) );
#6379 = PCURVE('',#6257,#6380);
#6380 = DEFINITIONAL_REPRESENTATION('',(#6381),#6385);
#6381 = LINE('',#6382,#6383);
#6382 = CARTESIAN_POINT('',(1.129802734375,3.061802734375));
#6383 = VECTOR('',#6384,1.);
#6384 = DIRECTION('',(1.,0.));
#6385 = ( GEOMETRIC_REPRESENTATION_CONTEXT(2) 
PARAMETRIC_REPRESENTATION_CONTEXT() REPRESENTATION_CONTEXT('2D SPACE',''
  ) );
#6386 = ORIENTED_EDGE('',*,*,#6294,.F.);
#6387 = ORIENTED_EDGE('',*,*,#2299,.F.);
#6388 = ADVANCED_FACE('',(#6389),#2287,.T.);
#6389 = FACE_BOUND('',#6390,.T.);
#6390 = EDGE_LOOP('',(#6391,#6414,#6435,#6436));
#6391 = ORIENTED_EDGE('',*,*,#6392,.T.);
#6392 = EDGE_CURVE('',#2244,#6393,#6395,.T.);
#6393 = VERTEX_POINT('',#6394);
#6394 = CARTESIAN_POINT('',(1.526704101563,-41.94917989194,
    6.391176215506));
#6395 = SURFACE_CURVE('',#6396,(#6400,#6407),.PCURVE_S1.);
#6396 = LINE('',#6397,#6398);
#6397 = CARTESIAN_POINT('',(1.526704101563,-42.41902620233,
    6.562186287169));
#6398 = VECTOR('',#6399,1.);
#6399 = DIRECTION('',(0.,0.939692620786,-0.342020143326));
#6400 = PCURVE('',#2287,#6401);
#6401 = DEFINITIONAL_REPRESENTATION('',(#6402),#6406);
#6402 = LINE('',#6403,#6404);
#6403 = CARTESIAN_POINT('',(0.,0.));
#6404 = VECTOR('',#6405,1.);
#6405 = DIRECTION('',(-5.551115123126E-17,-1.));
#6406 = ( GEOMETRIC_REPRESENTATION_CONTEXT(2) 
PARAMETRIC_REPRESENTATION_CONTEXT() REPRESENTATION_CONTEXT('2D SPACE',''
  ) );
#6407 = PCURVE('',#2259,#6408);
#6408 = DEFINITIONAL_REPRESENTATION('',(#6409),#6413);
#6409 = LINE('',#6410,#6411);
#6410 = CARTESIAN_POINT('',(0.64260546875,0.));
#6411 = VECTOR('',#6412,1.);
#6412 = DIRECTION('',(0.,-1.));
#6413 = ( GEOMETRIC_REPRESENTATION_CONTEXT(2) 
PARAMETRIC_REPRESENTATION_CONTEXT() REPRESENTATION_CONTEXT('2D SPACE',''
  ) );
#6414 = ORIENTED_EDGE('',*,*,#6415,.T.);
#6415 = EDGE_CURVE('',#6393,#6344,#6416,.T.);
#6416 = SURFACE_CURVE('',#6417,(#6421,#6428),.PCURVE_S1.);
#6417 = LINE('',#6418,#6419);
#6418 = CARTESIAN_POINT('',(1.526704101563,-41.94917989194,
    6.391176215506));
#6419 = VECTOR('',#6420,1.);
#6420 = DIRECTION('',(0.334780635764,0.322284244608,0.885468684706));
#6421 = PCURVE('',#2287,#6422);
#6422 = DEFINITIONAL_REPRESENTATION('',(#6423),#6427);
#6423 = LINE('',#6424,#6425);
#6424 = CARTESIAN_POINT('',(4.329869796038E-15,-0.5));
#6425 = VECTOR('',#6426,1.);
#6426 = DIRECTION('',(1.,5.551115123126E-17));
#6427 = ( GEOMETRIC_REPRESENTATION_CONTEXT(2) 
PARAMETRIC_REPRESENTATION_CONTEXT() REPRESENTATION_CONTEXT('2D SPACE',''
  ) );
#6428 = PCURVE('',#6257,#6429);
#6429 = DEFINITIONAL_REPRESENTATION('',(#6430),#6434);
#6430 = LINE('',#6431,#6432);
#6431 = CARTESIAN_POINT('',(4.2E-02,0.));
#6432 = VECTOR('',#6433,1.);
#6433 = DIRECTION('',(0.334780635764,0.942296092488));
#6434 = ( GEOMETRIC_REPRESENTATION_CONTEXT(2) 
PARAMETRIC_REPRESENTATION_CONTEXT() REPRESENTATION_CONTEXT('2D SPACE',''
  ) );
#6435 = ORIENTED_EDGE('',*,*,#6343,.F.);
#6436 = ORIENTED_EDGE('',*,*,#2271,.F.);
#6437 = ADVANCED_FACE('',(#6438),#2259,.T.);
#6438 = FACE_BOUND('',#6439,.T.);
#6439 = EDGE_LOOP('',(#6440,#6463,#6484,#6485));
#6440 = ORIENTED_EDGE('',*,*,#6441,.T.);
#6441 = EDGE_CURVE('',#2216,#6442,#6444,.T.);
#6442 = VERTEX_POINT('',#6443);
#6443 = CARTESIAN_POINT('',(2.169309570313,-41.94917989194,
    6.391176215506));
#6444 = SURFACE_CURVE('',#6445,(#6449,#6456),.PCURVE_S1.);
#6445 = LINE('',#6446,#6447);
#6446 = CARTESIAN_POINT('',(2.169309570313,-42.41902620233,
    6.562186287169));
#6447 = VECTOR('',#6448,1.);
#6448 = DIRECTION('',(0.,0.939692620786,-0.342020143326));
#6449 = PCURVE('',#2259,#6450);
#6450 = DEFINITIONAL_REPRESENTATION('',(#6451),#6455);
#6451 = LINE('',#6452,#6453);
#6452 = CARTESIAN_POINT('',(0.,0.));
#6453 = VECTOR('',#6454,1.);
#6454 = DIRECTION('',(0.,-1.));
#6455 = ( GEOMETRIC_REPRESENTATION_CONTEXT(2) 
PARAMETRIC_REPRESENTATION_CONTEXT() REPRESENTATION_CONTEXT('2D SPACE',''
  ) );
#6456 = PCURVE('',#2231,#6457);
#6457 = DEFINITIONAL_REPRESENTATION('',(#6458),#6462);
#6458 = LINE('',#6459,#6460);
#6459 = CARTESIAN_POINT('',(0.650788095667,2.886579864025E-15));
#6460 = VECTOR('',#6461,1.);
#6461 = DIRECTION('',(0.,-1.));
#6462 = ( GEOMETRIC_REPRESENTATION_CONTEXT(2) 
PARAMETRIC_REPRESENTATION_CONTEXT() REPRESENTATION_CONTEXT('2D SPACE',''
  ) );
#6463 = ORIENTED_EDGE('',*,*,#6464,.T.);
#6464 = EDGE_CURVE('',#6442,#6393,#6465,.T.);
#6465 = SURFACE_CURVE('',#6466,(#6470,#6477),.PCURVE_S1.);
#6466 = LINE('',#6467,#6468);
#6467 = CARTESIAN_POINT('',(2.169309570313,-41.94917989194,
    6.391176215506));
#6468 = VECTOR('',#6469,1.);
#6469 = DIRECTION('',(-1.,0.,0.));
#6470 = PCURVE('',#2259,#6471);
#6471 = DEFINITIONAL_REPRESENTATION('',(#6472),#6476);
#6472 = LINE('',#6473,#6474);
#6473 = CARTESIAN_POINT('',(0.,-0.5));
#6474 = VECTOR('',#6475,1.);
#6475 = DIRECTION('',(1.,0.));
#6476 = ( GEOMETRIC_REPRESENTATION_CONTEXT(2) 
PARAMETRIC_REPRESENTATION_CONTEXT() REPRESENTATION_CONTEXT('2D SPACE',''
  ) );
#6477 = PCURVE('',#6257,#6478);
#6478 = DEFINITIONAL_REPRESENTATION('',(#6479),#6483);
#6479 = LINE('',#6480,#6481);
#6480 = CARTESIAN_POINT('',(0.68460546875,0.));
#6481 = VECTOR('',#6482,1.);
#6482 = DIRECTION('',(-1.,0.));
#6483 = ( GEOMETRIC_REPRESENTATION_CONTEXT(2) 
PARAMETRIC_REPRESENTATION_CONTEXT() REPRESENTATION_CONTEXT('2D SPACE',''
  ) );
#6484 = ORIENTED_EDGE('',*,*,#6392,.F.);
#6485 = ORIENTED_EDGE('',*,*,#2243,.F.);
#6486 = ADVANCED_FACE('',(#6487),#2231,.T.);
#6487 = FACE_BOUND('',#6488,.T.);
#6488 = EDGE_LOOP('',(#6489,#6512,#6533,#6534));
#6489 = ORIENTED_EDGE('',*,*,#6490,.T.);
#6490 = EDGE_CURVE('',#2188,#6491,#6493,.T.);
#6491 = VERTEX_POINT('',#6492);
#6492 = CARTESIAN_POINT('',(2.375098632813,-41.73801852587,
    6.971337300635));
#6493 = SURFACE_CURVE('',#6494,(#6498,#6505),.PCURVE_S1.);
#6494 = LINE('',#6495,#6496);
#6495 = CARTESIAN_POINT('',(2.375098632813,-42.20786483626,
    7.142347372298));
#6496 = VECTOR('',#6497,1.);
#6497 = DIRECTION('',(0.,0.939692620786,-0.342020143326));
#6498 = PCURVE('',#2231,#6499);
#6499 = DEFINITIONAL_REPRESENTATION('',(#6500),#6504);
#6500 = LINE('',#6501,#6502);
#6501 = CARTESIAN_POINT('',(-0.,0.));
#6502 = VECTOR('',#6503,1.);
#6503 = DIRECTION('',(0.,-1.));
#6504 = ( GEOMETRIC_REPRESENTATION_CONTEXT(2) 
PARAMETRIC_REPRESENTATION_CONTEXT() REPRESENTATION_CONTEXT('2D SPACE',''
  ) );
#6505 = PCURVE('',#2203,#6506);
#6506 = DEFINITIONAL_REPRESENTATION('',(#6507),#6511);
#6507 = LINE('',#6508,#6509);
#6508 = CARTESIAN_POINT('',(1.14660546875,0.));
#6509 = VECTOR('',#6510,1.);
#6510 = DIRECTION('',(0.,-1.));
#6511 = ( GEOMETRIC_REPRESENTATION_CONTEXT(2) 
PARAMETRIC_REPRESENTATION_CONTEXT() REPRESENTATION_CONTEXT('2D SPACE',''
  ) );
#6512 = ORIENTED_EDGE('',*,*,#6513,.T.);
#6513 = EDGE_CURVE('',#6491,#6442,#6514,.T.);
#6514 = SURFACE_CURVE('',#6515,(#6519,#6526),.PCURVE_S1.);
#6515 = LINE('',#6516,#6517);
#6516 = CARTESIAN_POINT('',(2.375098632813,-41.73801852587,
    6.971337300635));
#6517 = VECTOR('',#6518,1.);
#6518 = DIRECTION('',(-0.31621516108,-0.324470234586,-0.891474642809));
#6519 = PCURVE('',#2231,#6520);
#6520 = DEFINITIONAL_REPRESENTATION('',(#6521),#6525);
#6521 = LINE('',#6522,#6523);
#6522 = CARTESIAN_POINT('',(-1.7763568394E-15,-0.5));
#6523 = VECTOR('',#6524,1.);
#6524 = DIRECTION('',(1.,0.));
#6525 = ( GEOMETRIC_REPRESENTATION_CONTEXT(2) 
PARAMETRIC_REPRESENTATION_CONTEXT() REPRESENTATION_CONTEXT('2D SPACE',''
  ) );
#6526 = PCURVE('',#6257,#6527);
#6527 = DEFINITIONAL_REPRESENTATION('',(#6528),#6532);
#6528 = LINE('',#6529,#6530);
#6529 = CARTESIAN_POINT('',(0.89039453125,0.61739453125));
#6530 = VECTOR('',#6531,1.);
#6531 = DIRECTION('',(-0.31621516108,-0.948687499603));
#6532 = ( GEOMETRIC_REPRESENTATION_CONTEXT(2) 
PARAMETRIC_REPRESENTATION_CONTEXT() REPRESENTATION_CONTEXT('2D SPACE',''
  ) );
#6533 = ORIENTED_EDGE('',*,*,#6441,.F.);
#6534 = ORIENTED_EDGE('',*,*,#2215,.F.);
#6535 = ADVANCED_FACE('',(#6536),#2203,.T.);
#6536 = FACE_BOUND('',#6537,.T.);
#6537 = EDGE_LOOP('',(#6538,#6561,#6582,#6583));
#6538 = ORIENTED_EDGE('',*,*,#6539,.T.);
#6539 = EDGE_CURVE('',#2160,#6540,#6542,.T.);
#6540 = VERTEX_POINT('',#6541);
#6541 = CARTESIAN_POINT('',(3.521704101562,-41.73801852587,
    6.971337300635));
#6542 = SURFACE_CURVE('',#6543,(#6547,#6554),.PCURVE_S1.);
#6543 = LINE('',#6544,#6545);
#6544 = CARTESIAN_POINT('',(3.521704101562,-42.20786483626,
    7.142347372298));
#6545 = VECTOR('',#6546,1.);
#6546 = DIRECTION('',(0.,0.939692620786,-0.342020143326));
#6547 = PCURVE('',#2203,#6548);
#6548 = DEFINITIONAL_REPRESENTATION('',(#6549),#6553);
#6549 = LINE('',#6550,#6551);
#6550 = CARTESIAN_POINT('',(0.,0.));
#6551 = VECTOR('',#6552,1.);
#6552 = DIRECTION('',(0.,-1.));
#6553 = ( GEOMETRIC_REPRESENTATION_CONTEXT(2) 
PARAMETRIC_REPRESENTATION_CONTEXT() REPRESENTATION_CONTEXT('2D SPACE',''
  ) );
#6554 = PCURVE('',#2175,#6555);
#6555 = DEFINITIONAL_REPRESENTATION('',(#6556),#6560);
#6556 = LINE('',#6557,#6558);
#6557 = CARTESIAN_POINT('',(0.649477306953,-2.886579864025E-15));
#6558 = VECTOR('',#6559,1.);
#6559 = DIRECTION('',(-5.551115123126E-17,-1.));
#6560 = ( GEOMETRIC_REPRESENTATION_CONTEXT(2) 
PARAMETRIC_REPRESENTATION_CONTEXT() REPRESENTATION_CONTEXT('2D SPACE',''
  ) );
#6561 = ORIENTED_EDGE('',*,*,#6562,.T.);
#6562 = EDGE_CURVE('',#6540,#6491,#6563,.T.);
#6563 = SURFACE_CURVE('',#6564,(#6568,#6575),.PCURVE_S1.);
#6564 = LINE('',#6565,#6566);
#6565 = CARTESIAN_POINT('',(3.521704101562,-41.73801852587,
    6.971337300635));
#6566 = VECTOR('',#6567,1.);
#6567 = DIRECTION('',(-1.,0.,0.));
#6568 = PCURVE('',#2203,#6569);
#6569 = DEFINITIONAL_REPRESENTATION('',(#6570),#6574);
#6570 = LINE('',#6571,#6572);
#6571 = CARTESIAN_POINT('',(0.,-0.5));
#6572 = VECTOR('',#6573,1.);
#6573 = DIRECTION('',(1.,0.));
#6574 = ( GEOMETRIC_REPRESENTATION_CONTEXT(2) 
PARAMETRIC_REPRESENTATION_CONTEXT() REPRESENTATION_CONTEXT('2D SPACE',''
  ) );
#6575 = PCURVE('',#6257,#6576);
#6576 = DEFINITIONAL_REPRESENTATION('',(#6577),#6581);
#6577 = LINE('',#6578,#6579);
#6578 = CARTESIAN_POINT('',(2.037,0.61739453125));
#6579 = VECTOR('',#6580,1.);
#6580 = DIRECTION('',(-1.,0.));
#6581 = ( GEOMETRIC_REPRESENTATION_CONTEXT(2) 
PARAMETRIC_REPRESENTATION_CONTEXT() REPRESENTATION_CONTEXT('2D SPACE',''
  ) );
#6582 = ORIENTED_EDGE('',*,*,#6490,.F.);
#6583 = ORIENTED_EDGE('',*,*,#2187,.F.);
#6584 = ADVANCED_FACE('',(#6585),#2175,.T.);
#6585 = FACE_BOUND('',#6586,.T.);
#6586 = EDGE_LOOP('',(#6587,#6588,#6609,#6610));
#6587 = ORIENTED_EDGE('',*,*,#6269,.T.);
#6588 = ORIENTED_EDGE('',*,*,#6589,.T.);
#6589 = EDGE_CURVE('',#6242,#6540,#6590,.T.);
#6590 = SURFACE_CURVE('',#6591,(#6595,#6602),.PCURVE_S1.);
#6591 = LINE('',#6592,#6593);
#6592 = CARTESIAN_POINT('',(3.723309570312,-41.94917989194,
    6.391176215506));
#6593 = VECTOR('',#6594,1.);
#6594 = DIRECTION('',(-0.310411875198,0.325125087214,0.893273835618));
#6595 = PCURVE('',#2175,#6596);
#6596 = DEFINITIONAL_REPRESENTATION('',(#6597),#6601);
#6597 = LINE('',#6598,#6599);
#6598 = CARTESIAN_POINT('',(4.357625371654E-15,-0.5));
#6599 = VECTOR('',#6600,1.);
#6600 = DIRECTION('',(1.,5.551115123126E-17));
#6601 = ( GEOMETRIC_REPRESENTATION_CONTEXT(2) 
PARAMETRIC_REPRESENTATION_CONTEXT() REPRESENTATION_CONTEXT('2D SPACE',''
  ) );
#6602 = PCURVE('',#6257,#6603);
#6603 = DEFINITIONAL_REPRESENTATION('',(#6604),#6608);
#6604 = LINE('',#6605,#6606);
#6605 = CARTESIAN_POINT('',(2.23860546875,0.));
#6606 = VECTOR('',#6607,1.);
#6607 = DIRECTION('',(-0.310411875198,0.950602160599));
#6608 = ( GEOMETRIC_REPRESENTATION_CONTEXT(2) 
PARAMETRIC_REPRESENTATION_CONTEXT() REPRESENTATION_CONTEXT('2D SPACE',''
  ) );
#6609 = ORIENTED_EDGE('',*,*,#6539,.F.);
#6610 = ORIENTED_EDGE('',*,*,#2159,.F.);
#6611 = ADVANCED_FACE('',(#6612),#2373,.T.);
#6612 = FACE_BOUND('',#6613,.T.);
#6613 = EDGE_LOOP('',(#6614,#6637,#6665,#6686));
#6614 = ORIENTED_EDGE('',*,*,#6615,.T.);
#6615 = EDGE_CURVE('',#2356,#6616,#6618,.T.);
#6616 = VERTEX_POINT('',#6617);
#6617 = CARTESIAN_POINT('',(6.501598632813,-41.87735566184,
    6.588511665871));
#6618 = SURFACE_CURVE('',#6619,(#6623,#6630),.PCURVE_S1.);
#6619 = LINE('',#6620,#6621);
#6620 = CARTESIAN_POINT('',(6.501598632813,-42.34720197223,
    6.759521737534));
#6621 = VECTOR('',#6622,1.);
#6622 = DIRECTION('',(0.,0.939692620786,-0.342020143326));
#6623 = PCURVE('',#2373,#6624);
#6624 = DEFINITIONAL_REPRESENTATION('',(#6625),#6629);
#6625 = LINE('',#6626,#6627);
#6626 = CARTESIAN_POINT('',(0.,0.));
#6627 = VECTOR('',#6628,1.);
#6628 = DIRECTION('',(0.,-1.));
#6629 = ( GEOMETRIC_REPRESENTATION_CONTEXT(2) 
PARAMETRIC_REPRESENTATION_CONTEXT() REPRESENTATION_CONTEXT('2D SPACE',''
  ) );
#6630 = PCURVE('',#3077,#6631);
#6631 = DEFINITIONAL_REPRESENTATION('',(#6632),#6636);
#6632 = LINE('',#6633,#6634);
#6633 = CARTESIAN_POINT('',(1.,0.));
#6634 = VECTOR('',#6635,1.);
#6635 = DIRECTION('',(0.,-1.));
#6636 = ( GEOMETRIC_REPRESENTATION_CONTEXT(2) 
PARAMETRIC_REPRESENTATION_CONTEXT() REPRESENTATION_CONTEXT('2D SPACE',''
  ) );
#6637 = ORIENTED_EDGE('',*,*,#6638,.T.);
#6638 = EDGE_CURVE('',#6616,#6639,#6641,.T.);
#6639 = VERTEX_POINT('',#6640);
#6640 = CARTESIAN_POINT('',(6.482704101563,-41.76961931669,
    6.884514841419));
#6641 = SURFACE_CURVE('',#6642,(#6646,#6653),.PCURVE_S1.);
#6642 = B_SPLINE_CURVE_WITH_KNOTS('',2,(#6643,#6644,#6645),
  .UNSPECIFIED.,.F.,.F.,(3,3),(0.,1.),.PIECEWISE_BEZIER_KNOTS.);
#6643 = CARTESIAN_POINT('',(6.501598632813,-41.87735566184,
    6.588511665871));
#6644 = CARTESIAN_POINT('',(6.482704101563,-41.84287909618,
    6.683235251518));
#6645 = CARTESIAN_POINT('',(6.482704101563,-41.76961931669,
    6.884514841419));
#6646 = PCURVE('',#2373,#6647);
#6647 = DEFINITIONAL_REPRESENTATION('',(#6648),#6652);
#6648 = LINE('',#6649,#6650);
#6649 = CARTESIAN_POINT('',(0.,-0.5));
#6650 = VECTOR('',#6651,1.);
#6651 = DIRECTION('',(1.,0.));
#6652 = ( GEOMETRIC_REPRESENTATION_CONTEXT(2) 
PARAMETRIC_REPRESENTATION_CONTEXT() REPRESENTATION_CONTEXT('2D SPACE',''
  ) );
#6653 = PCURVE('',#6654,#6659);
#6654 = PLANE('',#6655);
#6655 = AXIS2_PLACEMENT_3D('',#6656,#6657,#6658);
#6656 = CARTESIAN_POINT('',(4.412098632813,-41.94917989194,
    6.391176215506));
#6657 = DIRECTION('',(0.,-0.939692620786,0.342020143326));
#6658 = DIRECTION('',(1.,0.,0.));
#6659 = DEFINITIONAL_REPRESENTATION('',(#6660),#6664);
#6660 = B_SPLINE_CURVE_WITH_KNOTS('',2,(#6661,#6662,#6663),
  .UNSPECIFIED.,.F.,.F.,(3,3),(0.,1.),.PIECEWISE_BEZIER_KNOTS.);
#6661 = CARTESIAN_POINT('',(2.0895,0.21));
#6662 = CARTESIAN_POINT('',(2.07060546875,0.310802734375));
#6663 = CARTESIAN_POINT('',(2.07060546875,0.525));
#6664 = ( GEOMETRIC_REPRESENTATION_CONTEXT(2) 
PARAMETRIC_REPRESENTATION_CONTEXT() REPRESENTATION_CONTEXT('2D SPACE',''
  ) );
#6665 = ORIENTED_EDGE('',*,*,#6666,.F.);
#6666 = EDGE_CURVE('',#2358,#6639,#6667,.T.);
#6667 = SURFACE_CURVE('',#6668,(#6672,#6679),.PCURVE_S1.);
#6668 = LINE('',#6669,#6670);
#6669 = CARTESIAN_POINT('',(6.482704101563,-42.23946562708,
    7.055524913082));
#6670 = VECTOR('',#6671,1.);
#6671 = DIRECTION('',(0.,0.939692620786,-0.342020143326));
#6672 = PCURVE('',#2373,#6673);
#6673 = DEFINITIONAL_REPRESENTATION('',(#6674),#6678);
#6674 = LINE('',#6675,#6676);
#6675 = CARTESIAN_POINT('',(1.,0.));
#6676 = VECTOR('',#6677,1.);
#6677 = DIRECTION('',(0.,-1.));
#6678 = ( GEOMETRIC_REPRESENTATION_CONTEXT(2) 
PARAMETRIC_REPRESENTATION_CONTEXT() REPRESENTATION_CONTEXT('2D SPACE',''
  ) );
#6679 = PCURVE('',#2403,#6680);
#6680 = DEFINITIONAL_REPRESENTATION('',(#6681),#6685);
#6681 = LINE('',#6682,#6683);
#6682 = CARTESIAN_POINT('',(0.,0.));
#6683 = VECTOR('',#6684,1.);
#6684 = DIRECTION('',(0.,-1.));
#6685 = ( GEOMETRIC_REPRESENTATION_CONTEXT(2) 
PARAMETRIC_REPRESENTATION_CONTEXT() REPRESENTATION_CONTEXT('2D SPACE',''
  ) );
#6686 = ORIENTED_EDGE('',*,*,#2355,.F.);
#6687 = ADVANCED_FACE('',(#6688),#3077,.T.);
#6688 = FACE_BOUND('',#6689,.T.);
#6689 = EDGE_LOOP('',(#6690,#6713,#6734,#6735));
#6690 = ORIENTED_EDGE('',*,*,#6691,.T.);
#6691 = EDGE_CURVE('',#3036,#6692,#6694,.T.);
#6692 = VERTEX_POINT('',#6693);
#6693 = CARTESIAN_POINT('',(6.579295898438,-41.94917989194,
    6.391176215506));
#6694 = SURFACE_CURVE('',#6695,(#6699,#6706),.PCURVE_S1.);
#6695 = LINE('',#6696,#6697);
#6696 = CARTESIAN_POINT('',(6.579295898438,-42.41902620233,
    6.562186287169));
#6697 = VECTOR('',#6698,1.);
#6698 = DIRECTION('',(0.,0.939692620786,-0.342020143326));
#6699 = PCURVE('',#3077,#6700);
#6700 = DEFINITIONAL_REPRESENTATION('',(#6701),#6705);
#6701 = LINE('',#6702,#6703);
#6702 = CARTESIAN_POINT('',(0.,0.));
#6703 = VECTOR('',#6704,1.);
#6704 = DIRECTION('',(0.,-1.));
#6705 = ( GEOMETRIC_REPRESENTATION_CONTEXT(2) 
PARAMETRIC_REPRESENTATION_CONTEXT() REPRESENTATION_CONTEXT('2D SPACE',''
  ) );
#6706 = PCURVE('',#3051,#6707);
#6707 = DEFINITIONAL_REPRESENTATION('',(#6708),#6712);
#6708 = LINE('',#6709,#6710);
#6709 = CARTESIAN_POINT('',(0.676197265625,0.));
#6710 = VECTOR('',#6711,1.);
#6711 = DIRECTION('',(0.,-1.));
#6712 = ( GEOMETRIC_REPRESENTATION_CONTEXT(2) 
PARAMETRIC_REPRESENTATION_CONTEXT() REPRESENTATION_CONTEXT('2D SPACE',''
  ) );
#6713 = ORIENTED_EDGE('',*,*,#6714,.T.);
#6714 = EDGE_CURVE('',#6692,#6616,#6715,.T.);
#6715 = SURFACE_CURVE('',#6716,(#6720,#6727),.PCURVE_S1.);
#6716 = B_SPLINE_CURVE_WITH_KNOTS('',2,(#6717,#6718,#6719),
  .UNSPECIFIED.,.F.,.F.,(3,3),(0.,1.),.PIECEWISE_BEZIER_KNOTS.);
#6717 = CARTESIAN_POINT('',(6.579295898438,-41.94917989194,
    6.391176215506));
#6718 = CARTESIAN_POINT('',(6.520493164063,-41.9118322275,6.493788080224
    ));
#6719 = CARTESIAN_POINT('',(6.501598632813,-41.87735566184,
    6.588511665871));
#6720 = PCURVE('',#3077,#6721);
#6721 = DEFINITIONAL_REPRESENTATION('',(#6722),#6726);
#6722 = LINE('',#6723,#6724);
#6723 = CARTESIAN_POINT('',(0.,-0.5));
#6724 = VECTOR('',#6725,1.);
#6725 = DIRECTION('',(1.,0.));
#6726 = ( GEOMETRIC_REPRESENTATION_CONTEXT(2) 
PARAMETRIC_REPRESENTATION_CONTEXT() REPRESENTATION_CONTEXT('2D SPACE',''
  ) );
#6727 = PCURVE('',#6654,#6728);
#6728 = DEFINITIONAL_REPRESENTATION('',(#6729),#6733);
#6729 = B_SPLINE_CURVE_WITH_KNOTS('',2,(#6730,#6731,#6732),
  .UNSPECIFIED.,.F.,.F.,(3,3),(0.,1.),.PIECEWISE_BEZIER_KNOTS.);
#6730 = CARTESIAN_POINT('',(2.167197265625,0.));
#6731 = CARTESIAN_POINT('',(2.10839453125,0.109197265625));
#6732 = CARTESIAN_POINT('',(2.0895,0.21));
#6733 = ( GEOMETRIC_REPRESENTATION_CONTEXT(2) 
PARAMETRIC_REPRESENTATION_CONTEXT() REPRESENTATION_CONTEXT('2D SPACE',''
  ) );
#6734 = ORIENTED_EDGE('',*,*,#6615,.F.);
#6735 = ORIENTED_EDGE('',*,*,#3063,.F.);
#6736 = ADVANCED_FACE('',(#6737),#3051,.T.);
#6737 = FACE_BOUND('',#6738,.T.);
#6738 = EDGE_LOOP('',(#6739,#6762,#6783,#6784));
#6739 = ORIENTED_EDGE('',*,*,#6740,.T.);
#6740 = EDGE_CURVE('',#3008,#6741,#6743,.T.);
#6741 = VERTEX_POINT('',#6742);
#6742 = CARTESIAN_POINT('',(7.255493164062,-41.94917989194,
    6.391176215506));
#6743 = SURFACE_CURVE('',#6744,(#6748,#6755),.PCURVE_S1.);
#6744 = LINE('',#6745,#6746);
#6745 = CARTESIAN_POINT('',(7.255493164062,-42.41902620233,
    6.562186287169));
#6746 = VECTOR('',#6747,1.);
#6747 = DIRECTION('',(0.,0.939692620786,-0.342020143326));
#6748 = PCURVE('',#3051,#6749);
#6749 = DEFINITIONAL_REPRESENTATION('',(#6750),#6754);
#6750 = LINE('',#6751,#6752);
#6751 = CARTESIAN_POINT('',(0.,0.));
#6752 = VECTOR('',#6753,1.);
#6753 = DIRECTION('',(0.,-1.));
#6754 = ( GEOMETRIC_REPRESENTATION_CONTEXT(2) 
PARAMETRIC_REPRESENTATION_CONTEXT() REPRESENTATION_CONTEXT('2D SPACE',''
  ) );
#6755 = PCURVE('',#3023,#6756);
#6756 = DEFINITIONAL_REPRESENTATION('',(#6757),#6761);
#6757 = LINE('',#6758,#6759);
#6758 = CARTESIAN_POINT('',(0.11339453125,4.940492459582E-15));
#6759 = VECTOR('',#6760,1.);
#6760 = DIRECTION('',(0.,-1.));
#6761 = ( GEOMETRIC_REPRESENTATION_CONTEXT(2) 
PARAMETRIC_REPRESENTATION_CONTEXT() REPRESENTATION_CONTEXT('2D SPACE',''
  ) );
#6762 = ORIENTED_EDGE('',*,*,#6763,.T.);
#6763 = EDGE_CURVE('',#6741,#6692,#6764,.T.);
#6764 = SURFACE_CURVE('',#6765,(#6769,#6776),.PCURVE_S1.);
#6765 = LINE('',#6766,#6767);
#6766 = CARTESIAN_POINT('',(7.255493164062,-41.94917989194,
    6.391176215506));
#6767 = VECTOR('',#6768,1.);
#6768 = DIRECTION('',(-1.,0.,0.));
#6769 = PCURVE('',#3051,#6770);
#6770 = DEFINITIONAL_REPRESENTATION('',(#6771),#6775);
#6771 = LINE('',#6772,#6773);
#6772 = CARTESIAN_POINT('',(0.,-0.5));
#6773 = VECTOR('',#6774,1.);
#6774 = DIRECTION('',(1.,0.));
#6775 = ( GEOMETRIC_REPRESENTATION_CONTEXT(2) 
PARAMETRIC_REPRESENTATION_CONTEXT() REPRESENTATION_CONTEXT('2D SPACE',''
  ) );
#6776 = PCURVE('',#6654,#6777);
#6777 = DEFINITIONAL_REPRESENTATION('',(#6778),#6782);
#6778 = LINE('',#6779,#6780);
#6779 = CARTESIAN_POINT('',(2.84339453125,0.));
#6780 = VECTOR('',#6781,1.);
#6781 = DIRECTION('',(-1.,0.));
#6782 = ( GEOMETRIC_REPRESENTATION_CONTEXT(2) 
PARAMETRIC_REPRESENTATION_CONTEXT() REPRESENTATION_CONTEXT('2D SPACE',''
  ) );
#6783 = ORIENTED_EDGE('',*,*,#6691,.F.);
#6784 = ORIENTED_EDGE('',*,*,#3035,.F.);
#6785 = ADVANCED_FACE('',(#6786),#3023,.T.);
#6786 = FACE_BOUND('',#6787,.T.);
#6787 = EDGE_LOOP('',(#6788,#6811,#6832,#6833));
#6788 = ORIENTED_EDGE('',*,*,#6789,.T.);
#6789 = EDGE_CURVE('',#2978,#6790,#6792,.T.);
#6790 = VERTEX_POINT('',#6791);
#6791 = CARTESIAN_POINT('',(7.255493164062,-41.9103966781,6.497732219759
    ));
#6792 = SURFACE_CURVE('',#6793,(#6797,#6804),.PCURVE_S1.);
#6793 = LINE('',#6794,#6795);
#6794 = CARTESIAN_POINT('',(7.255493164062,-42.3802429885,6.668742291422
    ));
#6795 = VECTOR('',#6796,1.);
#6796 = DIRECTION('',(0.,0.939692620786,-0.342020143326));
#6797 = PCURVE('',#3023,#6798);
#6798 = DEFINITIONAL_REPRESENTATION('',(#6799),#6803);
#6799 = LINE('',#6800,#6801);
#6800 = CARTESIAN_POINT('',(0.,0.));
#6801 = VECTOR('',#6802,1.);
#6802 = DIRECTION('',(0.,-1.));
#6803 = ( GEOMETRIC_REPRESENTATION_CONTEXT(2) 
PARAMETRIC_REPRESENTATION_CONTEXT() REPRESENTATION_CONTEXT('2D SPACE',''
  ) );
#6804 = PCURVE('',#2993,#6805);
#6805 = DEFINITIONAL_REPRESENTATION('',(#6806),#6810);
#6806 = LINE('',#6807,#6808);
#6807 = CARTESIAN_POINT('',(1.,0.));
#6808 = VECTOR('',#6809,1.);
#6809 = DIRECTION('',(0.,-1.));
#6810 = ( GEOMETRIC_REPRESENTATION_CONTEXT(2) 
PARAMETRIC_REPRESENTATION_CONTEXT() REPRESENTATION_CONTEXT('2D SPACE',''
  ) );
#6811 = ORIENTED_EDGE('',*,*,#6812,.T.);
#6812 = EDGE_CURVE('',#6790,#6741,#6813,.T.);
#6813 = SURFACE_CURVE('',#6814,(#6818,#6825),.PCURVE_S1.);
#6814 = LINE('',#6815,#6816);
#6815 = CARTESIAN_POINT('',(7.255493164062,-41.9103966781,6.497732219759
    ));
#6816 = VECTOR('',#6817,1.);
#6817 = DIRECTION('',(0.,-0.342020143326,-0.939692620786));
#6818 = PCURVE('',#3023,#6819);
#6819 = DEFINITIONAL_REPRESENTATION('',(#6820),#6824);
#6820 = LINE('',#6821,#6822);
#6821 = CARTESIAN_POINT('',(-1.720845688169E-15,-0.5));
#6822 = VECTOR('',#6823,1.);
#6823 = DIRECTION('',(1.,0.));
#6824 = ( GEOMETRIC_REPRESENTATION_CONTEXT(2) 
PARAMETRIC_REPRESENTATION_CONTEXT() REPRESENTATION_CONTEXT('2D SPACE',''
  ) );
#6825 = PCURVE('',#6654,#6826);
#6826 = DEFINITIONAL_REPRESENTATION('',(#6827),#6831);
#6827 = LINE('',#6828,#6829);
#6828 = CARTESIAN_POINT('',(2.84339453125,0.11339453125));
#6829 = VECTOR('',#6830,1.);
#6830 = DIRECTION('',(0.,-1.));
#6831 = ( GEOMETRIC_REPRESENTATION_CONTEXT(2) 
PARAMETRIC_REPRESENTATION_CONTEXT() REPRESENTATION_CONTEXT('2D SPACE',''
  ) );
#6832 = ORIENTED_EDGE('',*,*,#6740,.F.);
#6833 = ORIENTED_EDGE('',*,*,#3007,.F.);
#6834 = ADVANCED_FACE('',(#6835),#2993,.T.);
#6835 = FACE_BOUND('',#6836,.T.);
#6836 = EDGE_LOOP('',(#6837,#6860,#6881,#6882));
#6837 = ORIENTED_EDGE('',*,*,#6838,.T.);
#6838 = EDGE_CURVE('',#2948,#6839,#6841,.T.);
#6839 = VERTEX_POINT('',#6840);
#6840 = CARTESIAN_POINT('',(7.121098632813,-41.82420760199,
    6.734534760197));
#6841 = SURFACE_CURVE('',#6842,(#6846,#6853),.PCURVE_S1.);
#6842 = LINE('',#6843,#6844);
#6843 = CARTESIAN_POINT('',(7.121098632813,-42.29405391238,6.90554483186
    ));
#6844 = VECTOR('',#6845,1.);
#6845 = DIRECTION('',(0.,0.939692620786,-0.342020143326));
#6846 = PCURVE('',#2993,#6847);
#6847 = DEFINITIONAL_REPRESENTATION('',(#6848),#6852);
#6848 = LINE('',#6849,#6850);
#6849 = CARTESIAN_POINT('',(0.,0.));
#6850 = VECTOR('',#6851,1.);
#6851 = DIRECTION('',(0.,-1.));
#6852 = ( GEOMETRIC_REPRESENTATION_CONTEXT(2) 
PARAMETRIC_REPRESENTATION_CONTEXT() REPRESENTATION_CONTEXT('2D SPACE',''
  ) );
#6853 = PCURVE('',#2963,#6854);
#6854 = DEFINITIONAL_REPRESENTATION('',(#6855),#6859);
#6855 = LINE('',#6856,#6857);
#6856 = CARTESIAN_POINT('',(1.,0.));
#6857 = VECTOR('',#6858,1.);
#6858 = DIRECTION('',(0.,-1.));
#6859 = ( GEOMETRIC_REPRESENTATION_CONTEXT(2) 
PARAMETRIC_REPRESENTATION_CONTEXT() REPRESENTATION_CONTEXT('2D SPACE',''
  ) );
#6860 = ORIENTED_EDGE('',*,*,#6861,.T.);
#6861 = EDGE_CURVE('',#6839,#6790,#6862,.T.);
#6862 = SURFACE_CURVE('',#6863,(#6867,#6874),.PCURVE_S1.);
#6863 = B_SPLINE_CURVE_WITH_KNOTS('',2,(#6864,#6865,#6866),
  .UNSPECIFIED.,.F.,.F.,(3,3),(0.,1.),.PIECEWISE_BEZIER_KNOTS.);
#6864 = CARTESIAN_POINT('',(7.121098632813,-41.82420760199,
    6.734534760197));
#6865 = CARTESIAN_POINT('',(7.121098632813,-41.88453808485,
    6.568778120835));
#6866 = CARTESIAN_POINT('',(7.255493164062,-41.9103966781,6.497732219759
    ));
#6867 = PCURVE('',#2993,#6868);
#6868 = DEFINITIONAL_REPRESENTATION('',(#6869),#6873);
#6869 = LINE('',#6870,#6871);
#6870 = CARTESIAN_POINT('',(0.,-0.5));
#6871 = VECTOR('',#6872,1.);
#6872 = DIRECTION('',(1.,0.));
#6873 = ( GEOMETRIC_REPRESENTATION_CONTEXT(2) 
PARAMETRIC_REPRESENTATION_CONTEXT() REPRESENTATION_CONTEXT('2D SPACE',''
  ) );
#6874 = PCURVE('',#6654,#6875);
#6875 = DEFINITIONAL_REPRESENTATION('',(#6876),#6880);
#6876 = B_SPLINE_CURVE_WITH_KNOTS('',2,(#6877,#6878,#6879),
  .UNSPECIFIED.,.F.,.F.,(3,3),(0.,1.),.PIECEWISE_BEZIER_KNOTS.);
#6877 = CARTESIAN_POINT('',(2.709,0.36539453125));
#6878 = CARTESIAN_POINT('',(2.709,0.189));
#6879 = CARTESIAN_POINT('',(2.84339453125,0.11339453125));
#6880 = ( GEOMETRIC_REPRESENTATION_CONTEXT(2) 
PARAMETRIC_REPRESENTATION_CONTEXT() REPRESENTATION_CONTEXT('2D SPACE',''
  ) );
#6881 = ORIENTED_EDGE('',*,*,#6789,.F.);
#6882 = ORIENTED_EDGE('',*,*,#2977,.F.);
#6883 = ADVANCED_FACE('',(#6884),#2963,.T.);
#6884 = FACE_BOUND('',#6885,.T.);
#6885 = EDGE_LOOP('',(#6886,#6909,#6930,#6931));
#6886 = ORIENTED_EDGE('',*,*,#6887,.T.);
#6887 = EDGE_CURVE('',#2918,#6888,#6890,.T.);
#6888 = VERTEX_POINT('',#6889);
#6889 = CARTESIAN_POINT('',(7.112697265625,-41.69204821297,
    7.097639697285));
#6890 = SURFACE_CURVE('',#6891,(#6895,#6902),.PCURVE_S1.);
#6891 = LINE('',#6892,#6893);
#6892 = CARTESIAN_POINT('',(7.112697265625,-42.16189452336,
    7.268649768948));
#6893 = VECTOR('',#6894,1.);
#6894 = DIRECTION('',(0.,0.939692620786,-0.342020143326));
#6895 = PCURVE('',#2963,#6896);
#6896 = DEFINITIONAL_REPRESENTATION('',(#6897),#6901);
#6897 = LINE('',#6898,#6899);
#6898 = CARTESIAN_POINT('',(0.,0.));
#6899 = VECTOR('',#6900,1.);
#6900 = DIRECTION('',(0.,-1.));
#6901 = ( GEOMETRIC_REPRESENTATION_CONTEXT(2) 
PARAMETRIC_REPRESENTATION_CONTEXT() REPRESENTATION_CONTEXT('2D SPACE',''
  ) );
#6902 = PCURVE('',#2933,#6903);
#6903 = DEFINITIONAL_REPRESENTATION('',(#6904),#6908);
#6904 = LINE('',#6905,#6906);
#6905 = CARTESIAN_POINT('',(1.,0.));
#6906 = VECTOR('',#6907,1.);
#6907 = DIRECTION('',(0.,-1.));
#6908 = ( GEOMETRIC_REPRESENTATION_CONTEXT(2) 
PARAMETRIC_REPRESENTATION_CONTEXT() REPRESENTATION_CONTEXT('2D SPACE',''
  ) );
#6909 = ORIENTED_EDGE('',*,*,#6910,.T.);
#6910 = EDGE_CURVE('',#6888,#6839,#6911,.T.);
#6911 = SURFACE_CURVE('',#6912,(#6916,#6923),.PCURVE_S1.);
#6912 = B_SPLINE_CURVE_WITH_KNOTS('',2,(#6913,#6914,#6915),
  .UNSPECIFIED.,.F.,.F.,(3,3),(0.,1.),.PIECEWISE_BEZIER_KNOTS.);
#6913 = CARTESIAN_POINT('',(7.112697265625,-41.69204821297,
    7.097639697285));
#6914 = CARTESIAN_POINT('',(7.116901367188,-41.73657830042,
    6.975294287531));
#6915 = CARTESIAN_POINT('',(7.121098632813,-41.82420760199,
    6.734534760197));
#6916 = PCURVE('',#2963,#6917);
#6917 = DEFINITIONAL_REPRESENTATION('',(#6918),#6922);
#6918 = LINE('',#6919,#6920);
#6919 = CARTESIAN_POINT('',(0.,-0.5));
#6920 = VECTOR('',#6921,1.);
#6921 = DIRECTION('',(1.,0.));
#6922 = ( GEOMETRIC_REPRESENTATION_CONTEXT(2) 
PARAMETRIC_REPRESENTATION_CONTEXT() REPRESENTATION_CONTEXT('2D SPACE',''
  ) );
#6923 = PCURVE('',#6654,#6924);
#6924 = DEFINITIONAL_REPRESENTATION('',(#6925),#6929);
#6925 = B_SPLINE_CURVE_WITH_KNOTS('',2,(#6926,#6927,#6928),
  .UNSPECIFIED.,.F.,.F.,(3,3),(0.,1.),.PIECEWISE_BEZIER_KNOTS.);
#6926 = CARTESIAN_POINT('',(2.700598632813,0.751802734375));
#6927 = CARTESIAN_POINT('',(2.704802734375,0.62160546875));
#6928 = CARTESIAN_POINT('',(2.709,0.36539453125));
#6929 = ( GEOMETRIC_REPRESENTATION_CONTEXT(2) 
PARAMETRIC_REPRESENTATION_CONTEXT() REPRESENTATION_CONTEXT('2D SPACE',''
  ) );
#6930 = ORIENTED_EDGE('',*,*,#6838,.F.);
#6931 = ORIENTED_EDGE('',*,*,#2947,.F.);
#6932 = ADVANCED_FACE('',(#6933),#2933,.T.);
#6933 = FACE_BOUND('',#6934,.T.);
#6934 = EDGE_LOOP('',(#6935,#6958,#6979,#6980));
#6935 = ORIENTED_EDGE('',*,*,#6936,.T.);
#6936 = EDGE_CURVE('',#2888,#6937,#6939,.T.);
#6937 = VERTEX_POINT('',#6938);
#6938 = CARTESIAN_POINT('',(7.089598632813,-41.60155015065,
    7.346281080009));
#6939 = SURFACE_CURVE('',#6940,(#6944,#6951),.PCURVE_S1.);
#6940 = LINE('',#6941,#6942);
#6941 = CARTESIAN_POINT('',(7.089598632813,-42.07139646105,
    7.517291151672));
#6942 = VECTOR('',#6943,1.);
#6943 = DIRECTION('',(0.,0.939692620786,-0.342020143326));
#6944 = PCURVE('',#2933,#6945);
#6945 = DEFINITIONAL_REPRESENTATION('',(#6946),#6950);
#6946 = LINE('',#6947,#6948);
#6947 = CARTESIAN_POINT('',(0.,0.));
#6948 = VECTOR('',#6949,1.);
#6949 = DIRECTION('',(0.,-1.));
#6950 = ( GEOMETRIC_REPRESENTATION_CONTEXT(2) 
PARAMETRIC_REPRESENTATION_CONTEXT() REPRESENTATION_CONTEXT('2D SPACE',''
  ) );
#6951 = PCURVE('',#2903,#6952);
#6952 = DEFINITIONAL_REPRESENTATION('',(#6953),#6957);
#6953 = LINE('',#6954,#6955);
#6954 = CARTESIAN_POINT('',(1.,0.));
#6955 = VECTOR('',#6956,1.);
#6956 = DIRECTION('',(0.,-1.));
#6957 = ( GEOMETRIC_REPRESENTATION_CONTEXT(2) 
PARAMETRIC_REPRESENTATION_CONTEXT() REPRESENTATION_CONTEXT('2D SPACE',''
  ) );
#6958 = ORIENTED_EDGE('',*,*,#6959,.T.);
#6959 = EDGE_CURVE('',#6937,#6888,#6960,.T.);
#6960 = SURFACE_CURVE('',#6961,(#6965,#6972),.PCURVE_S1.);
#6961 = B_SPLINE_CURVE_WITH_KNOTS('',2,(#6962,#6963,#6964),
  .UNSPECIFIED.,.F.,.F.,(3,3),(0.,1.),.PIECEWISE_BEZIER_KNOTS.);
#6962 = CARTESIAN_POINT('',(7.089598632813,-41.60155015065,
    7.346281080009));
#6963 = CARTESIAN_POINT('',(7.108493164063,-41.64751812552,
    7.219985107039));
#6964 = CARTESIAN_POINT('',(7.112697265625,-41.69204821297,
    7.097639697285));
#6965 = PCURVE('',#2933,#6966);
#6966 = DEFINITIONAL_REPRESENTATION('',(#6967),#6971);
#6967 = LINE('',#6968,#6969);
#6968 = CARTESIAN_POINT('',(0.,-0.5));
#6969 = VECTOR('',#6970,1.);
#6970 = DIRECTION('',(1.,0.));
#6971 = ( GEOMETRIC_REPRESENTATION_CONTEXT(2) 
PARAMETRIC_REPRESENTATION_CONTEXT() REPRESENTATION_CONTEXT('2D SPACE',''
  ) );
#6972 = PCURVE('',#6654,#6973);
#6973 = DEFINITIONAL_REPRESENTATION('',(#6974),#6978);
#6974 = B_SPLINE_CURVE_WITH_KNOTS('',2,(#6975,#6976,#6977),
  .UNSPECIFIED.,.F.,.F.,(3,3),(0.,1.),.PIECEWISE_BEZIER_KNOTS.);
#6975 = CARTESIAN_POINT('',(2.6775,1.016401367187));
#6976 = CARTESIAN_POINT('',(2.69639453125,0.882));
#6977 = CARTESIAN_POINT('',(2.700598632813,0.751802734375));
#6978 = ( GEOMETRIC_REPRESENTATION_CONTEXT(2) 
PARAMETRIC_REPRESENTATION_CONTEXT() REPRESENTATION_CONTEXT('2D SPACE',''
  ) );
#6979 = ORIENTED_EDGE('',*,*,#6887,.F.);
#6980 = ORIENTED_EDGE('',*,*,#2917,.F.);
#6981 = ADVANCED_FACE('',(#6982),#2903,.T.);
#6982 = FACE_BOUND('',#6983,.T.);
#6983 = EDGE_LOOP('',(#6984,#7007,#7028,#7029));
#6984 = ORIENTED_EDGE('',*,*,#6985,.T.);
#6985 = EDGE_CURVE('',#2858,#6986,#6988,.T.);
#6986 = VERTEX_POINT('',#6987);
#6987 = CARTESIAN_POINT('',(7.051802734375,-41.53834389296,
    7.519938845802));
#6988 = SURFACE_CURVE('',#6989,(#6993,#7000),.PCURVE_S1.);
#6989 = LINE('',#6990,#6991);
#6990 = CARTESIAN_POINT('',(7.051802734375,-42.00819020335,
    7.690948917465));
#6991 = VECTOR('',#6992,1.);
#6992 = DIRECTION('',(0.,0.939692620786,-0.342020143326));
#6993 = PCURVE('',#2903,#6994);
#6994 = DEFINITIONAL_REPRESENTATION('',(#6995),#6999);
#6995 = LINE('',#6996,#6997);
#6996 = CARTESIAN_POINT('',(0.,0.));
#6997 = VECTOR('',#6998,1.);
#6998 = DIRECTION('',(0.,-1.));
#6999 = ( GEOMETRIC_REPRESENTATION_CONTEXT(2) 
PARAMETRIC_REPRESENTATION_CONTEXT() REPRESENTATION_CONTEXT('2D SPACE',''
  ) );
#7000 = PCURVE('',#2873,#7001);
#7001 = DEFINITIONAL_REPRESENTATION('',(#7002),#7006);
#7002 = LINE('',#7003,#7004);
#7003 = CARTESIAN_POINT('',(1.,0.));
#7004 = VECTOR('',#7005,1.);
#7005 = DIRECTION('',(0.,-1.));
#7006 = ( GEOMETRIC_REPRESENTATION_CONTEXT(2) 
PARAMETRIC_REPRESENTATION_CONTEXT() REPRESENTATION_CONTEXT('2D SPACE',''
  ) );
#7007 = ORIENTED_EDGE('',*,*,#7008,.T.);
#7008 = EDGE_CURVE('',#6986,#6937,#7009,.T.);
#7009 = SURFACE_CURVE('',#7010,(#7014,#7021),.PCURVE_S1.);
#7010 = B_SPLINE_CURVE_WITH_KNOTS('',2,(#7011,#7012,#7013),
  .UNSPECIFIED.,.F.,.F.,(3,3),(0.,1.),.PIECEWISE_BEZIER_KNOTS.);
#7011 = CARTESIAN_POINT('',(7.051802734375,-41.53834389296,
    7.519938845802));
#7012 = CARTESIAN_POINT('',(7.070704101563,-41.55558217578,
    7.472577052979));
#7013 = CARTESIAN_POINT('',(7.089598632813,-41.60155015065,
    7.346281080009));
#7014 = PCURVE('',#2903,#7015);
#7015 = DEFINITIONAL_REPRESENTATION('',(#7016),#7020);
#7016 = LINE('',#7017,#7018);
#7017 = CARTESIAN_POINT('',(0.,-0.5));
#7018 = VECTOR('',#7019,1.);
#7019 = DIRECTION('',(1.,0.));
#7020 = ( GEOMETRIC_REPRESENTATION_CONTEXT(2) 
PARAMETRIC_REPRESENTATION_CONTEXT() REPRESENTATION_CONTEXT('2D SPACE',''
  ) );
#7021 = PCURVE('',#6654,#7022);
#7022 = DEFINITIONAL_REPRESENTATION('',(#7023),#7027);
#7023 = B_SPLINE_CURVE_WITH_KNOTS('',2,(#7024,#7025,#7026),
  .UNSPECIFIED.,.F.,.F.,(3,3),(0.,1.),.PIECEWISE_BEZIER_KNOTS.);
#7024 = CARTESIAN_POINT('',(2.639704101563,1.201204101562));
#7025 = CARTESIAN_POINT('',(2.65860546875,1.150802734375));
#7026 = CARTESIAN_POINT('',(2.6775,1.016401367187));
#7027 = ( GEOMETRIC_REPRESENTATION_CONTEXT(2) 
PARAMETRIC_REPRESENTATION_CONTEXT() REPRESENTATION_CONTEXT('2D SPACE',''
  ) );
#7028 = ORIENTED_EDGE('',*,*,#6936,.F.);
#7029 = ORIENTED_EDGE('',*,*,#2887,.F.);
#7030 = ADVANCED_FACE('',(#7031),#2873,.T.);
#7031 = FACE_BOUND('',#7032,.T.);
#7032 = EDGE_LOOP('',(#7033,#7056,#7077,#7078));
#7033 = ORIENTED_EDGE('',*,*,#7034,.T.);
#7034 = EDGE_CURVE('',#2828,#7035,#7037,.T.);
#7035 = VERTEX_POINT('',#7036);
#7036 = CARTESIAN_POINT('',(6.976197265625,-41.4995583411,7.626501273735
    ));
#7037 = SURFACE_CURVE('',#7038,(#7042,#7049),.PCURVE_S1.);
#7038 = LINE('',#7039,#7040);
#7039 = CARTESIAN_POINT('',(6.976197265625,-41.96940465149,
    7.797511345398));
#7040 = VECTOR('',#7041,1.);
#7041 = DIRECTION('',(0.,0.939692620786,-0.342020143326));
#7042 = PCURVE('',#2873,#7043);
#7043 = DEFINITIONAL_REPRESENTATION('',(#7044),#7048);
#7044 = LINE('',#7045,#7046);
#7045 = CARTESIAN_POINT('',(0.,0.));
#7046 = VECTOR('',#7047,1.);
#7047 = DIRECTION('',(0.,-1.));
#7048 = ( GEOMETRIC_REPRESENTATION_CONTEXT(2) 
PARAMETRIC_REPRESENTATION_CONTEXT() REPRESENTATION_CONTEXT('2D SPACE',''
  ) );
#7049 = PCURVE('',#2843,#7050);
#7050 = DEFINITIONAL_REPRESENTATION('',(#7051),#7055);
#7051 = LINE('',#7052,#7053);
#7052 = CARTESIAN_POINT('',(1.,0.));
#7053 = VECTOR('',#7054,1.);
#7054 = DIRECTION('',(0.,-1.));
#7055 = ( GEOMETRIC_REPRESENTATION_CONTEXT(2) 
PARAMETRIC_REPRESENTATION_CONTEXT() REPRESENTATION_CONTEXT('2D SPACE',''
  ) );
#7056 = ORIENTED_EDGE('',*,*,#7057,.T.);
#7057 = EDGE_CURVE('',#7035,#6986,#7058,.T.);
#7058 = SURFACE_CURVE('',#7059,(#7063,#7070),.PCURVE_S1.);
#7059 = B_SPLINE_CURVE_WITH_KNOTS('',2,(#7060,#7061,#7062),
  .UNSPECIFIED.,.F.,.F.,(3,3),(0.,1.),.PIECEWISE_BEZIER_KNOTS.);
#7060 = CARTESIAN_POINT('',(6.976197265625,-41.4995583411,7.626501273735
    ));
#7061 = CARTESIAN_POINT('',(7.032901367188,-41.52110561013,
    7.567300638626));
#7062 = CARTESIAN_POINT('',(7.051802734375,-41.53834389296,
    7.519938845802));
#7063 = PCURVE('',#2873,#7064);
#7064 = DEFINITIONAL_REPRESENTATION('',(#7065),#7069);
#7065 = LINE('',#7066,#7067);
#7066 = CARTESIAN_POINT('',(0.,-0.5));
#7067 = VECTOR('',#7068,1.);
#7068 = DIRECTION('',(1.,0.));
#7069 = ( GEOMETRIC_REPRESENTATION_CONTEXT(2) 
PARAMETRIC_REPRESENTATION_CONTEXT() REPRESENTATION_CONTEXT('2D SPACE',''
  ) );
#7070 = PCURVE('',#6654,#7071);
#7071 = DEFINITIONAL_REPRESENTATION('',(#7072),#7076);
#7072 = B_SPLINE_CURVE_WITH_KNOTS('',2,(#7073,#7074,#7075),
  .UNSPECIFIED.,.F.,.F.,(3,3),(0.,1.),.PIECEWISE_BEZIER_KNOTS.);
#7073 = CARTESIAN_POINT('',(2.564098632813,1.31460546875));
#7074 = CARTESIAN_POINT('',(2.620802734375,1.25160546875));
#7075 = CARTESIAN_POINT('',(2.639704101563,1.201204101562));
#7076 = ( GEOMETRIC_REPRESENTATION_CONTEXT(2) 
PARAMETRIC_REPRESENTATION_CONTEXT() REPRESENTATION_CONTEXT('2D SPACE',''
  ) );
#7077 = ORIENTED_EDGE('',*,*,#6985,.F.);
#7078 = ORIENTED_EDGE('',*,*,#2857,.F.);
#7079 = ADVANCED_FACE('',(#7080),#2843,.T.);
#7080 = FACE_BOUND('',#7081,.T.);
#7081 = EDGE_LOOP('',(#7082,#7105,#7126,#7127));
#7082 = ORIENTED_EDGE('',*,*,#7083,.T.);
#7083 = EDGE_CURVE('',#2798,#7084,#7086,.T.);
#7084 = VERTEX_POINT('',#7085);
#7085 = CARTESIAN_POINT('',(6.86489453125,-41.46867532497,7.711351663184
    ));
#7086 = SURFACE_CURVE('',#7087,(#7091,#7098),.PCURVE_S1.);
#7087 = LINE('',#7088,#7089);
#7088 = CARTESIAN_POINT('',(6.86489453125,-41.93852163536,7.882361734847
    ));
#7089 = VECTOR('',#7090,1.);
#7090 = DIRECTION('',(0.,0.939692620786,-0.342020143326));
#7091 = PCURVE('',#2843,#7092);
#7092 = DEFINITIONAL_REPRESENTATION('',(#7093),#7097);
#7093 = LINE('',#7094,#7095);
#7094 = CARTESIAN_POINT('',(0.,0.));
#7095 = VECTOR('',#7096,1.);
#7096 = DIRECTION('',(0.,-1.));
#7097 = ( GEOMETRIC_REPRESENTATION_CONTEXT(2) 
PARAMETRIC_REPRESENTATION_CONTEXT() REPRESENTATION_CONTEXT('2D SPACE',''
  ) );
#7098 = PCURVE('',#2813,#7099);
#7099 = DEFINITIONAL_REPRESENTATION('',(#7100),#7104);
#7100 = LINE('',#7101,#7102);
#7101 = CARTESIAN_POINT('',(1.,0.));
#7102 = VECTOR('',#7103,1.);
#7103 = DIRECTION('',(0.,-1.));
#7104 = ( GEOMETRIC_REPRESENTATION_CONTEXT(2) 
PARAMETRIC_REPRESENTATION_CONTEXT() REPRESENTATION_CONTEXT('2D SPACE',''
  ) );
#7105 = ORIENTED_EDGE('',*,*,#7106,.T.);
#7106 = EDGE_CURVE('',#7084,#7035,#7107,.T.);
#7107 = SURFACE_CURVE('',#7108,(#7112,#7119),.PCURVE_S1.);
#7108 = B_SPLINE_CURVE_WITH_KNOTS('',2,(#7109,#7110,#7111),
  .UNSPECIFIED.,.F.,.F.,(3,3),(0.,1.),.PIECEWISE_BEZIER_KNOTS.);
#7109 = CARTESIAN_POINT('',(6.86489453125,-41.46867532497,7.711351663184
    ));
#7110 = CARTESIAN_POINT('',(6.919493164063,-41.47801107207,
    7.685701908845));
#7111 = CARTESIAN_POINT('',(6.976197265625,-41.4995583411,7.626501273735
    ));
#7112 = PCURVE('',#2843,#7113);
#7113 = DEFINITIONAL_REPRESENTATION('',(#7114),#7118);
#7114 = LINE('',#7115,#7116);
#7115 = CARTESIAN_POINT('',(0.,-0.5));
#7116 = VECTOR('',#7117,1.);
#7117 = DIRECTION('',(1.,0.));
#7118 = ( GEOMETRIC_REPRESENTATION_CONTEXT(2) 
PARAMETRIC_REPRESENTATION_CONTEXT() REPRESENTATION_CONTEXT('2D SPACE',''
  ) );
#7119 = PCURVE('',#6654,#7120);
#7120 = DEFINITIONAL_REPRESENTATION('',(#7121),#7125);
#7121 = B_SPLINE_CURVE_WITH_KNOTS('',2,(#7122,#7123,#7124),
  .UNSPECIFIED.,.F.,.F.,(3,3),(0.,1.),.PIECEWISE_BEZIER_KNOTS.);
#7122 = CARTESIAN_POINT('',(2.452795898438,1.404901367187));
#7123 = CARTESIAN_POINT('',(2.50739453125,1.37760546875));
#7124 = CARTESIAN_POINT('',(2.564098632813,1.31460546875));
#7125 = ( GEOMETRIC_REPRESENTATION_CONTEXT(2) 
PARAMETRIC_REPRESENTATION_CONTEXT() REPRESENTATION_CONTEXT('2D SPACE',''
  ) );
#7126 = ORIENTED_EDGE('',*,*,#7034,.F.);
#7127 = ORIENTED_EDGE('',*,*,#2827,.F.);
#7128 = ADVANCED_FACE('',(#7129),#2813,.T.);
#7129 = FACE_BOUND('',#7130,.T.);
#7130 = EDGE_LOOP('',(#7131,#7154,#7175,#7176));
#7131 = ORIENTED_EDGE('',*,*,#7132,.T.);
#7132 = EDGE_CURVE('',#2768,#7133,#7135,.T.);
#7133 = VERTEX_POINT('',#7134);
#7134 = CARTESIAN_POINT('',(6.696901367188,-41.44353918247,
    7.780412647132));
#7135 = SURFACE_CURVE('',#7136,(#7140,#7147),.PCURVE_S1.);
#7136 = LINE('',#7137,#7138);
#7137 = CARTESIAN_POINT('',(6.696901367188,-41.91338549286,
    7.951422718795));
#7138 = VECTOR('',#7139,1.);
#7139 = DIRECTION('',(0.,0.939692620786,-0.342020143326));
#7140 = PCURVE('',#2813,#7141);
#7141 = DEFINITIONAL_REPRESENTATION('',(#7142),#7146);
#7142 = LINE('',#7143,#7144);
#7143 = CARTESIAN_POINT('',(0.,0.));
#7144 = VECTOR('',#7145,1.);
#7145 = DIRECTION('',(0.,-1.));
#7146 = ( GEOMETRIC_REPRESENTATION_CONTEXT(2) 
PARAMETRIC_REPRESENTATION_CONTEXT() REPRESENTATION_CONTEXT('2D SPACE',''
  ) );
#7147 = PCURVE('',#2783,#7148);
#7148 = DEFINITIONAL_REPRESENTATION('',(#7149),#7153);
#7149 = LINE('',#7150,#7151);
#7150 = CARTESIAN_POINT('',(1.,0.));
#7151 = VECTOR('',#7152,1.);
#7152 = DIRECTION('',(0.,-1.));
#7153 = ( GEOMETRIC_REPRESENTATION_CONTEXT(2) 
PARAMETRIC_REPRESENTATION_CONTEXT() REPRESENTATION_CONTEXT('2D SPACE',''
  ) );
#7154 = ORIENTED_EDGE('',*,*,#7155,.T.);
#7155 = EDGE_CURVE('',#7133,#7084,#7156,.T.);
#7156 = SURFACE_CURVE('',#7157,(#7161,#7168),.PCURVE_S1.);
#7157 = B_SPLINE_CURVE_WITH_KNOTS('',2,(#7158,#7159,#7160),
  .UNSPECIFIED.,.F.,.F.,(3,3),(0.,1.),.PIECEWISE_BEZIER_KNOTS.);
#7158 = CARTESIAN_POINT('',(6.696901367188,-41.44353918247,
    7.780412647132));
#7159 = CARTESIAN_POINT('',(6.810295898438,-41.45933957788,
    7.737001417524));
#7160 = CARTESIAN_POINT('',(6.86489453125,-41.46867532497,7.711351663184
    ));
#7161 = PCURVE('',#2813,#7162);
#7162 = DEFINITIONAL_REPRESENTATION('',(#7163),#7167);
#7163 = LINE('',#7164,#7165);
#7164 = CARTESIAN_POINT('',(0.,-0.5));
#7165 = VECTOR('',#7166,1.);
#7166 = DIRECTION('',(1.,0.));
#7167 = ( GEOMETRIC_REPRESENTATION_CONTEXT(2) 
PARAMETRIC_REPRESENTATION_CONTEXT() REPRESENTATION_CONTEXT('2D SPACE',''
  ) );
#7168 = PCURVE('',#6654,#7169);
#7169 = DEFINITIONAL_REPRESENTATION('',(#7170),#7174);
#7170 = B_SPLINE_CURVE_WITH_KNOTS('',2,(#7171,#7172,#7173),
  .UNSPECIFIED.,.F.,.F.,(3,3),(0.,1.),.PIECEWISE_BEZIER_KNOTS.);
#7171 = CARTESIAN_POINT('',(2.284802734375,1.47839453125));
#7172 = CARTESIAN_POINT('',(2.398197265625,1.432197265625));
#7173 = CARTESIAN_POINT('',(2.452795898438,1.404901367187));
#7174 = ( GEOMETRIC_REPRESENTATION_CONTEXT(2) 
PARAMETRIC_REPRESENTATION_CONTEXT() REPRESENTATION_CONTEXT('2D SPACE',''
  ) );
#7175 = ORIENTED_EDGE('',*,*,#7083,.F.);
#7176 = ORIENTED_EDGE('',*,*,#2797,.F.);
#7177 = ADVANCED_FACE('',(#7178),#2783,.T.);
#7178 = FACE_BOUND('',#7179,.T.);
#7179 = EDGE_LOOP('',(#7180,#7203,#7224,#7225));
#7180 = ORIENTED_EDGE('',*,*,#7181,.T.);
#7181 = EDGE_CURVE('',#2738,#7182,#7184,.T.);
#7182 = VERTEX_POINT('',#7183);
#7183 = CARTESIAN_POINT('',(7.213493164063,-41.18497195411,
    8.490820268446));
#7184 = SURFACE_CURVE('',#7185,(#7189,#7196),.PCURVE_S1.);
#7185 = LINE('',#7186,#7187);
#7186 = CARTESIAN_POINT('',(7.213493164063,-41.6548182645,8.661830340109
    ));
#7187 = VECTOR('',#7188,1.);
#7188 = DIRECTION('',(0.,0.939692620786,-0.342020143326));
#7189 = PCURVE('',#2783,#7190);
#7190 = DEFINITIONAL_REPRESENTATION('',(#7191),#7195);
#7191 = LINE('',#7192,#7193);
#7192 = CARTESIAN_POINT('',(0.,0.));
#7193 = VECTOR('',#7194,1.);
#7194 = DIRECTION('',(0.,-1.));
#7195 = ( GEOMETRIC_REPRESENTATION_CONTEXT(2) 
PARAMETRIC_REPRESENTATION_CONTEXT() REPRESENTATION_CONTEXT('2D SPACE',''
  ) );
#7196 = PCURVE('',#2753,#7197);
#7197 = DEFINITIONAL_REPRESENTATION('',(#7198),#7202);
#7198 = LINE('',#7199,#7200);
#7199 = CARTESIAN_POINT('',(1.,0.));
#7200 = VECTOR('',#7201,1.);
#7201 = DIRECTION('',(0.,-1.));
#7202 = ( GEOMETRIC_REPRESENTATION_CONTEXT(2) 
PARAMETRIC_REPRESENTATION_CONTEXT() REPRESENTATION_CONTEXT('2D SPACE',''
  ) );
#7203 = ORIENTED_EDGE('',*,*,#7204,.T.);
#7204 = EDGE_CURVE('',#7182,#7133,#7205,.T.);
#7205 = SURFACE_CURVE('',#7206,(#7210,#7217),.PCURVE_S1.);
#7206 = B_SPLINE_CURVE_WITH_KNOTS('',2,(#7207,#7208,#7209),
  .UNSPECIFIED.,.F.,.F.,(3,3),(0.,1.),.PIECEWISE_BEZIER_KNOTS.);
#7207 = CARTESIAN_POINT('',(7.213493164063,-41.18497195411,
    8.490820268446));
#7208 = CARTESIAN_POINT('',(7.213493164063,-41.37458605115,
    7.969859818426));
#7209 = CARTESIAN_POINT('',(6.696901367188,-41.44353918247,
    7.780412647132));
#7210 = PCURVE('',#2783,#7211);
#7211 = DEFINITIONAL_REPRESENTATION('',(#7212),#7216);
#7212 = LINE('',#7213,#7214);
#7213 = CARTESIAN_POINT('',(0.,-0.5));
#7214 = VECTOR('',#7215,1.);
#7215 = DIRECTION('',(1.,0.));
#7216 = ( GEOMETRIC_REPRESENTATION_CONTEXT(2) 
PARAMETRIC_REPRESENTATION_CONTEXT() REPRESENTATION_CONTEXT('2D SPACE',''
  ) );
#7217 = PCURVE('',#6654,#7218);
#7218 = DEFINITIONAL_REPRESENTATION('',(#7219),#7223);
#7219 = B_SPLINE_CURVE_WITH_KNOTS('',2,(#7220,#7221,#7222),
  .UNSPECIFIED.,.F.,.F.,(3,3),(0.,1.),.PIECEWISE_BEZIER_KNOTS.);
#7220 = CARTESIAN_POINT('',(2.80139453125,2.23439453125));
#7221 = CARTESIAN_POINT('',(2.80139453125,1.68));
#7222 = CARTESIAN_POINT('',(2.284802734375,1.47839453125));
#7223 = ( GEOMETRIC_REPRESENTATION_CONTEXT(2) 
PARAMETRIC_REPRESENTATION_CONTEXT() REPRESENTATION_CONTEXT('2D SPACE',''
  ) );
#7224 = ORIENTED_EDGE('',*,*,#7132,.F.);
#7225 = ORIENTED_EDGE('',*,*,#2767,.F.);
#7226 = ADVANCED_FACE('',(#7227),#2753,.T.);
#7227 = FACE_BOUND('',#7228,.T.);
#7228 = EDGE_LOOP('',(#7229,#7252,#7273,#7274));
#7229 = ORIENTED_EDGE('',*,*,#7230,.T.);
#7230 = EDGE_CURVE('',#2708,#7231,#7233,.T.);
#7231 = VERTEX_POINT('',#7232);
#7232 = CARTESIAN_POINT('',(7.175697265625,-41.09088034226,
    8.749334847368));
#7233 = SURFACE_CURVE('',#7234,(#7238,#7245),.PCURVE_S1.);
#7234 = LINE('',#7235,#7236);
#7235 = CARTESIAN_POINT('',(7.175697265625,-41.56072665265,
    8.920344919031));
#7236 = VECTOR('',#7237,1.);
#7237 = DIRECTION('',(0.,0.939692620786,-0.342020143326));
#7238 = PCURVE('',#2753,#7239);
#7239 = DEFINITIONAL_REPRESENTATION('',(#7240),#7244);
#7240 = LINE('',#7241,#7242);
#7241 = CARTESIAN_POINT('',(0.,0.));
#7242 = VECTOR('',#7243,1.);
#7243 = DIRECTION('',(0.,-1.));
#7244 = ( GEOMETRIC_REPRESENTATION_CONTEXT(2) 
PARAMETRIC_REPRESENTATION_CONTEXT() REPRESENTATION_CONTEXT('2D SPACE',''
  ) );
#7245 = PCURVE('',#2723,#7246);
#7246 = DEFINITIONAL_REPRESENTATION('',(#7247),#7251);
#7247 = LINE('',#7248,#7249);
#7248 = CARTESIAN_POINT('',(1.,0.));
#7249 = VECTOR('',#7250,1.);
#7250 = DIRECTION('',(0.,-1.));
#7251 = ( GEOMETRIC_REPRESENTATION_CONTEXT(2) 
PARAMETRIC_REPRESENTATION_CONTEXT() REPRESENTATION_CONTEXT('2D SPACE',''
  ) );
#7252 = ORIENTED_EDGE('',*,*,#7253,.T.);
#7253 = EDGE_CURVE('',#7231,#7182,#7254,.T.);
#7254 = SURFACE_CURVE('',#7255,(#7259,#7266),.PCURVE_S1.);
#7255 = B_SPLINE_CURVE_WITH_KNOTS('',2,(#7256,#7257,#7258),
  .UNSPECIFIED.,.F.,.F.,(3,3),(0.,1.),.PIECEWISE_BEZIER_KNOTS.);
#7256 = CARTESIAN_POINT('',(7.175697265625,-41.09088034226,
    8.749334847368));
#7257 = CARTESIAN_POINT('',(7.213493164063,-41.13613054243,
    8.625010944166));
#7258 = CARTESIAN_POINT('',(7.213493164063,-41.18497195411,
    8.490820268446));
#7259 = PCURVE('',#2753,#7260);
#7260 = DEFINITIONAL_REPRESENTATION('',(#7261),#7265);
#7261 = LINE('',#7262,#7263);
#7262 = CARTESIAN_POINT('',(0.,-0.5));
#7263 = VECTOR('',#7264,1.);
#7264 = DIRECTION('',(1.,0.));
#7265 = ( GEOMETRIC_REPRESENTATION_CONTEXT(2) 
PARAMETRIC_REPRESENTATION_CONTEXT() REPRESENTATION_CONTEXT('2D SPACE',''
  ) );
#7266 = PCURVE('',#6654,#7267);
#7267 = DEFINITIONAL_REPRESENTATION('',(#7268),#7272);
#7268 = B_SPLINE_CURVE_WITH_KNOTS('',2,(#7269,#7270,#7271),
  .UNSPECIFIED.,.F.,.F.,(3,3),(0.,1.),.PIECEWISE_BEZIER_KNOTS.);
#7269 = CARTESIAN_POINT('',(2.763598632813,2.5095));
#7270 = CARTESIAN_POINT('',(2.80139453125,2.377197265625));
#7271 = CARTESIAN_POINT('',(2.80139453125,2.23439453125));
#7272 = ( GEOMETRIC_REPRESENTATION_CONTEXT(2) 
PARAMETRIC_REPRESENTATION_CONTEXT() REPRESENTATION_CONTEXT('2D SPACE',''
  ) );
#7273 = ORIENTED_EDGE('',*,*,#7181,.F.);
#7274 = ORIENTED_EDGE('',*,*,#2737,.F.);
#7275 = ADVANCED_FACE('',(#7276),#2723,.T.);
#7276 = FACE_BOUND('',#7277,.T.);
#7277 = EDGE_LOOP('',(#7278,#7301,#7322,#7323));
#7278 = ORIENTED_EDGE('',*,*,#7279,.T.);
#7279 = EDGE_CURVE('',#2678,#7280,#7282,.T.);
#7280 = VERTEX_POINT('',#7281);
#7281 = CARTESIAN_POINT('',(7.051802734375,-41.00110005464,
    8.996004160325));
#7282 = SURFACE_CURVE('',#7283,(#7287,#7294),.PCURVE_S1.);
#7283 = LINE('',#7284,#7285);
#7284 = CARTESIAN_POINT('',(7.051802734375,-41.47094636503,
    9.167014231987));
#7285 = VECTOR('',#7286,1.);
#7286 = DIRECTION('',(0.,0.939692620786,-0.342020143326));
#7287 = PCURVE('',#2723,#7288);
#7288 = DEFINITIONAL_REPRESENTATION('',(#7289),#7293);
#7289 = LINE('',#7290,#7291);
#7290 = CARTESIAN_POINT('',(0.,0.));
#7291 = VECTOR('',#7292,1.);
#7292 = DIRECTION('',(0.,-1.));
#7293 = ( GEOMETRIC_REPRESENTATION_CONTEXT(2) 
PARAMETRIC_REPRESENTATION_CONTEXT() REPRESENTATION_CONTEXT('2D SPACE',''
  ) );
#7294 = PCURVE('',#2693,#7295);
#7295 = DEFINITIONAL_REPRESENTATION('',(#7296),#7300);
#7296 = LINE('',#7297,#7298);
#7297 = CARTESIAN_POINT('',(1.,0.));
#7298 = VECTOR('',#7299,1.);
#7299 = DIRECTION('',(0.,-1.));
#7300 = ( GEOMETRIC_REPRESENTATION_CONTEXT(2) 
PARAMETRIC_REPRESENTATION_CONTEXT() REPRESENTATION_CONTEXT('2D SPACE',''
  ) );
#7301 = ORIENTED_EDGE('',*,*,#7302,.T.);
#7302 = EDGE_CURVE('',#7280,#7231,#7303,.T.);
#7303 = SURFACE_CURVE('',#7304,(#7308,#7315),.PCURVE_S1.);
#7304 = B_SPLINE_CURVE_WITH_KNOTS('',2,(#7305,#7306,#7307),
  .UNSPECIFIED.,.F.,.F.,(3,3),(0.,1.),.PIECEWISE_BEZIER_KNOTS.);
#7305 = CARTESIAN_POINT('',(7.051802734375,-41.00110005464,
    8.996004160325));
#7306 = CARTESIAN_POINT('',(7.137901367188,-41.04563014209,8.87365875057
    ));
#7307 = CARTESIAN_POINT('',(7.175697265625,-41.09088034226,
    8.749334847368));
#7308 = PCURVE('',#2723,#7309);
#7309 = DEFINITIONAL_REPRESENTATION('',(#7310),#7314);
#7310 = LINE('',#7311,#7312);
#7311 = CARTESIAN_POINT('',(0.,-0.5));
#7312 = VECTOR('',#7313,1.);
#7313 = DIRECTION('',(1.,0.));
#7314 = ( GEOMETRIC_REPRESENTATION_CONTEXT(2) 
PARAMETRIC_REPRESENTATION_CONTEXT() REPRESENTATION_CONTEXT('2D SPACE',''
  ) );
#7315 = PCURVE('',#6654,#7316);
#7316 = DEFINITIONAL_REPRESENTATION('',(#7317),#7321);
#7317 = B_SPLINE_CURVE_WITH_KNOTS('',2,(#7318,#7319,#7320),
  .UNSPECIFIED.,.F.,.F.,(3,3),(0.,1.),.PIECEWISE_BEZIER_KNOTS.);
#7318 = CARTESIAN_POINT('',(2.639704101563,2.772));
#7319 = CARTESIAN_POINT('',(2.725802734375,2.641802734375));
#7320 = CARTESIAN_POINT('',(2.763598632813,2.5095));
#7321 = ( GEOMETRIC_REPRESENTATION_CONTEXT(2) 
PARAMETRIC_REPRESENTATION_CONTEXT() REPRESENTATION_CONTEXT('2D SPACE',''
  ) );
#7322 = ORIENTED_EDGE('',*,*,#7230,.F.);
#7323 = ORIENTED_EDGE('',*,*,#2707,.F.);
#7324 = ADVANCED_FACE('',(#7325),#2693,.T.);
#7325 = FACE_BOUND('',#7326,.T.);
#7326 = EDGE_LOOP('',(#7327,#7350,#7371,#7372));
#7327 = ORIENTED_EDGE('',*,*,#7328,.T.);
#7328 = EDGE_CURVE('',#2648,#7329,#7331,.T.);
#7329 = VERTEX_POINT('',#7330);
#7330 = CARTESIAN_POINT('',(6.795598632813,-40.92927582454,9.19333961069
    ));
#7331 = SURFACE_CURVE('',#7332,(#7336,#7343),.PCURVE_S1.);
#7332 = LINE('',#7333,#7334);
#7333 = CARTESIAN_POINT('',(6.795598632813,-41.39912213493,
    9.364349682353));
#7334 = VECTOR('',#7335,1.);
#7335 = DIRECTION('',(0.,0.939692620786,-0.342020143326));
#7336 = PCURVE('',#2693,#7337);
#7337 = DEFINITIONAL_REPRESENTATION('',(#7338),#7342);
#7338 = LINE('',#7339,#7340);
#7339 = CARTESIAN_POINT('',(0.,0.));
#7340 = VECTOR('',#7341,1.);
#7341 = DIRECTION('',(0.,-1.));
#7342 = ( GEOMETRIC_REPRESENTATION_CONTEXT(2) 
PARAMETRIC_REPRESENTATION_CONTEXT() REPRESENTATION_CONTEXT('2D SPACE',''
  ) );
#7343 = PCURVE('',#2663,#7344);
#7344 = DEFINITIONAL_REPRESENTATION('',(#7345),#7349);
#7345 = LINE('',#7346,#7347);
#7346 = CARTESIAN_POINT('',(1.,0.));
#7347 = VECTOR('',#7348,1.);
#7348 = DIRECTION('',(0.,-1.));
#7349 = ( GEOMETRIC_REPRESENTATION_CONTEXT(2) 
PARAMETRIC_REPRESENTATION_CONTEXT() REPRESENTATION_CONTEXT('2D SPACE',''
  ) );
#7350 = ORIENTED_EDGE('',*,*,#7351,.T.);
#7351 = EDGE_CURVE('',#7329,#7280,#7352,.T.);
#7352 = SURFACE_CURVE('',#7353,(#7357,#7364),.PCURVE_S1.);
#7353 = B_SPLINE_CURVE_WITH_KNOTS('',2,(#7354,#7355,#7356),
  .UNSPECIFIED.,.F.,.F.,(3,3),(0.,1.),.PIECEWISE_BEZIER_KNOTS.);
#7354 = CARTESIAN_POINT('',(6.795598632813,-40.92927582454,9.19333961069
    ));
#7355 = CARTESIAN_POINT('',(6.965704101563,-40.95656996719,
    9.118349570079));
#7356 = CARTESIAN_POINT('',(7.051802734375,-41.00110005464,
    8.996004160325));
#7357 = PCURVE('',#2693,#7358);
#7358 = DEFINITIONAL_REPRESENTATION('',(#7359),#7363);
#7359 = LINE('',#7360,#7361);
#7360 = CARTESIAN_POINT('',(0.,-0.5));
#7361 = VECTOR('',#7362,1.);
#7362 = DIRECTION('',(1.,0.));
#7363 = ( GEOMETRIC_REPRESENTATION_CONTEXT(2) 
PARAMETRIC_REPRESENTATION_CONTEXT() REPRESENTATION_CONTEXT('2D SPACE',''
  ) );
#7364 = PCURVE('',#6654,#7365);
#7365 = DEFINITIONAL_REPRESENTATION('',(#7366),#7370);
#7366 = B_SPLINE_CURVE_WITH_KNOTS('',2,(#7367,#7368,#7369),
  .UNSPECIFIED.,.F.,.F.,(3,3),(0.,1.),.PIECEWISE_BEZIER_KNOTS.);
#7367 = CARTESIAN_POINT('',(2.3835,2.982));
#7368 = CARTESIAN_POINT('',(2.55360546875,2.902197265625));
#7369 = CARTESIAN_POINT('',(2.639704101563,2.772));
#7370 = ( GEOMETRIC_REPRESENTATION_CONTEXT(2) 
PARAMETRIC_REPRESENTATION_CONTEXT() REPRESENTATION_CONTEXT('2D SPACE',''
  ) );
#7371 = ORIENTED_EDGE('',*,*,#7279,.F.);
#7372 = ORIENTED_EDGE('',*,*,#2677,.F.);
#7373 = ADVANCED_FACE('',(#7374),#2663,.T.);
#7374 = FACE_BOUND('',#7375,.T.);
#7375 = EDGE_LOOP('',(#7376,#7399,#7420,#7421));
#7376 = ORIENTED_EDGE('',*,*,#7377,.T.);
#7377 = EDGE_CURVE('',#2620,#7378,#7380,.T.);
#7378 = VERTEX_POINT('',#7379);
#7379 = CARTESIAN_POINT('',(6.390295898438,-40.90198168189,9.2683296513)
  );
#7380 = SURFACE_CURVE('',#7381,(#7385,#7392),.PCURVE_S1.);
#7381 = LINE('',#7382,#7383);
#7382 = CARTESIAN_POINT('',(6.390295898438,-41.37182799228,
    9.439339722963));
#7383 = VECTOR('',#7384,1.);
#7384 = DIRECTION('',(0.,0.939692620786,-0.342020143326));
#7385 = PCURVE('',#2663,#7386);
#7386 = DEFINITIONAL_REPRESENTATION('',(#7387),#7391);
#7387 = LINE('',#7388,#7389);
#7388 = CARTESIAN_POINT('',(0.,0.));
#7389 = VECTOR('',#7390,1.);
#7390 = DIRECTION('',(0.,-1.));
#7391 = ( GEOMETRIC_REPRESENTATION_CONTEXT(2) 
PARAMETRIC_REPRESENTATION_CONTEXT() REPRESENTATION_CONTEXT('2D SPACE',''
  ) );
#7392 = PCURVE('',#2635,#7393);
#7393 = DEFINITIONAL_REPRESENTATION('',(#7394),#7398);
#7394 = LINE('',#7395,#7396);
#7395 = CARTESIAN_POINT('',(1.642197265625,0.));
#7396 = VECTOR('',#7397,1.);
#7397 = DIRECTION('',(0.,-1.));
#7398 = ( GEOMETRIC_REPRESENTATION_CONTEXT(2) 
PARAMETRIC_REPRESENTATION_CONTEXT() REPRESENTATION_CONTEXT('2D SPACE',''
  ) );
#7399 = ORIENTED_EDGE('',*,*,#7400,.T.);
#7400 = EDGE_CURVE('',#7378,#7329,#7401,.T.);
#7401 = SURFACE_CURVE('',#7402,(#7406,#7413),.PCURVE_S1.);
#7402 = B_SPLINE_CURVE_WITH_KNOTS('',2,(#7403,#7404,#7405),
  .UNSPECIFIED.,.F.,.F.,(3,3),(0.,1.),.PIECEWISE_BEZIER_KNOTS.);
#7403 = CARTESIAN_POINT('',(6.390295898438,-40.90198168189,9.2683296513)
  );
#7404 = CARTESIAN_POINT('',(6.625493164063,-40.90198168189,9.2683296513)
  );
#7405 = CARTESIAN_POINT('',(6.795598632813,-40.92927582454,9.19333961069
    ));
#7406 = PCURVE('',#2663,#7407);
#7407 = DEFINITIONAL_REPRESENTATION('',(#7408),#7412);
#7408 = LINE('',#7409,#7410);
#7409 = CARTESIAN_POINT('',(0.,-0.5));
#7410 = VECTOR('',#7411,1.);
#7411 = DIRECTION('',(1.,0.));
#7412 = ( GEOMETRIC_REPRESENTATION_CONTEXT(2) 
PARAMETRIC_REPRESENTATION_CONTEXT() REPRESENTATION_CONTEXT('2D SPACE',''
  ) );
#7413 = PCURVE('',#6654,#7414);
#7414 = DEFINITIONAL_REPRESENTATION('',(#7415),#7419);
#7415 = B_SPLINE_CURVE_WITH_KNOTS('',2,(#7416,#7417,#7418),
  .UNSPECIFIED.,.F.,.F.,(3,3),(0.,1.),.PIECEWISE_BEZIER_KNOTS.);
#7416 = CARTESIAN_POINT('',(1.978197265625,3.061802734375));
#7417 = CARTESIAN_POINT('',(2.21339453125,3.061802734375));
#7418 = CARTESIAN_POINT('',(2.3835,2.982));
#7419 = ( GEOMETRIC_REPRESENTATION_CONTEXT(2) 
PARAMETRIC_REPRESENTATION_CONTEXT() REPRESENTATION_CONTEXT('2D SPACE',''
  ) );
#7420 = ORIENTED_EDGE('',*,*,#7328,.F.);
#7421 = ORIENTED_EDGE('',*,*,#2647,.F.);
#7422 = ADVANCED_FACE('',(#7423),#2635,.T.);
#7423 = FACE_BOUND('',#7424,.T.);
#7424 = EDGE_LOOP('',(#7425,#7448,#7469,#7470));
#7425 = ORIENTED_EDGE('',*,*,#7426,.T.);
#7426 = EDGE_CURVE('',#2592,#7427,#7429,.T.);
#7427 = VERTEX_POINT('',#7428);
#7428 = CARTESIAN_POINT('',(4.748098632813,-40.90198168189,9.2683296513)
  );
#7429 = SURFACE_CURVE('',#7430,(#7434,#7441),.PCURVE_S1.);
#7430 = LINE('',#7431,#7432);
#7431 = CARTESIAN_POINT('',(4.748098632813,-41.37182799228,
    9.439339722963));
#7432 = VECTOR('',#7433,1.);
#7433 = DIRECTION('',(0.,0.939692620786,-0.342020143326));
#7434 = PCURVE('',#2635,#7435);
#7435 = DEFINITIONAL_REPRESENTATION('',(#7436),#7440);
#7436 = LINE('',#7437,#7438);
#7437 = CARTESIAN_POINT('',(0.,0.));
#7438 = VECTOR('',#7439,1.);
#7439 = DIRECTION('',(0.,-1.));
#7440 = ( GEOMETRIC_REPRESENTATION_CONTEXT(2) 
PARAMETRIC_REPRESENTATION_CONTEXT() REPRESENTATION_CONTEXT('2D SPACE',''
  ) );
#7441 = PCURVE('',#2607,#7442);
#7442 = DEFINITIONAL_REPRESENTATION('',(#7443),#7447);
#7443 = LINE('',#7444,#7445);
#7444 = CARTESIAN_POINT('',(3.061802734375,-8.881784197001E-16));
#7445 = VECTOR('',#7446,1.);
#7446 = DIRECTION('',(0.,-1.));
#7447 = ( GEOMETRIC_REPRESENTATION_CONTEXT(2) 
PARAMETRIC_REPRESENTATION_CONTEXT() REPRESENTATION_CONTEXT('2D SPACE',''
  ) );
#7448 = ORIENTED_EDGE('',*,*,#7449,.T.);
#7449 = EDGE_CURVE('',#7427,#7378,#7450,.T.);
#7450 = SURFACE_CURVE('',#7451,(#7455,#7462),.PCURVE_S1.);
#7451 = LINE('',#7452,#7453);
#7452 = CARTESIAN_POINT('',(4.748098632813,-40.90198168189,9.2683296513)
  );
#7453 = VECTOR('',#7454,1.);
#7454 = DIRECTION('',(1.,0.,0.));
#7455 = PCURVE('',#2635,#7456);
#7456 = DEFINITIONAL_REPRESENTATION('',(#7457),#7461);
#7457 = LINE('',#7458,#7459);
#7458 = CARTESIAN_POINT('',(0.,-0.5));
#7459 = VECTOR('',#7460,1.);
#7460 = DIRECTION('',(1.,0.));
#7461 = ( GEOMETRIC_REPRESENTATION_CONTEXT(2) 
PARAMETRIC_REPRESENTATION_CONTEXT() REPRESENTATION_CONTEXT('2D SPACE',''
  ) );
#7462 = PCURVE('',#6654,#7463);
#7463 = DEFINITIONAL_REPRESENTATION('',(#7464),#7468);
#7464 = LINE('',#7465,#7466);
#7465 = CARTESIAN_POINT('',(0.336,3.061802734375));
#7466 = VECTOR('',#7467,1.);
#7467 = DIRECTION('',(1.,0.));
#7468 = ( GEOMETRIC_REPRESENTATION_CONTEXT(2) 
PARAMETRIC_REPRESENTATION_CONTEXT() REPRESENTATION_CONTEXT('2D SPACE',''
  ) );
#7469 = ORIENTED_EDGE('',*,*,#7377,.F.);
#7470 = ORIENTED_EDGE('',*,*,#2619,.F.);
#7471 = ADVANCED_FACE('',(#7472),#2607,.T.);
#7472 = FACE_BOUND('',#7473,.T.);
#7473 = EDGE_LOOP('',(#7474,#7497,#7518,#7519));
#7474 = ORIENTED_EDGE('',*,*,#7475,.T.);
#7475 = EDGE_CURVE('',#2564,#7476,#7478,.T.);
#7476 = VERTEX_POINT('',#7477);
#7477 = CARTESIAN_POINT('',(4.748098632813,-41.94917989194,
    6.391176215506));
#7478 = SURFACE_CURVE('',#7479,(#7483,#7490),.PCURVE_S1.);
#7479 = LINE('',#7480,#7481);
#7480 = CARTESIAN_POINT('',(4.748098632813,-42.41902620233,
    6.562186287169));
#7481 = VECTOR('',#7482,1.);
#7482 = DIRECTION('',(0.,0.939692620786,-0.342020143326));
#7483 = PCURVE('',#2607,#7484);
#7484 = DEFINITIONAL_REPRESENTATION('',(#7485),#7489);
#7485 = LINE('',#7486,#7487);
#7486 = CARTESIAN_POINT('',(0.,0.));
#7487 = VECTOR('',#7488,1.);
#7488 = DIRECTION('',(0.,-1.));
#7489 = ( GEOMETRIC_REPRESENTATION_CONTEXT(2) 
PARAMETRIC_REPRESENTATION_CONTEXT() REPRESENTATION_CONTEXT('2D SPACE',''
  ) );
#7490 = PCURVE('',#2579,#7491);
#7491 = DEFINITIONAL_REPRESENTATION('',(#7492),#7496);
#7492 = LINE('',#7493,#7494);
#7493 = CARTESIAN_POINT('',(0.63,0.));
#7494 = VECTOR('',#7495,1.);
#7495 = DIRECTION('',(0.,-1.));
#7496 = ( GEOMETRIC_REPRESENTATION_CONTEXT(2) 
PARAMETRIC_REPRESENTATION_CONTEXT() REPRESENTATION_CONTEXT('2D SPACE',''
  ) );
#7497 = ORIENTED_EDGE('',*,*,#7498,.T.);
#7498 = EDGE_CURVE('',#7476,#7427,#7499,.T.);
#7499 = SURFACE_CURVE('',#7500,(#7504,#7511),.PCURVE_S1.);
#7500 = LINE('',#7501,#7502);
#7501 = CARTESIAN_POINT('',(4.748098632813,-41.94917989194,
    6.391176215506));
#7502 = VECTOR('',#7503,1.);
#7503 = DIRECTION('',(0.,0.342020143326,0.939692620786));
#7504 = PCURVE('',#2607,#7505);
#7505 = DEFINITIONAL_REPRESENTATION('',(#7506),#7510);
#7506 = LINE('',#7507,#7508);
#7507 = CARTESIAN_POINT('',(4.135580766729E-15,-0.5));
#7508 = VECTOR('',#7509,1.);
#7509 = DIRECTION('',(1.,0.));
#7510 = ( GEOMETRIC_REPRESENTATION_CONTEXT(2) 
PARAMETRIC_REPRESENTATION_CONTEXT() REPRESENTATION_CONTEXT('2D SPACE',''
  ) );
#7511 = PCURVE('',#6654,#7512);
#7512 = DEFINITIONAL_REPRESENTATION('',(#7513),#7517);
#7513 = LINE('',#7514,#7515);
#7514 = CARTESIAN_POINT('',(0.336,0.));
#7515 = VECTOR('',#7516,1.);
#7516 = DIRECTION('',(0.,1.));
#7517 = ( GEOMETRIC_REPRESENTATION_CONTEXT(2) 
PARAMETRIC_REPRESENTATION_CONTEXT() REPRESENTATION_CONTEXT('2D SPACE',''
  ) );
#7518 = ORIENTED_EDGE('',*,*,#7426,.F.);
#7519 = ORIENTED_EDGE('',*,*,#2591,.F.);
#7520 = ADVANCED_FACE('',(#7521),#2579,.T.);
#7521 = FACE_BOUND('',#7522,.T.);
#7522 = EDGE_LOOP('',(#7523,#7546,#7567,#7568));
#7523 = ORIENTED_EDGE('',*,*,#7524,.T.);
#7524 = EDGE_CURVE('',#2536,#7525,#7527,.T.);
#7525 = VERTEX_POINT('',#7526);
#7526 = CARTESIAN_POINT('',(5.378098632813,-41.94917989194,
    6.391176215506));
#7527 = SURFACE_CURVE('',#7528,(#7532,#7539),.PCURVE_S1.);
#7528 = LINE('',#7529,#7530);
#7529 = CARTESIAN_POINT('',(5.378098632813,-42.41902620233,
    6.562186287169));
#7530 = VECTOR('',#7531,1.);
#7531 = DIRECTION('',(0.,0.939692620786,-0.342020143326));
#7532 = PCURVE('',#2579,#7533);
#7533 = DEFINITIONAL_REPRESENTATION('',(#7534),#7538);
#7534 = LINE('',#7535,#7536);
#7535 = CARTESIAN_POINT('',(0.,0.));
#7536 = VECTOR('',#7537,1.);
#7537 = DIRECTION('',(0.,-1.));
#7538 = ( GEOMETRIC_REPRESENTATION_CONTEXT(2) 
PARAMETRIC_REPRESENTATION_CONTEXT() REPRESENTATION_CONTEXT('2D SPACE',''
  ) );
#7539 = PCURVE('',#2551,#7540);
#7540 = DEFINITIONAL_REPRESENTATION('',(#7541),#7545);
#7541 = LINE('',#7542,#7543);
#7542 = CARTESIAN_POINT('',(1.213802734375,1.554312234475E-15));
#7543 = VECTOR('',#7544,1.);
#7544 = DIRECTION('',(0.,-1.));
#7545 = ( GEOMETRIC_REPRESENTATION_CONTEXT(2) 
PARAMETRIC_REPRESENTATION_CONTEXT() REPRESENTATION_CONTEXT('2D SPACE',''
  ) );
#7546 = ORIENTED_EDGE('',*,*,#7547,.T.);
#7547 = EDGE_CURVE('',#7525,#7476,#7548,.T.);
#7548 = SURFACE_CURVE('',#7549,(#7553,#7560),.PCURVE_S1.);
#7549 = LINE('',#7550,#7551);
#7550 = CARTESIAN_POINT('',(5.378098632813,-41.94917989194,
    6.391176215506));
#7551 = VECTOR('',#7552,1.);
#7552 = DIRECTION('',(-1.,0.,0.));
#7553 = PCURVE('',#2579,#7554);
#7554 = DEFINITIONAL_REPRESENTATION('',(#7555),#7559);
#7555 = LINE('',#7556,#7557);
#7556 = CARTESIAN_POINT('',(0.,-0.5));
#7557 = VECTOR('',#7558,1.);
#7558 = DIRECTION('',(1.,0.));
#7559 = ( GEOMETRIC_REPRESENTATION_CONTEXT(2) 
PARAMETRIC_REPRESENTATION_CONTEXT() REPRESENTATION_CONTEXT('2D SPACE',''
  ) );
#7560 = PCURVE('',#6654,#7561);
#7561 = DEFINITIONAL_REPRESENTATION('',(#7562),#7566);
#7562 = LINE('',#7563,#7564);
#7563 = CARTESIAN_POINT('',(0.966,0.));
#7564 = VECTOR('',#7565,1.);
#7565 = DIRECTION('',(-1.,0.));
#7566 = ( GEOMETRIC_REPRESENTATION_CONTEXT(2) 
PARAMETRIC_REPRESENTATION_CONTEXT() REPRESENTATION_CONTEXT('2D SPACE',''
  ) );
#7567 = ORIENTED_EDGE('',*,*,#7475,.F.);
#7568 = ORIENTED_EDGE('',*,*,#2563,.F.);
#7569 = ADVANCED_FACE('',(#7570),#2551,.T.);
#7570 = FACE_BOUND('',#7571,.T.);
#7571 = EDGE_LOOP('',(#7572,#7595,#7616,#7617));
#7572 = ORIENTED_EDGE('',*,*,#7573,.T.);
#7573 = EDGE_CURVE('',#2508,#7574,#7576,.T.);
#7574 = VERTEX_POINT('',#7575);
#7575 = CARTESIAN_POINT('',(5.378098632813,-41.53403490676,
    7.531777688088));
#7576 = SURFACE_CURVE('',#7577,(#7581,#7588),.PCURVE_S1.);
#7577 = LINE('',#7578,#7579);
#7578 = CARTESIAN_POINT('',(5.378098632813,-42.00388121715,
    7.702787759751));
#7579 = VECTOR('',#7580,1.);
#7580 = DIRECTION('',(0.,0.939692620786,-0.342020143326));
#7581 = PCURVE('',#2551,#7582);
#7582 = DEFINITIONAL_REPRESENTATION('',(#7583),#7587);
#7583 = LINE('',#7584,#7585);
#7584 = CARTESIAN_POINT('',(0.,0.));
#7585 = VECTOR('',#7586,1.);
#7586 = DIRECTION('',(0.,-1.));
#7587 = ( GEOMETRIC_REPRESENTATION_CONTEXT(2) 
PARAMETRIC_REPRESENTATION_CONTEXT() REPRESENTATION_CONTEXT('2D SPACE',''
  ) );
#7588 = PCURVE('',#2523,#7589);
#7589 = DEFINITIONAL_REPRESENTATION('',(#7590),#7594);
#7590 = LINE('',#7591,#7592);
#7591 = CARTESIAN_POINT('',(0.72239453125,0.));
#7592 = VECTOR('',#7593,1.);
#7593 = DIRECTION('',(0.,-1.));
#7594 = ( GEOMETRIC_REPRESENTATION_CONTEXT(2) 
PARAMETRIC_REPRESENTATION_CONTEXT() REPRESENTATION_CONTEXT('2D SPACE',''
  ) );
#7595 = ORIENTED_EDGE('',*,*,#7596,.T.);
#7596 = EDGE_CURVE('',#7574,#7525,#7597,.T.);
#7597 = SURFACE_CURVE('',#7598,(#7602,#7609),.PCURVE_S1.);
#7598 = LINE('',#7599,#7600);
#7599 = CARTESIAN_POINT('',(5.378098632813,-41.53403490676,
    7.531777688088));
#7600 = VECTOR('',#7601,1.);
#7601 = DIRECTION('',(0.,-0.342020143326,-0.939692620786));
#7602 = PCURVE('',#2551,#7603);
#7603 = DEFINITIONAL_REPRESENTATION('',(#7604),#7608);
#7604 = LINE('',#7605,#7606);
#7605 = CARTESIAN_POINT('',(-4.135580766729E-15,-0.5));
#7606 = VECTOR('',#7607,1.);
#7607 = DIRECTION('',(1.,0.));
#7608 = ( GEOMETRIC_REPRESENTATION_CONTEXT(2) 
PARAMETRIC_REPRESENTATION_CONTEXT() REPRESENTATION_CONTEXT('2D SPACE',''
  ) );
#7609 = PCURVE('',#6654,#7610);
#7610 = DEFINITIONAL_REPRESENTATION('',(#7611),#7615);
#7611 = LINE('',#7612,#7613);
#7612 = CARTESIAN_POINT('',(0.966,1.213802734375));
#7613 = VECTOR('',#7614,1.);
#7614 = DIRECTION('',(0.,-1.));
#7615 = ( GEOMETRIC_REPRESENTATION_CONTEXT(2) 
PARAMETRIC_REPRESENTATION_CONTEXT() REPRESENTATION_CONTEXT('2D SPACE',''
  ) );
#7616 = ORIENTED_EDGE('',*,*,#7524,.F.);
#7617 = ORIENTED_EDGE('',*,*,#2535,.F.);
#7618 = ADVANCED_FACE('',(#7619),#2523,.T.);
#7619 = FACE_BOUND('',#7620,.T.);
#7620 = EDGE_LOOP('',(#7621,#7644,#7665,#7666));
#7621 = ORIENTED_EDGE('',*,*,#7622,.T.);
#7622 = EDGE_CURVE('',#2478,#7623,#7625,.T.);
#7623 = VERTEX_POINT('',#7624);
#7624 = CARTESIAN_POINT('',(6.100493164063,-41.53403490676,
    7.531777688088));
#7625 = SURFACE_CURVE('',#7626,(#7630,#7637),.PCURVE_S1.);
#7626 = LINE('',#7627,#7628);
#7627 = CARTESIAN_POINT('',(6.100493164063,-42.00388121715,
    7.702787759751));
#7628 = VECTOR('',#7629,1.);
#7629 = DIRECTION('',(0.,0.939692620786,-0.342020143326));
#7630 = PCURVE('',#2523,#7631);
#7631 = DEFINITIONAL_REPRESENTATION('',(#7632),#7636);
#7632 = LINE('',#7633,#7634);
#7633 = CARTESIAN_POINT('',(0.,0.));
#7634 = VECTOR('',#7635,1.);
#7635 = DIRECTION('',(0.,-1.));
#7636 = ( GEOMETRIC_REPRESENTATION_CONTEXT(2) 
PARAMETRIC_REPRESENTATION_CONTEXT() REPRESENTATION_CONTEXT('2D SPACE',''
  ) );
#7637 = PCURVE('',#2493,#7638);
#7638 = DEFINITIONAL_REPRESENTATION('',(#7639),#7643);
#7639 = LINE('',#7640,#7641);
#7640 = CARTESIAN_POINT('',(1.,0.));
#7641 = VECTOR('',#7642,1.);
#7642 = DIRECTION('',(0.,-1.));
#7643 = ( GEOMETRIC_REPRESENTATION_CONTEXT(2) 
PARAMETRIC_REPRESENTATION_CONTEXT() REPRESENTATION_CONTEXT('2D SPACE',''
  ) );
#7644 = ORIENTED_EDGE('',*,*,#7645,.T.);
#7645 = EDGE_CURVE('',#7623,#7574,#7646,.T.);
#7646 = SURFACE_CURVE('',#7647,(#7651,#7658),.PCURVE_S1.);
#7647 = LINE('',#7648,#7649);
#7648 = CARTESIAN_POINT('',(6.100493164063,-41.53403490676,
    7.531777688088));
#7649 = VECTOR('',#7650,1.);
#7650 = DIRECTION('',(-1.,0.,0.));
#7651 = PCURVE('',#2523,#7652);
#7652 = DEFINITIONAL_REPRESENTATION('',(#7653),#7657);
#7653 = LINE('',#7654,#7655);
#7654 = CARTESIAN_POINT('',(0.,-0.5));
#7655 = VECTOR('',#7656,1.);
#7656 = DIRECTION('',(1.,0.));
#7657 = ( GEOMETRIC_REPRESENTATION_CONTEXT(2) 
PARAMETRIC_REPRESENTATION_CONTEXT() REPRESENTATION_CONTEXT('2D SPACE',''
  ) );
#7658 = PCURVE('',#6654,#7659);
#7659 = DEFINITIONAL_REPRESENTATION('',(#7660),#7664);
#7660 = LINE('',#7661,#7662);
#7661 = CARTESIAN_POINT('',(1.68839453125,1.213802734375));
#7662 = VECTOR('',#7663,1.);
#7663 = DIRECTION('',(-1.,0.));
#7664 = ( GEOMETRIC_REPRESENTATION_CONTEXT(2) 
PARAMETRIC_REPRESENTATION_CONTEXT() REPRESENTATION_CONTEXT('2D SPACE',''
  ) );
#7665 = ORIENTED_EDGE('',*,*,#7573,.F.);
#7666 = ORIENTED_EDGE('',*,*,#2507,.F.);
#7667 = ADVANCED_FACE('',(#7668),#2493,.T.);
#7668 = FACE_BOUND('',#7669,.T.);
#7669 = EDGE_LOOP('',(#7670,#7693,#7714,#7715));
#7670 = ORIENTED_EDGE('',*,*,#7671,.T.);
#7671 = EDGE_CURVE('',#2448,#7672,#7674,.T.);
#7672 = VERTEX_POINT('',#7673);
#7673 = CARTESIAN_POINT('',(6.398697265625,-41.56348237349,
    7.450871438174));
#7674 = SURFACE_CURVE('',#7675,(#7679,#7686),.PCURVE_S1.);
#7675 = LINE('',#7676,#7677);
#7676 = CARTESIAN_POINT('',(6.398697265625,-42.03332868388,
    7.621881509837));
#7677 = VECTOR('',#7678,1.);
#7678 = DIRECTION('',(0.,0.939692620786,-0.342020143326));
#7679 = PCURVE('',#2493,#7680);
#7680 = DEFINITIONAL_REPRESENTATION('',(#7681),#7685);
#7681 = LINE('',#7682,#7683);
#7682 = CARTESIAN_POINT('',(0.,0.));
#7683 = VECTOR('',#7684,1.);
#7684 = DIRECTION('',(0.,-1.));
#7685 = ( GEOMETRIC_REPRESENTATION_CONTEXT(2) 
PARAMETRIC_REPRESENTATION_CONTEXT() REPRESENTATION_CONTEXT('2D SPACE',''
  ) );
#7686 = PCURVE('',#2463,#7687);
#7687 = DEFINITIONAL_REPRESENTATION('',(#7688),#7692);
#7688 = LINE('',#7689,#7690);
#7689 = CARTESIAN_POINT('',(1.,0.));
#7690 = VECTOR('',#7691,1.);
#7691 = DIRECTION('',(0.,-1.));
#7692 = ( GEOMETRIC_REPRESENTATION_CONTEXT(2) 
PARAMETRIC_REPRESENTATION_CONTEXT() REPRESENTATION_CONTEXT('2D SPACE',''
  ) );
#7693 = ORIENTED_EDGE('',*,*,#7694,.T.);
#7694 = EDGE_CURVE('',#7672,#7623,#7695,.T.);
#7695 = SURFACE_CURVE('',#7696,(#7700,#7707),.PCURVE_S1.);
#7696 = B_SPLINE_CURVE_WITH_KNOTS('',2,(#7697,#7698,#7699),
  .UNSPECIFIED.,.F.,.F.,(3,3),(0.,1.),.PIECEWISE_BEZIER_KNOTS.);
#7697 = CARTESIAN_POINT('',(6.398697265625,-41.56348237349,
    7.450871438174));
#7698 = CARTESIAN_POINT('',(6.306295898438,-41.53403490676,
    7.531777688088));
#7699 = CARTESIAN_POINT('',(6.100493164063,-41.53403490676,
    7.531777688088));
#7700 = PCURVE('',#2493,#7701);
#7701 = DEFINITIONAL_REPRESENTATION('',(#7702),#7706);
#7702 = LINE('',#7703,#7704);
#7703 = CARTESIAN_POINT('',(0.,-0.5));
#7704 = VECTOR('',#7705,1.);
#7705 = DIRECTION('',(1.,0.));
#7706 = ( GEOMETRIC_REPRESENTATION_CONTEXT(2) 
PARAMETRIC_REPRESENTATION_CONTEXT() REPRESENTATION_CONTEXT('2D SPACE',''
  ) );
#7707 = PCURVE('',#6654,#7708);
#7708 = DEFINITIONAL_REPRESENTATION('',(#7709),#7713);
#7709 = B_SPLINE_CURVE_WITH_KNOTS('',2,(#7710,#7711,#7712),
  .UNSPECIFIED.,.F.,.F.,(3,3),(0.,1.),.PIECEWISE_BEZIER_KNOTS.);
#7710 = CARTESIAN_POINT('',(1.986598632813,1.127704101562));
#7711 = CARTESIAN_POINT('',(1.894197265625,1.213802734375));
#7712 = CARTESIAN_POINT('',(1.68839453125,1.213802734375));
#7713 = ( GEOMETRIC_REPRESENTATION_CONTEXT(2) 
PARAMETRIC_REPRESENTATION_CONTEXT() REPRESENTATION_CONTEXT('2D SPACE',''
  ) );
#7714 = ORIENTED_EDGE('',*,*,#7622,.F.);
#7715 = ORIENTED_EDGE('',*,*,#2477,.F.);
#7716 = ADVANCED_FACE('',(#7717),#2463,.T.);
#7717 = FACE_BOUND('',#7718,.T.);
#7718 = EDGE_LOOP('',(#7719,#7742,#7763,#7764));
#7719 = ORIENTED_EDGE('',*,*,#7720,.T.);
#7720 = EDGE_CURVE('',#2418,#7721,#7723,.T.);
#7721 = VERTEX_POINT('',#7722);
#7722 = CARTESIAN_POINT('',(6.491098632813,-41.65901187276,
    7.188406296037));
#7723 = SURFACE_CURVE('',#7724,(#7728,#7735),.PCURVE_S1.);
#7724 = LINE('',#7725,#7726);
#7725 = CARTESIAN_POINT('',(6.491098632813,-42.12885818315,7.3594163677)
  );
#7726 = VECTOR('',#7727,1.);
#7727 = DIRECTION('',(0.,0.939692620786,-0.342020143326));
#7728 = PCURVE('',#2463,#7729);
#7729 = DEFINITIONAL_REPRESENTATION('',(#7730),#7734);
#7730 = LINE('',#7731,#7732);
#7731 = CARTESIAN_POINT('',(0.,0.));
#7732 = VECTOR('',#7733,1.);
#7733 = DIRECTION('',(0.,-1.));
#7734 = ( GEOMETRIC_REPRESENTATION_CONTEXT(2) 
PARAMETRIC_REPRESENTATION_CONTEXT() REPRESENTATION_CONTEXT('2D SPACE',''
  ) );
#7735 = PCURVE('',#2433,#7736);
#7736 = DEFINITIONAL_REPRESENTATION('',(#7737),#7741);
#7737 = LINE('',#7738,#7739);
#7738 = CARTESIAN_POINT('',(1.,0.));
#7739 = VECTOR('',#7740,1.);
#7740 = DIRECTION('',(0.,-1.));
#7741 = ( GEOMETRIC_REPRESENTATION_CONTEXT(2) 
PARAMETRIC_REPRESENTATION_CONTEXT() REPRESENTATION_CONTEXT('2D SPACE',''
  ) );
#7742 = ORIENTED_EDGE('',*,*,#7743,.T.);
#7743 = EDGE_CURVE('',#7721,#7672,#7744,.T.);
#7744 = SURFACE_CURVE('',#7745,(#7749,#7756),.PCURVE_S1.);
#7745 = B_SPLINE_CURVE_WITH_KNOTS('',2,(#7746,#7747,#7748),
  .UNSPECIFIED.,.F.,.F.,(3,3),(0.,1.),.PIECEWISE_BEZIER_KNOTS.);
#7746 = CARTESIAN_POINT('',(6.491098632813,-41.65901187276,
    7.188406296037));
#7747 = CARTESIAN_POINT('',(6.491098632813,-41.59292984022,
    7.369965188261));
#7748 = CARTESIAN_POINT('',(6.398697265625,-41.56348237349,
    7.450871438174));
#7749 = PCURVE('',#2463,#7750);
#7750 = DEFINITIONAL_REPRESENTATION('',(#7751),#7755);
#7751 = LINE('',#7752,#7753);
#7752 = CARTESIAN_POINT('',(0.,-0.5));
#7753 = VECTOR('',#7754,1.);
#7754 = DIRECTION('',(1.,0.));
#7755 = ( GEOMETRIC_REPRESENTATION_CONTEXT(2) 
PARAMETRIC_REPRESENTATION_CONTEXT() REPRESENTATION_CONTEXT('2D SPACE',''
  ) );
#7756 = PCURVE('',#6654,#7757);
#7757 = DEFINITIONAL_REPRESENTATION('',(#7758),#7762);
#7758 = B_SPLINE_CURVE_WITH_KNOTS('',2,(#7759,#7760,#7761),
  .UNSPECIFIED.,.F.,.F.,(3,3),(0.,1.),.PIECEWISE_BEZIER_KNOTS.);
#7759 = CARTESIAN_POINT('',(2.079,0.84839453125));
#7760 = CARTESIAN_POINT('',(2.079,1.04160546875));
#7761 = CARTESIAN_POINT('',(1.986598632813,1.127704101562));
#7762 = ( GEOMETRIC_REPRESENTATION_CONTEXT(2) 
PARAMETRIC_REPRESENTATION_CONTEXT() REPRESENTATION_CONTEXT('2D SPACE',''
  ) );
#7763 = ORIENTED_EDGE('',*,*,#7671,.F.);
#7764 = ORIENTED_EDGE('',*,*,#2447,.F.);
#7765 = ADVANCED_FACE('',(#7766),#2433,.T.);
#7766 = FACE_BOUND('',#7767,.T.);
#7767 = EDGE_LOOP('',(#7768,#7791,#7812,#7813));
#7768 = ORIENTED_EDGE('',*,*,#7769,.T.);
#7769 = EDGE_CURVE('',#2388,#7770,#7772,.T.);
#7770 = VERTEX_POINT('',#7771);
#7771 = CARTESIAN_POINT('',(6.486901367188,-41.70210407279,
    7.070011449498));
#7772 = SURFACE_CURVE('',#7773,(#7777,#7784),.PCURVE_S1.);
#7773 = LINE('',#7774,#7775);
#7774 = CARTESIAN_POINT('',(6.486901367188,-42.17195038318,
    7.241021521161));
#7775 = VECTOR('',#7776,1.);
#7776 = DIRECTION('',(0.,0.939692620786,-0.342020143326));
#7777 = PCURVE('',#2433,#7778);
#7778 = DEFINITIONAL_REPRESENTATION('',(#7779),#7783);
#7779 = LINE('',#7780,#7781);
#7780 = CARTESIAN_POINT('',(0.,0.));
#7781 = VECTOR('',#7782,1.);
#7782 = DIRECTION('',(0.,-1.));
#7783 = ( GEOMETRIC_REPRESENTATION_CONTEXT(2) 
PARAMETRIC_REPRESENTATION_CONTEXT() REPRESENTATION_CONTEXT('2D SPACE',''
  ) );
#7784 = PCURVE('',#2403,#7785);
#7785 = DEFINITIONAL_REPRESENTATION('',(#7786),#7790);
#7786 = LINE('',#7787,#7788);
#7787 = CARTESIAN_POINT('',(1.,0.));
#7788 = VECTOR('',#7789,1.);
#7789 = DIRECTION('',(0.,-1.));
#7790 = ( GEOMETRIC_REPRESENTATION_CONTEXT(2) 
PARAMETRIC_REPRESENTATION_CONTEXT() REPRESENTATION_CONTEXT('2D SPACE',''
  ) );
#7791 = ORIENTED_EDGE('',*,*,#7792,.T.);
#7792 = EDGE_CURVE('',#7770,#7721,#7793,.T.);
#7793 = SURFACE_CURVE('',#7794,(#7798,#7805),.PCURVE_S1.);
#7794 = B_SPLINE_CURVE_WITH_KNOTS('',2,(#7795,#7796,#7797),
  .UNSPECIFIED.,.F.,.F.,(3,3),(0.,1.),.PIECEWISE_BEZIER_KNOTS.);
#7795 = CARTESIAN_POINT('',(6.486901367188,-41.70210407279,
    7.070011449498));
#7796 = CARTESIAN_POINT('',(6.491098632813,-41.67768336695,
    7.137106787358));
#7797 = CARTESIAN_POINT('',(6.491098632813,-41.65901187276,
    7.188406296037));
#7798 = PCURVE('',#2433,#7799);
#7799 = DEFINITIONAL_REPRESENTATION('',(#7800),#7804);
#7800 = LINE('',#7801,#7802);
#7801 = CARTESIAN_POINT('',(0.,-0.5));
#7802 = VECTOR('',#7803,1.);
#7803 = DIRECTION('',(1.,0.));
#7804 = ( GEOMETRIC_REPRESENTATION_CONTEXT(2) 
PARAMETRIC_REPRESENTATION_CONTEXT() REPRESENTATION_CONTEXT('2D SPACE',''
  ) );
#7805 = PCURVE('',#6654,#7806);
#7806 = DEFINITIONAL_REPRESENTATION('',(#7807),#7811);
#7807 = B_SPLINE_CURVE_WITH_KNOTS('',2,(#7808,#7809,#7810),
  .UNSPECIFIED.,.F.,.F.,(3,3),(0.,1.),.PIECEWISE_BEZIER_KNOTS.);
#7808 = CARTESIAN_POINT('',(2.074802734375,0.722401367187));
#7809 = CARTESIAN_POINT('',(2.079,0.793802734375));
#7810 = CARTESIAN_POINT('',(2.079,0.84839453125));
#7811 = ( GEOMETRIC_REPRESENTATION_CONTEXT(2) 
PARAMETRIC_REPRESENTATION_CONTEXT() REPRESENTATION_CONTEXT('2D SPACE',''
  ) );
#7812 = ORIENTED_EDGE('',*,*,#7720,.F.);
#7813 = ORIENTED_EDGE('',*,*,#2417,.F.);
#7814 = ADVANCED_FACE('',(#7815),#2403,.T.);
#7815 = FACE_BOUND('',#7816,.T.);
#7816 = EDGE_LOOP('',(#7817,#7818,#7839,#7840));
#7817 = ORIENTED_EDGE('',*,*,#6666,.T.);
#7818 = ORIENTED_EDGE('',*,*,#7819,.T.);
#7819 = EDGE_CURVE('',#6639,#7770,#7820,.T.);
#7820 = SURFACE_CURVE('',#7821,(#7825,#7832),.PCURVE_S1.);
#7821 = B_SPLINE_CURVE_WITH_KNOTS('',2,(#7822,#7823,#7824),
  .UNSPECIFIED.,.F.,.F.,(3,3),(0.,1.),.PIECEWISE_BEZIER_KNOTS.);
#7822 = CARTESIAN_POINT('',(6.482704101563,-41.76961931669,
    6.884514841419));
#7823 = CARTESIAN_POINT('',(6.482704101563,-41.72652477863,
    7.002916111638));
#7824 = CARTESIAN_POINT('',(6.486901367188,-41.70210407279,
    7.070011449498));
#7825 = PCURVE('',#2403,#7826);
#7826 = DEFINITIONAL_REPRESENTATION('',(#7827),#7831);
#7827 = LINE('',#7828,#7829);
#7828 = CARTESIAN_POINT('',(0.,-0.5));
#7829 = VECTOR('',#7830,1.);
#7830 = DIRECTION('',(1.,0.));
#7831 = ( GEOMETRIC_REPRESENTATION_CONTEXT(2) 
PARAMETRIC_REPRESENTATION_CONTEXT() REPRESENTATION_CONTEXT('2D SPACE',''
  ) );
#7832 = PCURVE('',#6654,#7833);
#7833 = DEFINITIONAL_REPRESENTATION('',(#7834),#7838);
#7834 = B_SPLINE_CURVE_WITH_KNOTS('',2,(#7835,#7836,#7837),
  .UNSPECIFIED.,.F.,.F.,(3,3),(0.,1.),.PIECEWISE_BEZIER_KNOTS.);
#7835 = CARTESIAN_POINT('',(2.07060546875,0.525));
#7836 = CARTESIAN_POINT('',(2.07060546875,0.651));
#7837 = CARTESIAN_POINT('',(2.074802734375,0.722401367187));
#7838 = ( GEOMETRIC_REPRESENTATION_CONTEXT(2) 
PARAMETRIC_REPRESENTATION_CONTEXT() REPRESENTATION_CONTEXT('2D SPACE',''
  ) );
#7839 = ORIENTED_EDGE('',*,*,#7769,.F.);
#7840 = ORIENTED_EDGE('',*,*,#2387,.F.);
#7841 = ADVANCED_FACE('',(#7842),#3109,.T.);
#7842 = FACE_BOUND('',#7843,.T.);
#7843 = EDGE_LOOP('',(#7844,#7866,#7867,#7889,#7909,#7910));
#7844 = ORIENTED_EDGE('',*,*,#7845,.F.);
#7845 = EDGE_CURVE('',#3096,#7846,#7848,.T.);
#7846 = VERTEX_POINT('',#7847);
#7847 = CARTESIAN_POINT('',(26.5,-38.33627433716,14.273813370154));
#7848 = SURFACE_CURVE('',#7849,(#7852,#7859),.PCURVE_S1.);
#7849 = B_SPLINE_CURVE_WITH_KNOTS('',1,(#7850,#7851),.UNSPECIFIED.,.F.,
  .F.,(2,2),(0.,1.),.PIECEWISE_BEZIER_KNOTS.);
#7850 = CARTESIAN_POINT('',(27.7,-39.8743296541,13.556606397202));
#7851 = CARTESIAN_POINT('',(26.5,-38.33627433716,14.273813370154));
#7852 = PCURVE('',#3109,#7853);
#7853 = DEFINITIONAL_REPRESENTATION('',(#7854),#7858);
#7854 = LINE('',#7855,#7856);
#7855 = CARTESIAN_POINT('',(0.,0.));
#7856 = VECTOR('',#7857,1.);
#7857 = DIRECTION('',(0.,1.));
#7858 = ( GEOMETRIC_REPRESENTATION_CONTEXT(2) 
PARAMETRIC_REPRESENTATION_CONTEXT() REPRESENTATION_CONTEXT('2D SPACE',''
  ) );
#7859 = PCURVE('',#3134,#7860);
#7860 = DEFINITIONAL_REPRESENTATION('',(#7861),#7865);
#7861 = LINE('',#7862,#7863);
#7862 = CARTESIAN_POINT('',(60.4,0.));
#7863 = VECTOR('',#7864,1.);
#7864 = DIRECTION('',(0.,1.));
#7865 = ( GEOMETRIC_REPRESENTATION_CONTEXT(2) 
PARAMETRIC_REPRESENTATION_CONTEXT() REPRESENTATION_CONTEXT('2D SPACE',''
  ) );
#7866 = ORIENTED_EDGE('',*,*,#3093,.F.);
#7867 = ORIENTED_EDGE('',*,*,#7868,.T.);
#7868 = EDGE_CURVE('',#3094,#7869,#7871,.T.);
#7869 = VERTEX_POINT('',#7870);
#7870 = CARTESIAN_POINT('',(26.5,-23.42419608816,55.24441163642));
#7871 = SURFACE_CURVE('',#7872,(#7875,#7882),.PCURVE_S1.);
#7872 = B_SPLINE_CURVE_WITH_KNOTS('',1,(#7873,#7874),.UNSPECIFIED.,.F.,
  .F.,(2,2),(0.,1.),.PIECEWISE_BEZIER_KNOTS.);
#7873 = CARTESIAN_POINT('',(27.7,-24.14140306112,56.782466953354));
#7874 = CARTESIAN_POINT('',(26.5,-23.42419608816,55.24441163642));
#7875 = PCURVE('',#3109,#7876);
#7876 = DEFINITIONAL_REPRESENTATION('',(#7877),#7881);
#7877 = LINE('',#7878,#7879);
#7878 = CARTESIAN_POINT('',(46.,0.));
#7879 = VECTOR('',#7880,1.);
#7880 = DIRECTION('',(0.,1.));
#7881 = ( GEOMETRIC_REPRESENTATION_CONTEXT(2) 
PARAMETRIC_REPRESENTATION_CONTEXT() REPRESENTATION_CONTEXT('2D SPACE',''
  ) );
#7882 = PCURVE('',#3182,#7883);
#7883 = DEFINITIONAL_REPRESENTATION('',(#7884),#7888);
#7884 = LINE('',#7885,#7886);
#7885 = CARTESIAN_POINT('',(0.,0.));
#7886 = VECTOR('',#7887,1.);
#7887 = DIRECTION('',(0.,1.));
#7888 = ( GEOMETRIC_REPRESENTATION_CONTEXT(2) 
PARAMETRIC_REPRESENTATION_CONTEXT() REPRESENTATION_CONTEXT('2D SPACE',''
  ) );
#7889 = ORIENTED_EDGE('',*,*,#7890,.F.);
#7890 = EDGE_CURVE('',#3443,#7869,#7891,.T.);
#7891 = SURFACE_CURVE('',#7892,(#7896,#7902),.PCURVE_S1.);
#7892 = LINE('',#7893,#7894);
#7893 = CARTESIAN_POINT('',(26.5,-38.33627433716,14.273813370154));
#7894 = VECTOR('',#7895,1.);
#7895 = DIRECTION('',(0.,0.342020143326,0.939692620786));
#7896 = PCURVE('',#3109,#7897);
#7897 = DEFINITIONAL_REPRESENTATION('',(#7898),#7901);
#7898 = B_SPLINE_CURVE_WITH_KNOTS('',1,(#7899,#7900),.UNSPECIFIED.,.F.,
  .F.,(2,2),(0.,43.6),.PIECEWISE_BEZIER_KNOTS.);
#7899 = CARTESIAN_POINT('',(0.,1.));
#7900 = CARTESIAN_POINT('',(46.,1.));
#7901 = ( GEOMETRIC_REPRESENTATION_CONTEXT(2) 
PARAMETRIC_REPRESENTATION_CONTEXT() REPRESENTATION_CONTEXT('2D SPACE',''
  ) );
#7902 = PCURVE('',#3589,#7903);
#7903 = DEFINITIONAL_REPRESENTATION('',(#7904),#7908);
#7904 = LINE('',#7905,#7906);
#7905 = CARTESIAN_POINT('',(46.3616035748,34.851136480367));
#7906 = VECTOR('',#7907,1.);
#7907 = DIRECTION('',(0.600881663455,-0.799337992669));
#7908 = ( GEOMETRIC_REPRESENTATION_CONTEXT(2) 
PARAMETRIC_REPRESENTATION_CONTEXT() REPRESENTATION_CONTEXT('2D SPACE',''
  ) );
#7909 = ORIENTED_EDGE('',*,*,#3467,.F.);
#7910 = ORIENTED_EDGE('',*,*,#7911,.F.);
#7911 = EDGE_CURVE('',#7846,#3338,#7912,.T.);
#7912 = SURFACE_CURVE('',#7913,(#7917,#7923),.PCURVE_S1.);
#7913 = LINE('',#7914,#7915);
#7914 = CARTESIAN_POINT('',(26.5,-38.33627433716,14.273813370154));
#7915 = VECTOR('',#7916,1.);
#7916 = DIRECTION('',(0.,0.342020143326,0.939692620786));
#7917 = PCURVE('',#3109,#7918);
#7918 = DEFINITIONAL_REPRESENTATION('',(#7919),#7922);
#7919 = B_SPLINE_CURVE_WITH_KNOTS('',1,(#7920,#7921),.UNSPECIFIED.,.F.,
  .F.,(2,2),(0.,43.6),.PIECEWISE_BEZIER_KNOTS.);
#7920 = CARTESIAN_POINT('',(0.,1.));
#7921 = CARTESIAN_POINT('',(46.,1.));
#7922 = ( GEOMETRIC_REPRESENTATION_CONTEXT(2) 
PARAMETRIC_REPRESENTATION_CONTEXT() REPRESENTATION_CONTEXT('2D SPACE',''
  ) );
#7923 = PCURVE('',#3375,#7924);
#7924 = DEFINITIONAL_REPRESENTATION('',(#7925),#7929);
#7925 = LINE('',#7926,#7927);
#7926 = CARTESIAN_POINT('',(46.3616035748,34.851136480367));
#7927 = VECTOR('',#7928,1.);
#7928 = DIRECTION('',(0.600881663455,-0.799337992669));
#7929 = ( GEOMETRIC_REPRESENTATION_CONTEXT(2) 
PARAMETRIC_REPRESENTATION_CONTEXT() REPRESENTATION_CONTEXT('2D SPACE',''
  ) );
#7930 = ADVANCED_FACE('',(#7931),#3182,.T.);
#7931 = FACE_BOUND('',#7932,.T.);
#7932 = EDGE_LOOP('',(#7933,#7934,#7935,#7957,#7977,#7978));
#7933 = ORIENTED_EDGE('',*,*,#7868,.F.);
#7934 = ORIENTED_EDGE('',*,*,#3170,.F.);
#7935 = ORIENTED_EDGE('',*,*,#7936,.T.);
#7936 = EDGE_CURVE('',#3146,#7937,#7939,.T.);
#7937 = VERTEX_POINT('',#7938);
#7938 = CARTESIAN_POINT('',(-31.5,-23.42419608816,55.24441163642));
#7939 = SURFACE_CURVE('',#7940,(#7943,#7950),.PCURVE_S1.);
#7940 = B_SPLINE_CURVE_WITH_KNOTS('',1,(#7941,#7942),.UNSPECIFIED.,.F.,
  .F.,(2,2),(0.,1.),.PIECEWISE_BEZIER_KNOTS.);
#7941 = CARTESIAN_POINT('',(-32.7,-24.14140306112,56.782466953354));
#7942 = CARTESIAN_POINT('',(-31.5,-23.42419608816,55.24441163642));
#7943 = PCURVE('',#3182,#7944);
#7944 = DEFINITIONAL_REPRESENTATION('',(#7945),#7949);
#7945 = LINE('',#7946,#7947);
#7946 = CARTESIAN_POINT('',(60.4,0.));
#7947 = VECTOR('',#7948,1.);
#7948 = DIRECTION('',(0.,1.));
#7949 = ( GEOMETRIC_REPRESENTATION_CONTEXT(2) 
PARAMETRIC_REPRESENTATION_CONTEXT() REPRESENTATION_CONTEXT('2D SPACE',''
  ) );
#7950 = PCURVE('',#3159,#7951);
#7951 = DEFINITIONAL_REPRESENTATION('',(#7952),#7956);
#7952 = LINE('',#7953,#7954);
#7953 = CARTESIAN_POINT('',(0.,0.));
#7954 = VECTOR('',#7955,1.);
#7955 = DIRECTION('',(0.,1.));
#7956 = ( GEOMETRIC_REPRESENTATION_CONTEXT(2) 
PARAMETRIC_REPRESENTATION_CONTEXT() REPRESENTATION_CONTEXT('2D SPACE',''
  ) );
#7957 = ORIENTED_EDGE('',*,*,#7958,.F.);
#7958 = EDGE_CURVE('',#3657,#7937,#7959,.T.);
#7959 = SURFACE_CURVE('',#7960,(#7964,#7970),.PCURVE_S1.);
#7960 = LINE('',#7961,#7962);
#7961 = CARTESIAN_POINT('',(26.5,-23.42419608816,55.24441163642));
#7962 = VECTOR('',#7963,1.);
#7963 = DIRECTION('',(-1.,0.,0.));
#7964 = PCURVE('',#3182,#7965);
#7965 = DEFINITIONAL_REPRESENTATION('',(#7966),#7969);
#7966 = B_SPLINE_CURVE_WITH_KNOTS('',1,(#7967,#7968),.UNSPECIFIED.,.F.,
  .F.,(2,2),(0.,58.),.PIECEWISE_BEZIER_KNOTS.);
#7967 = CARTESIAN_POINT('',(0.,1.));
#7968 = CARTESIAN_POINT('',(60.4,1.));
#7969 = ( GEOMETRIC_REPRESENTATION_CONTEXT(2) 
PARAMETRIC_REPRESENTATION_CONTEXT() REPRESENTATION_CONTEXT('2D SPACE',''
  ) );
#7970 = PCURVE('',#3722,#7971);
#7971 = DEFINITIONAL_REPRESENTATION('',(#7972),#7976);
#7972 = LINE('',#7973,#7974);
#7973 = CARTESIAN_POINT('',(72.56004410142,7.105427357601E-15));
#7974 = VECTOR('',#7975,1.);
#7975 = DIRECTION('',(-0.799337992669,-0.600881663455));
#7976 = ( GEOMETRIC_REPRESENTATION_CONTEXT(2) 
PARAMETRIC_REPRESENTATION_CONTEXT() REPRESENTATION_CONTEXT('2D SPACE',''
  ) );
#7977 = ORIENTED_EDGE('',*,*,#3681,.F.);
#7978 = ORIENTED_EDGE('',*,*,#7979,.F.);
#7979 = EDGE_CURVE('',#7869,#3552,#7980,.T.);
#7980 = SURFACE_CURVE('',#7981,(#7985,#7991),.PCURVE_S1.);
#7981 = LINE('',#7982,#7983);
#7982 = CARTESIAN_POINT('',(26.5,-23.42419608816,55.24441163642));
#7983 = VECTOR('',#7984,1.);
#7984 = DIRECTION('',(-1.,0.,0.));
#7985 = PCURVE('',#3182,#7986);
#7986 = DEFINITIONAL_REPRESENTATION('',(#7987),#7990);
#7987 = B_SPLINE_CURVE_WITH_KNOTS('',1,(#7988,#7989),.UNSPECIFIED.,.F.,
  .F.,(2,2),(0.,58.),.PIECEWISE_BEZIER_KNOTS.);
#7988 = CARTESIAN_POINT('',(0.,1.));
#7989 = CARTESIAN_POINT('',(60.4,1.));
#7990 = ( GEOMETRIC_REPRESENTATION_CONTEXT(2) 
PARAMETRIC_REPRESENTATION_CONTEXT() REPRESENTATION_CONTEXT('2D SPACE',''
  ) );
#7991 = PCURVE('',#3589,#7992);
#7992 = DEFINITIONAL_REPRESENTATION('',(#7993),#7997);
#7993 = LINE('',#7994,#7995);
#7994 = CARTESIAN_POINT('',(72.56004410142,7.105427357601E-15));
#7995 = VECTOR('',#7996,1.);
#7996 = DIRECTION('',(-0.799337992669,-0.600881663455));
#7997 = ( GEOMETRIC_REPRESENTATION_CONTEXT(2) 
PARAMETRIC_REPRESENTATION_CONTEXT() REPRESENTATION_CONTEXT('2D SPACE',''
  ) );
#7998 = ADVANCED_FACE('',(#7999),#3134,.T.);
#7999 = FACE_BOUND('',#8000,.T.);
#8000 = EDGE_LOOP('',(#8001,#8023,#8024,#8025,#8045,#8046));
#8001 = ORIENTED_EDGE('',*,*,#8002,.F.);
#8002 = EDGE_CURVE('',#3121,#8003,#8005,.T.);
#8003 = VERTEX_POINT('',#8004);
#8004 = CARTESIAN_POINT('',(-31.5,-38.33627433716,14.273813370154));
#8005 = SURFACE_CURVE('',#8006,(#8009,#8016),.PCURVE_S1.);
#8006 = B_SPLINE_CURVE_WITH_KNOTS('',1,(#8007,#8008),.UNSPECIFIED.,.F.,
  .F.,(2,2),(0.,1.),.PIECEWISE_BEZIER_KNOTS.);
#8007 = CARTESIAN_POINT('',(-32.7,-39.8743296541,13.556606397202));
#8008 = CARTESIAN_POINT('',(-31.5,-38.33627433716,14.273813370154));
#8009 = PCURVE('',#3134,#8010);
#8010 = DEFINITIONAL_REPRESENTATION('',(#8011),#8015);
#8011 = LINE('',#8012,#8013);
#8012 = CARTESIAN_POINT('',(0.,0.));
#8013 = VECTOR('',#8014,1.);
#8014 = DIRECTION('',(0.,1.));
#8015 = ( GEOMETRIC_REPRESENTATION_CONTEXT(2) 
PARAMETRIC_REPRESENTATION_CONTEXT() REPRESENTATION_CONTEXT('2D SPACE',''
  ) );
#8016 = PCURVE('',#3159,#8017);
#8017 = DEFINITIONAL_REPRESENTATION('',(#8018),#8022);
#8018 = LINE('',#8019,#8020);
#8019 = CARTESIAN_POINT('',(46.,0.));
#8020 = VECTOR('',#8021,1.);
#8021 = DIRECTION('',(0.,1.));
#8022 = ( GEOMETRIC_REPRESENTATION_CONTEXT(2) 
PARAMETRIC_REPRESENTATION_CONTEXT() REPRESENTATION_CONTEXT('2D SPACE',''
  ) );
#8023 = ORIENTED_EDGE('',*,*,#3120,.F.);
#8024 = ORIENTED_EDGE('',*,*,#7845,.T.);
#8025 = ORIENTED_EDGE('',*,*,#8026,.F.);
#8026 = EDGE_CURVE('',#3314,#7846,#8027,.T.);
#8027 = SURFACE_CURVE('',#8028,(#8032,#8038),.PCURVE_S1.);
#8028 = LINE('',#8029,#8030);
#8029 = CARTESIAN_POINT('',(-31.5,-38.33627433716,14.273813370154));
#8030 = VECTOR('',#8031,1.);
#8031 = DIRECTION('',(1.,0.,0.));
#8032 = PCURVE('',#3134,#8033);
#8033 = DEFINITIONAL_REPRESENTATION('',(#8034),#8037);
#8034 = B_SPLINE_CURVE_WITH_KNOTS('',1,(#8035,#8036),.UNSPECIFIED.,.F.,
  .F.,(2,2),(0.,58.),.PIECEWISE_BEZIER_KNOTS.);
#8035 = CARTESIAN_POINT('',(0.,1.));
#8036 = CARTESIAN_POINT('',(60.4,1.));
#8037 = ( GEOMETRIC_REPRESENTATION_CONTEXT(2) 
PARAMETRIC_REPRESENTATION_CONTEXT() REPRESENTATION_CONTEXT('2D SPACE',''
  ) );
#8038 = PCURVE('',#3375,#8039);
#8039 = DEFINITIONAL_REPRESENTATION('',(#8040),#8044);
#8040 = LINE('',#8041,#8042);
#8041 = CARTESIAN_POINT('',(3.009028040675E-15,-4.002835466953E-15));
#8042 = VECTOR('',#8043,1.);
#8043 = DIRECTION('',(0.799337992669,0.600881663455));
#8044 = ( GEOMETRIC_REPRESENTATION_CONTEXT(2) 
PARAMETRIC_REPRESENTATION_CONTEXT() REPRESENTATION_CONTEXT('2D SPACE',''
  ) );
#8045 = ORIENTED_EDGE('',*,*,#3419,.F.);
#8046 = ORIENTED_EDGE('',*,*,#8047,.F.);
#8047 = EDGE_CURVE('',#8003,#3397,#8048,.T.);
#8048 = SURFACE_CURVE('',#8049,(#8053,#8059),.PCURVE_S1.);
#8049 = LINE('',#8050,#8051);
#8050 = CARTESIAN_POINT('',(-31.5,-38.33627433716,14.273813370154));
#8051 = VECTOR('',#8052,1.);
#8052 = DIRECTION('',(1.,0.,0.));
#8053 = PCURVE('',#3134,#8054);
#8054 = DEFINITIONAL_REPRESENTATION('',(#8055),#8058);
#8055 = B_SPLINE_CURVE_WITH_KNOTS('',1,(#8056,#8057),.UNSPECIFIED.,.F.,
  .F.,(2,2),(0.,58.),.PIECEWISE_BEZIER_KNOTS.);
#8056 = CARTESIAN_POINT('',(0.,1.));
#8057 = CARTESIAN_POINT('',(60.4,1.));
#8058 = ( GEOMETRIC_REPRESENTATION_CONTEXT(2) 
PARAMETRIC_REPRESENTATION_CONTEXT() REPRESENTATION_CONTEXT('2D SPACE',''
  ) );
#8059 = PCURVE('',#3530,#8060);
#8060 = DEFINITIONAL_REPRESENTATION('',(#8061),#8065);
#8061 = LINE('',#8062,#8063);
#8062 = CARTESIAN_POINT('',(3.009028040675E-15,-4.002835466953E-15));
#8063 = VECTOR('',#8064,1.);
#8064 = DIRECTION('',(0.799337992669,0.600881663455));
#8065 = ( GEOMETRIC_REPRESENTATION_CONTEXT(2) 
PARAMETRIC_REPRESENTATION_CONTEXT() REPRESENTATION_CONTEXT('2D SPACE',''
  ) );
#8066 = ADVANCED_FACE('',(#8067),#3159,.T.);
#8067 = FACE_BOUND('',#8068,.T.);
#8068 = EDGE_LOOP('',(#8069,#8070,#8071,#8072,#8092,#8093));
#8069 = ORIENTED_EDGE('',*,*,#7936,.F.);
#8070 = ORIENTED_EDGE('',*,*,#3145,.F.);
#8071 = ORIENTED_EDGE('',*,*,#8002,.T.);
#8072 = ORIENTED_EDGE('',*,*,#8073,.F.);
#8073 = EDGE_CURVE('',#3493,#8003,#8074,.T.);
#8074 = SURFACE_CURVE('',#8075,(#8079,#8085),.PCURVE_S1.);
#8075 = LINE('',#8076,#8077);
#8076 = CARTESIAN_POINT('',(-31.5,-23.42419608816,55.24441163642));
#8077 = VECTOR('',#8078,1.);
#8078 = DIRECTION('',(0.,-0.342020143326,-0.939692620786));
#8079 = PCURVE('',#3159,#8080);
#8080 = DEFINITIONAL_REPRESENTATION('',(#8081),#8084);
#8081 = B_SPLINE_CURVE_WITH_KNOTS('',1,(#8082,#8083),.UNSPECIFIED.,.F.,
  .F.,(2,2),(0.,43.6),.PIECEWISE_BEZIER_KNOTS.);
#8082 = CARTESIAN_POINT('',(0.,1.));
#8083 = CARTESIAN_POINT('',(46.,1.));
#8084 = ( GEOMETRIC_REPRESENTATION_CONTEXT(2) 
PARAMETRIC_REPRESENTATION_CONTEXT() REPRESENTATION_CONTEXT('2D SPACE',''
  ) );
#8085 = PCURVE('',#3530,#8086);
#8086 = DEFINITIONAL_REPRESENTATION('',(#8087),#8091);
#8087 = LINE('',#8088,#8089);
#8088 = CARTESIAN_POINT('',(26.19844052662,-34.85113648036));
#8089 = VECTOR('',#8090,1.);
#8090 = DIRECTION('',(-0.600881663455,0.799337992669));
#8091 = ( GEOMETRIC_REPRESENTATION_CONTEXT(2) 
PARAMETRIC_REPRESENTATION_CONTEXT() REPRESENTATION_CONTEXT('2D SPACE',''
  ) );
#8092 = ORIENTED_EDGE('',*,*,#3633,.F.);
#8093 = ORIENTED_EDGE('',*,*,#8094,.F.);
#8094 = EDGE_CURVE('',#7937,#3611,#8095,.T.);
#8095 = SURFACE_CURVE('',#8096,(#8100,#8106),.PCURVE_S1.);
#8096 = LINE('',#8097,#8098);
#8097 = CARTESIAN_POINT('',(-31.5,-23.42419608816,55.24441163642));
#8098 = VECTOR('',#8099,1.);
#8099 = DIRECTION('',(0.,-0.342020143326,-0.939692620786));
#8100 = PCURVE('',#3159,#8101);
#8101 = DEFINITIONAL_REPRESENTATION('',(#8102),#8105);
#8102 = B_SPLINE_CURVE_WITH_KNOTS('',1,(#8103,#8104),.UNSPECIFIED.,.F.,
  .F.,(2,2),(0.,43.6),.PIECEWISE_BEZIER_KNOTS.);
#8103 = CARTESIAN_POINT('',(0.,1.));
#8104 = CARTESIAN_POINT('',(46.,1.));
#8105 = ( GEOMETRIC_REPRESENTATION_CONTEXT(2) 
PARAMETRIC_REPRESENTATION_CONTEXT() REPRESENTATION_CONTEXT('2D SPACE',''
  ) );
#8106 = PCURVE('',#3722,#8107);
#8107 = DEFINITIONAL_REPRESENTATION('',(#8108),#8112);
#8108 = LINE('',#8109,#8110);
#8109 = CARTESIAN_POINT('',(26.19844052662,-34.85113648036));
#8110 = VECTOR('',#8111,1.);
#8111 = DIRECTION('',(-0.600881663455,0.799337992669));
#8112 = ( GEOMETRIC_REPRESENTATION_CONTEXT(2) 
PARAMETRIC_REPRESENTATION_CONTEXT() REPRESENTATION_CONTEXT('2D SPACE',''
  ) );
#8113 = ADVANCED_FACE('',(#8114,#8117),#3220,.F.);
#8114 = FACE_BOUND('',#8115,.F.);
#8115 = EDGE_LOOP('',(#8116));
#8116 = ORIENTED_EDGE('',*,*,#3203,.T.);
#8117 = FACE_BOUND('',#8118,.F.);
#8118 = EDGE_LOOP('',(#8119));
#8119 = ORIENTED_EDGE('',*,*,#8120,.T.);
#8120 = EDGE_CURVE('',#8121,#8121,#8123,.T.);
#8121 = VERTEX_POINT('',#8122);
#8122 = CARTESIAN_POINT('',(-37.55,-33.55119395011,13.383528758676));
#8123 = SURFACE_CURVE('',#8124,(#8129,#8140),.PCURVE_S1.);
#8124 = CIRCLE('',#8125,1.45);
#8125 = AXIS2_PLACEMENT_3D('',#8126,#8127,#8128);
#8126 = CARTESIAN_POINT('',(-39.,-33.55119395011,13.383528758676));
#8127 = DIRECTION('',(0.,0.939692620786,-0.342020143326));
#8128 = DIRECTION('',(1.,0.,0.));
#8129 = PCURVE('',#3220,#8130);
#8130 = DEFINITIONAL_REPRESENTATION('',(#8131),#8139);
#8131 = ( BOUNDED_CURVE() B_SPLINE_CURVE(2,(#8132,#8133,#8134,#8135,
#8136,#8137,#8138),.UNSPECIFIED.,.T.,.F.) B_SPLINE_CURVE_WITH_KNOTS((1,2
    ,2,2,2,1),(-2.094395102393,0.,2.094395102393,4.188790204786,
6.28318530718,8.377580409573),.UNSPECIFIED.) CURVE() 
GEOMETRIC_REPRESENTATION_ITEM() RATIONAL_B_SPLINE_CURVE((1.,0.5,1.,0.5,
1.,0.5,1.)) REPRESENTATION_ITEM('') );
#8132 = CARTESIAN_POINT('',(1.45,-3.338458827734E-15));
#8133 = CARTESIAN_POINT('',(1.45,-2.511473670975));
#8134 = CARTESIAN_POINT('',(-0.725,-1.255736835487));
#8135 = CARTESIAN_POINT('',(-2.9,-3.693606399487E-15));
#8136 = CARTESIAN_POINT('',(-0.725,1.255736835487));
#8137 = CARTESIAN_POINT('',(1.45,2.511473670975));
#8138 = CARTESIAN_POINT('',(1.45,-3.338458827734E-15));
#8139 = ( GEOMETRIC_REPRESENTATION_CONTEXT(2) 
PARAMETRIC_REPRESENTATION_CONTEXT() REPRESENTATION_CONTEXT('2D SPACE',''
  ) );
#8140 = PCURVE('',#8141,#8146);
#8141 = CYLINDRICAL_SURFACE('',#8142,1.45);
#8142 = AXIS2_PLACEMENT_3D('',#8143,#8144,#8145);
#8143 = CARTESIAN_POINT('',(-39.,-31.29593166022,12.562680414695));
#8144 = DIRECTION('',(-0.,0.939692620786,-0.342020143326));
#8145 = DIRECTION('',(1.,0.,0.));
#8146 = DEFINITIONAL_REPRESENTATION('',(#8147),#8151);
#8147 = LINE('',#8148,#8149);
#8148 = CARTESIAN_POINT('',(-6.28318530718,-2.4));
#8149 = VECTOR('',#8150,1.);
#8150 = DIRECTION('',(1.,-0.));
#8151 = ( GEOMETRIC_REPRESENTATION_CONTEXT(2) 
PARAMETRIC_REPRESENTATION_CONTEXT() REPRESENTATION_CONTEXT('2D SPACE',''
  ) );
#8152 = ADVANCED_FACE('',(#8153,#8156),#3275,.F.);
#8153 = FACE_BOUND('',#8154,.F.);
#8154 = EDGE_LOOP('',(#8155));
#8155 = ORIENTED_EDGE('',*,*,#3258,.T.);
#8156 = FACE_BOUND('',#8157,.F.);
#8157 = EDGE_LOOP('',(#8158));
#8158 = ORIENTED_EDGE('',*,*,#8159,.T.);
#8159 = EDGE_CURVE('',#8160,#8160,#8162,.T.);
#8160 = VERTEX_POINT('',#8161);
#8161 = CARTESIAN_POINT('',(40.45,-33.55119395011,13.383528758676));
#8162 = SURFACE_CURVE('',#8163,(#8168,#8179),.PCURVE_S1.);
#8163 = CIRCLE('',#8164,1.45);
#8164 = AXIS2_PLACEMENT_3D('',#8165,#8166,#8167);
#8165 = CARTESIAN_POINT('',(39.,-33.55119395011,13.383528758676));
#8166 = DIRECTION('',(0.,0.939692620786,-0.342020143326));
#8167 = DIRECTION('',(1.,0.,0.));
#8168 = PCURVE('',#3275,#8169);
#8169 = DEFINITIONAL_REPRESENTATION('',(#8170),#8178);
#8170 = ( BOUNDED_CURVE() B_SPLINE_CURVE(2,(#8171,#8172,#8173,#8174,
#8175,#8176,#8177),.UNSPECIFIED.,.T.,.F.) B_SPLINE_CURVE_WITH_KNOTS((1,2
    ,2,2,2,1),(-2.094395102393,0.,2.094395102393,4.188790204786,
6.28318530718,8.377580409573),.UNSPECIFIED.) CURVE() 
GEOMETRIC_REPRESENTATION_ITEM() RATIONAL_B_SPLINE_CURVE((1.,0.5,1.,0.5,
1.,0.5,1.)) REPRESENTATION_ITEM('') );
#8171 = CARTESIAN_POINT('',(1.45,-3.338458827734E-15));
#8172 = CARTESIAN_POINT('',(1.45,-2.511473670975));
#8173 = CARTESIAN_POINT('',(-0.725,-1.255736835487));
#8174 = CARTESIAN_POINT('',(-2.9,-3.693606399487E-15));
#8175 = CARTESIAN_POINT('',(-0.725,1.255736835487));
#8176 = CARTESIAN_POINT('',(1.45,2.511473670975));
#8177 = CARTESIAN_POINT('',(1.45,-3.338458827734E-15));
#8178 = ( GEOMETRIC_REPRESENTATION_CONTEXT(2) 
PARAMETRIC_REPRESENTATION_CONTEXT() REPRESENTATION_CONTEXT('2D SPACE',''
  ) );
#8179 = PCURVE('',#8180,#8185);
#8180 = CYLINDRICAL_SURFACE('',#8181,1.45);
#8181 = AXIS2_PLACEMENT_3D('',#8182,#8183,#8184);
#8182 = CARTESIAN_POINT('',(39.,-31.29593166022,12.562680414695));
#8183 = DIRECTION('',(-0.,0.939692620786,-0.342020143326));
#8184 = DIRECTION('',(1.,0.,0.));
#8185 = DEFINITIONAL_REPRESENTATION('',(#8186),#8190);
#8186 = LINE('',#8187,#8188);
#8187 = CARTESIAN_POINT('',(-6.28318530718,-2.4));
#8188 = VECTOR('',#8189,1.);
#8189 = DIRECTION('',(1.,-0.));
#8190 = ( GEOMETRIC_REPRESENTATION_CONTEXT(2) 
PARAMETRIC_REPRESENTATION_CONTEXT() REPRESENTATION_CONTEXT('2D SPACE',''
  ) );
#8191 = ADVANCED_FACE('',(#8192),#3375,.F.);
#8192 = FACE_BOUND('',#8193,.F.);
#8193 = EDGE_LOOP('',(#8194,#8195,#8196));
#8194 = ORIENTED_EDGE('',*,*,#8026,.F.);
#8195 = ORIENTED_EDGE('',*,*,#3360,.T.);
#8196 = ORIENTED_EDGE('',*,*,#7911,.F.);
#8197 = ADVANCED_FACE('',(#8198),#3530,.F.);
#8198 = FACE_BOUND('',#8199,.F.);
#8199 = EDGE_LOOP('',(#8200,#8201,#8202));
#8200 = ORIENTED_EDGE('',*,*,#8047,.F.);
#8201 = ORIENTED_EDGE('',*,*,#8073,.F.);
#8202 = ORIENTED_EDGE('',*,*,#3515,.T.);
#8203 = ADVANCED_FACE('',(#8204),#3589,.F.);
#8204 = FACE_BOUND('',#8205,.F.);
#8205 = EDGE_LOOP('',(#8206,#8207,#8208));
#8206 = ORIENTED_EDGE('',*,*,#7890,.F.);
#8207 = ORIENTED_EDGE('',*,*,#3574,.T.);
#8208 = ORIENTED_EDGE('',*,*,#7979,.F.);
#8209 = ADVANCED_FACE('',(#8210),#3722,.F.);
#8210 = FACE_BOUND('',#8211,.F.);
#8211 = EDGE_LOOP('',(#8212,#8213,#8214));
#8212 = ORIENTED_EDGE('',*,*,#3707,.T.);
#8213 = ORIENTED_EDGE('',*,*,#8094,.F.);
#8214 = ORIENTED_EDGE('',*,*,#7958,.F.);
#8215 = ADVANCED_FACE('',(#8216,#8219),#3758,.F.);
#8216 = FACE_BOUND('',#8217,.F.);
#8217 = EDGE_LOOP('',(#8218));
#8218 = ORIENTED_EDGE('',*,*,#3741,.T.);
#8219 = FACE_BOUND('',#8220,.F.);
#8220 = EDGE_LOOP('',(#8221));
#8221 = ORIENTED_EDGE('',*,*,#8222,.T.);
#8222 = EDGE_CURVE('',#8223,#8223,#8225,.T.);
#8223 = VERTEX_POINT('',#8224);
#8224 = CARTESIAN_POINT('',(-37.55,-19.18634793043,52.850618831684));
#8225 = SURFACE_CURVE('',#8226,(#8231,#8242),.PCURVE_S1.);
#8226 = CIRCLE('',#8227,1.45);
#8227 = AXIS2_PLACEMENT_3D('',#8228,#8229,#8230);
#8228 = CARTESIAN_POINT('',(-39.,-19.18634793043,52.850618831684));
#8229 = DIRECTION('',(0.,0.939692620786,-0.342020143326));
#8230 = DIRECTION('',(1.,0.,0.));
#8231 = PCURVE('',#3758,#8232);
#8232 = DEFINITIONAL_REPRESENTATION('',(#8233),#8241);
#8233 = ( BOUNDED_CURVE() B_SPLINE_CURVE(2,(#8234,#8235,#8236,#8237,
#8238,#8239,#8240),.UNSPECIFIED.,.T.,.F.) B_SPLINE_CURVE_WITH_KNOTS((1,2
    ,2,2,2,1),(-2.094395102393,0.,2.094395102393,4.188790204786,
6.28318530718,8.377580409573),.UNSPECIFIED.) CURVE() 
GEOMETRIC_REPRESENTATION_ITEM() RATIONAL_B_SPLINE_CURVE((1.,0.5,1.,0.5,
1.,0.5,1.)) REPRESENTATION_ITEM('') );
#8234 = CARTESIAN_POINT('',(1.45,0.));
#8235 = CARTESIAN_POINT('',(1.45,-2.511473670975));
#8236 = CARTESIAN_POINT('',(-0.725,-1.255736835487));
#8237 = CARTESIAN_POINT('',(-2.9,-3.551475717527E-16));
#8238 = CARTESIAN_POINT('',(-0.725,1.255736835487));
#8239 = CARTESIAN_POINT('',(1.45,2.511473670975));
#8240 = CARTESIAN_POINT('',(1.45,0.));
#8241 = ( GEOMETRIC_REPRESENTATION_CONTEXT(2) 
PARAMETRIC_REPRESENTATION_CONTEXT() REPRESENTATION_CONTEXT('2D SPACE',''
  ) );
#8242 = PCURVE('',#8243,#8248);
#8243 = CYLINDRICAL_SURFACE('',#8244,1.45);
#8244 = AXIS2_PLACEMENT_3D('',#8245,#8246,#8247);
#8245 = CARTESIAN_POINT('',(-39.,-16.93108564054,52.029770487703));
#8246 = DIRECTION('',(-0.,0.939692620786,-0.342020143326));
#8247 = DIRECTION('',(1.,0.,0.));
#8248 = DEFINITIONAL_REPRESENTATION('',(#8249),#8253);
#8249 = LINE('',#8250,#8251);
#8250 = CARTESIAN_POINT('',(-6.28318530718,-2.4));
#8251 = VECTOR('',#8252,1.);
#8252 = DIRECTION('',(1.,-0.));
#8253 = ( GEOMETRIC_REPRESENTATION_CONTEXT(2) 
PARAMETRIC_REPRESENTATION_CONTEXT() REPRESENTATION_CONTEXT('2D SPACE',''
  ) );
#8254 = ADVANCED_FACE('',(#8255,#8258),#3813,.F.);
#8255 = FACE_BOUND('',#8256,.F.);
#8256 = EDGE_LOOP('',(#8257));
#8257 = ORIENTED_EDGE('',*,*,#3796,.T.);
#8258 = FACE_BOUND('',#8259,.F.);
#8259 = EDGE_LOOP('',(#8260));
#8260 = ORIENTED_EDGE('',*,*,#8261,.T.);
#8261 = EDGE_CURVE('',#8262,#8262,#8264,.T.);
#8262 = VERTEX_POINT('',#8263);
#8263 = CARTESIAN_POINT('',(40.45,-19.18634793043,52.850618831684));
#8264 = SURFACE_CURVE('',#8265,(#8270,#8281),.PCURVE_S1.);
#8265 = CIRCLE('',#8266,1.45);
#8266 = AXIS2_PLACEMENT_3D('',#8267,#8268,#8269);
#8267 = CARTESIAN_POINT('',(39.,-19.18634793043,52.850618831684));
#8268 = DIRECTION('',(0.,0.939692620786,-0.342020143326));
#8269 = DIRECTION('',(1.,0.,0.));
#8270 = PCURVE('',#3813,#8271);
#8271 = DEFINITIONAL_REPRESENTATION('',(#8272),#8280);
#8272 = ( BOUNDED_CURVE() B_SPLINE_CURVE(2,(#8273,#8274,#8275,#8276,
#8277,#8278,#8279),.UNSPECIFIED.,.T.,.F.) B_SPLINE_CURVE_WITH_KNOTS((1,2
    ,2,2,2,1),(-2.094395102393,0.,2.094395102393,4.188790204786,
6.28318530718,8.377580409573),.UNSPECIFIED.) CURVE() 
GEOMETRIC_REPRESENTATION_ITEM() RATIONAL_B_SPLINE_CURVE((1.,0.5,1.,0.5,
1.,0.5,1.)) REPRESENTATION_ITEM('') );
#8273 = CARTESIAN_POINT('',(1.45,0.));
#8274 = CARTESIAN_POINT('',(1.45,-2.511473670975));
#8275 = CARTESIAN_POINT('',(-0.725,-1.255736835487));
#8276 = CARTESIAN_POINT('',(-2.9,-3.551475717527E-16));
#8277 = CARTESIAN_POINT('',(-0.725,1.255736835487));
#8278 = CARTESIAN_POINT('',(1.45,2.511473670975));
#8279 = CARTESIAN_POINT('',(1.45,0.));
#8280 = ( GEOMETRIC_REPRESENTATION_CONTEXT(2) 
PARAMETRIC_REPRESENTATION_CONTEXT() REPRESENTATION_CONTEXT('2D SPACE',''
  ) );
#8281 = PCURVE('',#8282,#8287);
#8282 = CYLINDRICAL_SURFACE('',#8283,1.45);
#8283 = AXIS2_PLACEMENT_3D('',#8284,#8285,#8286);
#8284 = CARTESIAN_POINT('',(39.,-16.93108564054,52.029770487703));
#8285 = DIRECTION('',(-0.,0.939692620786,-0.342020143326));
#8286 = DIRECTION('',(1.,0.,0.));
#8287 = DEFINITIONAL_REPRESENTATION('',(#8288),#8292);
#8288 = LINE('',#8289,#8290);
#8289 = CARTESIAN_POINT('',(-6.28318530718,-2.4));
#8290 = VECTOR('',#8291,1.);
#8291 = DIRECTION('',(1.,-0.));
#8292 = ( GEOMETRIC_REPRESENTATION_CONTEXT(2) 
PARAMETRIC_REPRESENTATION_CONTEXT() REPRESENTATION_CONTEXT('2D SPACE',''
  ) );
#8293 = ADVANCED_FACE('',(#8294),#3890,.T.);
#8294 = FACE_BOUND('',#8295,.F.);
#8295 = EDGE_LOOP('',(#8296,#8297,#8298,#8299,#8300,#8301,#8302,#8303,
    #8304,#8305,#8306,#8307,#8308,#8309,#8310,#8311,#8312,#8313,#8314,
    #8315,#8316,#8317,#8318,#8319,#8320,#8321,#8322,#8323,#8324,#8325));
#8296 = ORIENTED_EDGE('',*,*,#5300,.T.);
#8297 = ORIENTED_EDGE('',*,*,#5273,.T.);
#8298 = ORIENTED_EDGE('',*,*,#5224,.T.);
#8299 = ORIENTED_EDGE('',*,*,#5175,.T.);
#8300 = ORIENTED_EDGE('',*,*,#5126,.T.);
#8301 = ORIENTED_EDGE('',*,*,#5077,.T.);
#8302 = ORIENTED_EDGE('',*,*,#5028,.T.);
#8303 = ORIENTED_EDGE('',*,*,#4979,.T.);
#8304 = ORIENTED_EDGE('',*,*,#4930,.T.);
#8305 = ORIENTED_EDGE('',*,*,#4881,.T.);
#8306 = ORIENTED_EDGE('',*,*,#4832,.T.);
#8307 = ORIENTED_EDGE('',*,*,#4783,.T.);
#8308 = ORIENTED_EDGE('',*,*,#4734,.T.);
#8309 = ORIENTED_EDGE('',*,*,#4685,.T.);
#8310 = ORIENTED_EDGE('',*,*,#4636,.T.);
#8311 = ORIENTED_EDGE('',*,*,#4587,.T.);
#8312 = ORIENTED_EDGE('',*,*,#4538,.T.);
#8313 = ORIENTED_EDGE('',*,*,#4489,.T.);
#8314 = ORIENTED_EDGE('',*,*,#4440,.T.);
#8315 = ORIENTED_EDGE('',*,*,#4391,.T.);
#8316 = ORIENTED_EDGE('',*,*,#4342,.T.);
#8317 = ORIENTED_EDGE('',*,*,#4293,.T.);
#8318 = ORIENTED_EDGE('',*,*,#4244,.T.);
#8319 = ORIENTED_EDGE('',*,*,#4195,.T.);
#8320 = ORIENTED_EDGE('',*,*,#4146,.T.);
#8321 = ORIENTED_EDGE('',*,*,#4097,.T.);
#8322 = ORIENTED_EDGE('',*,*,#4048,.T.);
#8323 = ORIENTED_EDGE('',*,*,#3999,.T.);
#8324 = ORIENTED_EDGE('',*,*,#3950,.T.);
#8325 = ORIENTED_EDGE('',*,*,#3874,.T.);
#8326 = ADVANCED_FACE('',(#8327,#8337),#5365,.T.);
#8327 = FACE_BOUND('',#8328,.F.);
#8328 = EDGE_LOOP('',(#8329,#8330,#8331,#8332,#8333,#8334,#8335,#8336));
#8329 = ORIENTED_EDGE('',*,*,#5697,.T.);
#8330 = ORIENTED_EDGE('',*,*,#5670,.T.);
#8331 = ORIENTED_EDGE('',*,*,#5621,.T.);
#8332 = ORIENTED_EDGE('',*,*,#5572,.T.);
#8333 = ORIENTED_EDGE('',*,*,#5523,.T.);
#8334 = ORIENTED_EDGE('',*,*,#5474,.T.);
#8335 = ORIENTED_EDGE('',*,*,#5425,.T.);
#8336 = ORIENTED_EDGE('',*,*,#5349,.T.);
#8337 = FACE_BOUND('',#8338,.F.);
#8338 = EDGE_LOOP('',(#8339,#8371,#8401,#8431,#8461,#8491,#8521,#8551));
#8339 = ORIENTED_EDGE('',*,*,#8340,.T.);
#8340 = EDGE_CURVE('',#8341,#8343,#8345,.T.);
#8341 = VERTEX_POINT('',#8342);
#8342 = CARTESIAN_POINT('',(-3.026098632812,-41.06861296051,
    8.810513975926));
#8343 = VERTEX_POINT('',#8344);
#8344 = CARTESIAN_POINT('',(-3.639295898438,-41.16844910795,
    8.536216415182));
#8345 = SURFACE_CURVE('',#8346,(#8350,#8357),.PCURVE_S1.);
#8346 = B_SPLINE_CURVE_WITH_KNOTS('',2,(#8347,#8348,#8349),
  .UNSPECIFIED.,.F.,.F.,(3,3),(0.,1.),.PIECEWISE_BEZIER_KNOTS.);
#8347 = CARTESIAN_POINT('',(-3.026098632812,-41.06861296051,
    8.810513975926));
#8348 = CARTESIAN_POINT('',(-3.408295898438,-41.06861296051,
    8.810513975926));
#8349 = CARTESIAN_POINT('',(-3.639295898438,-41.16844910795,
    8.536216415182));
#8350 = PCURVE('',#5365,#8351);
#8351 = DEFINITIONAL_REPRESENTATION('',(#8352),#8356);
#8352 = B_SPLINE_CURVE_WITH_KNOTS('',2,(#8353,#8354,#8355),
  .UNSPECIFIED.,.F.,.F.,(3,3),(0.,1.),.PIECEWISE_BEZIER_KNOTS.);
#8353 = CARTESIAN_POINT('',(1.642197265625,2.57460546875));
#8354 = CARTESIAN_POINT('',(1.26,2.57460546875));
#8355 = CARTESIAN_POINT('',(1.029,2.282704101562));
#8356 = ( GEOMETRIC_REPRESENTATION_CONTEXT(2) 
PARAMETRIC_REPRESENTATION_CONTEXT() REPRESENTATION_CONTEXT('2D SPACE',''
  ) );
#8357 = PCURVE('',#8358,#8365);
#8358 = SURFACE_OF_LINEAR_EXTRUSION('',#8359,#8363);
#8359 = B_SPLINE_CURVE_WITH_KNOTS('',2,(#8360,#8361,#8362),
  .UNSPECIFIED.,.F.,.F.,(3,3),(0.,1.),.PIECEWISE_BEZIER_KNOTS.);
#8360 = CARTESIAN_POINT('',(-3.026098632812,-41.5384592709,
    8.981524047588));
#8361 = CARTESIAN_POINT('',(-3.408295898438,-41.5384592709,
    8.981524047588));
#8362 = CARTESIAN_POINT('',(-3.639295898438,-41.63829541834,
    8.707226486845));
#8363 = VECTOR('',#8364,1.);
#8364 = DIRECTION('',(0.,-0.939692620786,0.342020143326));
#8365 = DEFINITIONAL_REPRESENTATION('',(#8366),#8370);
#8366 = LINE('',#8367,#8368);
#8367 = CARTESIAN_POINT('',(0.,-0.5));
#8368 = VECTOR('',#8369,1.);
#8369 = DIRECTION('',(1.,0.));
#8370 = ( GEOMETRIC_REPRESENTATION_CONTEXT(2) 
PARAMETRIC_REPRESENTATION_CONTEXT() REPRESENTATION_CONTEXT('2D SPACE',''
  ) );
#8371 = ORIENTED_EDGE('',*,*,#8372,.T.);
#8372 = EDGE_CURVE('',#8343,#8373,#8375,.T.);
#8373 = VERTEX_POINT('',#8374);
#8374 = CARTESIAN_POINT('',(-3.870295898437,-41.43348098462,
    7.808047318599));
#8375 = SURFACE_CURVE('',#8376,(#8380,#8387),.PCURVE_S1.);
#8376 = B_SPLINE_CURVE_WITH_KNOTS('',2,(#8377,#8378,#8379),
  .UNSPECIFIED.,.F.,.F.,(3,3),(0.,1.),.PIECEWISE_BEZIER_KNOTS.);
#8377 = CARTESIAN_POINT('',(-3.639295898438,-41.16844910795,
    8.536216415182));
#8378 = CARTESIAN_POINT('',(-3.870295898437,-41.26828525539,
    8.261918854439));
#8379 = CARTESIAN_POINT('',(-3.870295898437,-41.43348098462,
    7.808047318599));
#8380 = PCURVE('',#5365,#8381);
#8381 = DEFINITIONAL_REPRESENTATION('',(#8382),#8386);
#8382 = B_SPLINE_CURVE_WITH_KNOTS('',2,(#8383,#8384,#8385),
  .UNSPECIFIED.,.F.,.F.,(3,3),(0.,1.),.PIECEWISE_BEZIER_KNOTS.);
#8383 = CARTESIAN_POINT('',(1.029,2.282704101562));
#8384 = CARTESIAN_POINT('',(0.798,1.990802734375));
#8385 = CARTESIAN_POINT('',(0.798,1.507802734375));
#8386 = ( GEOMETRIC_REPRESENTATION_CONTEXT(2) 
PARAMETRIC_REPRESENTATION_CONTEXT() REPRESENTATION_CONTEXT('2D SPACE',''
  ) );
#8387 = PCURVE('',#8388,#8395);
#8388 = SURFACE_OF_LINEAR_EXTRUSION('',#8389,#8393);
#8389 = B_SPLINE_CURVE_WITH_KNOTS('',2,(#8390,#8391,#8392),
  .UNSPECIFIED.,.F.,.F.,(3,3),(0.,1.),.PIECEWISE_BEZIER_KNOTS.);
#8390 = CARTESIAN_POINT('',(-3.639295898438,-41.63829541834,
    8.707226486845));
#8391 = CARTESIAN_POINT('',(-3.870295898437,-41.73813156578,
    8.432928926102));
#8392 = CARTESIAN_POINT('',(-3.870295898437,-41.90332729501,
    7.979057390262));
#8393 = VECTOR('',#8394,1.);
#8394 = DIRECTION('',(0.,-0.939692620786,0.342020143326));
#8395 = DEFINITIONAL_REPRESENTATION('',(#8396),#8400);
#8396 = LINE('',#8397,#8398);
#8397 = CARTESIAN_POINT('',(0.,-0.5));
#8398 = VECTOR('',#8399,1.);
#8399 = DIRECTION('',(1.,0.));
#8400 = ( GEOMETRIC_REPRESENTATION_CONTEXT(2) 
PARAMETRIC_REPRESENTATION_CONTEXT() REPRESENTATION_CONTEXT('2D SPACE',''
  ) );
#8401 = ORIENTED_EDGE('',*,*,#8402,.T.);
#8402 = EDGE_CURVE('',#8373,#8403,#8405,.T.);
#8403 = VERTEX_POINT('',#8404);
#8404 = CARTESIAN_POINT('',(-3.639295898438,-41.69851286129,
    7.079878222016));
#8405 = SURFACE_CURVE('',#8406,(#8410,#8417),.PCURVE_S1.);
#8406 = B_SPLINE_CURVE_WITH_KNOTS('',2,(#8407,#8408,#8409),
  .UNSPECIFIED.,.F.,.F.,(3,3),(0.,1.),.PIECEWISE_BEZIER_KNOTS.);
#8407 = CARTESIAN_POINT('',(-3.870295898437,-41.43348098462,
    7.808047318599));
#8408 = CARTESIAN_POINT('',(-3.870295898437,-41.59867671384,
    7.35417578276));
#8409 = CARTESIAN_POINT('',(-3.639295898438,-41.69851286129,
    7.079878222016));
#8410 = PCURVE('',#5365,#8411);
#8411 = DEFINITIONAL_REPRESENTATION('',(#8412),#8416);
#8412 = B_SPLINE_CURVE_WITH_KNOTS('',2,(#8413,#8414,#8415),
  .UNSPECIFIED.,.F.,.F.,(3,3),(0.,1.),.PIECEWISE_BEZIER_KNOTS.);
#8413 = CARTESIAN_POINT('',(0.798,1.507802734375));
#8414 = CARTESIAN_POINT('',(0.798,1.024802734375));
#8415 = CARTESIAN_POINT('',(1.029,0.732901367187));
#8416 = ( GEOMETRIC_REPRESENTATION_CONTEXT(2) 
PARAMETRIC_REPRESENTATION_CONTEXT() REPRESENTATION_CONTEXT('2D SPACE',''
  ) );
#8417 = PCURVE('',#8418,#8425);
#8418 = SURFACE_OF_LINEAR_EXTRUSION('',#8419,#8423);
#8419 = B_SPLINE_CURVE_WITH_KNOTS('',2,(#8420,#8421,#8422),
  .UNSPECIFIED.,.F.,.F.,(3,3),(0.,1.),.PIECEWISE_BEZIER_KNOTS.);
#8420 = CARTESIAN_POINT('',(-3.870295898437,-41.90332729501,
    7.979057390262));
#8421 = CARTESIAN_POINT('',(-3.870295898437,-42.06852302424,
    7.525185854422));
#8422 = CARTESIAN_POINT('',(-3.639295898438,-42.16835917168,
    7.250888293679));
#8423 = VECTOR('',#8424,1.);
#8424 = DIRECTION('',(0.,-0.939692620786,0.342020143326));
#8425 = DEFINITIONAL_REPRESENTATION('',(#8426),#8430);
#8426 = LINE('',#8427,#8428);
#8427 = CARTESIAN_POINT('',(0.,-0.5));
#8428 = VECTOR('',#8429,1.);
#8429 = DIRECTION('',(1.,0.));
#8430 = ( GEOMETRIC_REPRESENTATION_CONTEXT(2) 
PARAMETRIC_REPRESENTATION_CONTEXT() REPRESENTATION_CONTEXT('2D SPACE',''
  ) );
#8431 = ORIENTED_EDGE('',*,*,#8432,.T.);
#8432 = EDGE_CURVE('',#8403,#8433,#8435,.T.);
#8433 = VERTEX_POINT('',#8434);
#8434 = CARTESIAN_POINT('',(-3.026098632812,-41.79834900873,
    6.805580661273));
#8435 = SURFACE_CURVE('',#8436,(#8440,#8447),.PCURVE_S1.);
#8436 = B_SPLINE_CURVE_WITH_KNOTS('',2,(#8437,#8438,#8439),
  .UNSPECIFIED.,.F.,.F.,(3,3),(0.,1.),.PIECEWISE_BEZIER_KNOTS.);
#8437 = CARTESIAN_POINT('',(-3.639295898438,-41.69851286129,
    7.079878222016));
#8438 = CARTESIAN_POINT('',(-3.408295898438,-41.79834900873,
    6.805580661273));
#8439 = CARTESIAN_POINT('',(-3.026098632812,-41.79834900873,
    6.805580661273));
#8440 = PCURVE('',#5365,#8441);
#8441 = DEFINITIONAL_REPRESENTATION('',(#8442),#8446);
#8442 = B_SPLINE_CURVE_WITH_KNOTS('',2,(#8443,#8444,#8445),
  .UNSPECIFIED.,.F.,.F.,(3,3),(0.,1.),.PIECEWISE_BEZIER_KNOTS.);
#8443 = CARTESIAN_POINT('',(1.029,0.732901367187));
#8444 = CARTESIAN_POINT('',(1.26,0.441));
#8445 = CARTESIAN_POINT('',(1.642197265625,0.441));
#8446 = ( GEOMETRIC_REPRESENTATION_CONTEXT(2) 
PARAMETRIC_REPRESENTATION_CONTEXT() REPRESENTATION_CONTEXT('2D SPACE',''
  ) );
#8447 = PCURVE('',#8448,#8455);
#8448 = SURFACE_OF_LINEAR_EXTRUSION('',#8449,#8453);
#8449 = B_SPLINE_CURVE_WITH_KNOTS('',2,(#8450,#8451,#8452),
  .UNSPECIFIED.,.F.,.F.,(3,3),(0.,1.),.PIECEWISE_BEZIER_KNOTS.);
#8450 = CARTESIAN_POINT('',(-3.639295898438,-42.16835917168,
    7.250888293679));
#8451 = CARTESIAN_POINT('',(-3.408295898438,-42.26819531912,
    6.976590732936));
#8452 = CARTESIAN_POINT('',(-3.026098632812,-42.26819531912,
    6.976590732936));
#8453 = VECTOR('',#8454,1.);
#8454 = DIRECTION('',(0.,-0.939692620786,0.342020143326));
#8455 = DEFINITIONAL_REPRESENTATION('',(#8456),#8460);
#8456 = LINE('',#8457,#8458);
#8457 = CARTESIAN_POINT('',(0.,-0.5));
#8458 = VECTOR('',#8459,1.);
#8459 = DIRECTION('',(1.,0.));
#8460 = ( GEOMETRIC_REPRESENTATION_CONTEXT(2) 
PARAMETRIC_REPRESENTATION_CONTEXT() REPRESENTATION_CONTEXT('2D SPACE',''
  ) );
#8461 = ORIENTED_EDGE('',*,*,#8462,.T.);
#8462 = EDGE_CURVE('',#8433,#8463,#8465,.T.);
#8463 = VERTEX_POINT('',#8464);
#8464 = CARTESIAN_POINT('',(-2.415,-41.69923063598,7.077906152248));
#8465 = SURFACE_CURVE('',#8466,(#8470,#8477),.PCURVE_S1.);
#8466 = B_SPLINE_CURVE_WITH_KNOTS('',2,(#8467,#8468,#8469),
  .UNSPECIFIED.,.F.,.F.,(3,3),(0.,1.),.PIECEWISE_BEZIER_KNOTS.);
#8467 = CARTESIAN_POINT('',(-3.026098632812,-41.79834900873,
    6.805580661273));
#8468 = CARTESIAN_POINT('',(-2.648098632812,-41.79834900873,
    6.805580661273));
#8469 = CARTESIAN_POINT('',(-2.415,-41.69923063598,7.077906152248));
#8470 = PCURVE('',#5365,#8471);
#8471 = DEFINITIONAL_REPRESENTATION('',(#8472),#8476);
#8472 = B_SPLINE_CURVE_WITH_KNOTS('',2,(#8473,#8474,#8475),
  .UNSPECIFIED.,.F.,.F.,(3,3),(0.,1.),.PIECEWISE_BEZIER_KNOTS.);
#8473 = CARTESIAN_POINT('',(1.642197265625,0.441));
#8474 = CARTESIAN_POINT('',(2.020197265625,0.441));
#8475 = CARTESIAN_POINT('',(2.253295898438,0.730802734375));
#8476 = ( GEOMETRIC_REPRESENTATION_CONTEXT(2) 
PARAMETRIC_REPRESENTATION_CONTEXT() REPRESENTATION_CONTEXT('2D SPACE',''
  ) );
#8477 = PCURVE('',#8478,#8485);
#8478 = SURFACE_OF_LINEAR_EXTRUSION('',#8479,#8483);
#8479 = B_SPLINE_CURVE_WITH_KNOTS('',2,(#8480,#8481,#8482),
  .UNSPECIFIED.,.F.,.F.,(3,3),(0.,1.),.PIECEWISE_BEZIER_KNOTS.);
#8480 = CARTESIAN_POINT('',(-3.026098632812,-42.26819531912,
    6.976590732936));
#8481 = CARTESIAN_POINT('',(-2.648098632812,-42.26819531912,
    6.976590732936));
#8482 = CARTESIAN_POINT('',(-2.415,-42.16907694637,7.248916223911));
#8483 = VECTOR('',#8484,1.);
#8484 = DIRECTION('',(0.,-0.939692620786,0.342020143326));
#8485 = DEFINITIONAL_REPRESENTATION('',(#8486),#8490);
#8486 = LINE('',#8487,#8488);
#8487 = CARTESIAN_POINT('',(0.,-0.5));
#8488 = VECTOR('',#8489,1.);
#8489 = DIRECTION('',(1.,0.));
#8490 = ( GEOMETRIC_REPRESENTATION_CONTEXT(2) 
PARAMETRIC_REPRESENTATION_CONTEXT() REPRESENTATION_CONTEXT('2D SPACE',''
  ) );
#8491 = ORIENTED_EDGE('',*,*,#8492,.T.);
#8492 = EDGE_CURVE('',#8463,#8493,#8495,.T.);
#8493 = VERTEX_POINT('',#8494);
#8494 = CARTESIAN_POINT('',(-2.181901367187,-41.43922785824,
    7.792257913098));
#8495 = SURFACE_CURVE('',#8496,(#8500,#8507),.PCURVE_S1.);
#8496 = B_SPLINE_CURVE_WITH_KNOTS('',2,(#8497,#8498,#8499),
  .UNSPECIFIED.,.F.,.F.,(3,3),(0.,1.),.PIECEWISE_BEZIER_KNOTS.);
#8497 = CARTESIAN_POINT('',(-2.415,-41.69923063598,7.077906152248));
#8498 = CARTESIAN_POINT('',(-2.181901367187,-41.60011226323,
    7.350231643224));
#8499 = CARTESIAN_POINT('',(-2.181901367187,-41.43922785824,
    7.792257913098));
#8500 = PCURVE('',#5365,#8501);
#8501 = DEFINITIONAL_REPRESENTATION('',(#8502),#8506);
#8502 = B_SPLINE_CURVE_WITH_KNOTS('',2,(#8503,#8504,#8505),
  .UNSPECIFIED.,.F.,.F.,(3,3),(0.,1.),.PIECEWISE_BEZIER_KNOTS.);
#8503 = CARTESIAN_POINT('',(2.253295898438,0.730802734375));
#8504 = CARTESIAN_POINT('',(2.48639453125,1.02060546875));
#8505 = CARTESIAN_POINT('',(2.48639453125,1.491));
#8506 = ( GEOMETRIC_REPRESENTATION_CONTEXT(2) 
PARAMETRIC_REPRESENTATION_CONTEXT() REPRESENTATION_CONTEXT('2D SPACE',''
  ) );
#8507 = PCURVE('',#8508,#8515);
#8508 = SURFACE_OF_LINEAR_EXTRUSION('',#8509,#8513);
#8509 = B_SPLINE_CURVE_WITH_KNOTS('',2,(#8510,#8511,#8512),
  .UNSPECIFIED.,.F.,.F.,(3,3),(0.,1.),.PIECEWISE_BEZIER_KNOTS.);
#8510 = CARTESIAN_POINT('',(-2.415,-42.16907694637,7.248916223911));
#8511 = CARTESIAN_POINT('',(-2.181901367187,-42.06995857363,
    7.521241714887));
#8512 = CARTESIAN_POINT('',(-2.181901367187,-41.90907416863,
    7.963267984761));
#8513 = VECTOR('',#8514,1.);
#8514 = DIRECTION('',(0.,-0.939692620786,0.342020143326));
#8515 = DEFINITIONAL_REPRESENTATION('',(#8516),#8520);
#8516 = LINE('',#8517,#8518);
#8517 = CARTESIAN_POINT('',(0.,-0.5));
#8518 = VECTOR('',#8519,1.);
#8519 = DIRECTION('',(1.,0.));
#8520 = ( GEOMETRIC_REPRESENTATION_CONTEXT(2) 
PARAMETRIC_REPRESENTATION_CONTEXT() REPRESENTATION_CONTEXT('2D SPACE',''
  ) );
#8521 = ORIENTED_EDGE('',*,*,#8522,.T.);
#8522 = EDGE_CURVE('',#8493,#8523,#8525,.T.);
#8523 = VERTEX_POINT('',#8524);
#8524 = CARTESIAN_POINT('',(-2.410795898437,-41.16916688264,
    8.534244345414));
#8525 = SURFACE_CURVE('',#8526,(#8530,#8537),.PCURVE_S1.);
#8526 = B_SPLINE_CURVE_WITH_KNOTS('',2,(#8527,#8528,#8529),
  .UNSPECIFIED.,.F.,.F.,(3,3),(0.,1.),.PIECEWISE_BEZIER_KNOTS.);
#8527 = CARTESIAN_POINT('',(-2.181901367187,-41.43922785824,
    7.792257913098));
#8528 = CARTESIAN_POINT('',(-2.181901367187,-41.26972080478,
    8.257974714903));
#8529 = CARTESIAN_POINT('',(-2.410795898437,-41.16916688264,
    8.534244345414));
#8530 = PCURVE('',#5365,#8531);
#8531 = DEFINITIONAL_REPRESENTATION('',(#8532),#8536);
#8532 = B_SPLINE_CURVE_WITH_KNOTS('',2,(#8533,#8534,#8535),
  .UNSPECIFIED.,.F.,.F.,(3,3),(0.,1.),.PIECEWISE_BEZIER_KNOTS.);
#8533 = CARTESIAN_POINT('',(2.48639453125,1.491));
#8534 = CARTESIAN_POINT('',(2.48639453125,1.98660546875));
#8535 = CARTESIAN_POINT('',(2.2575,2.28060546875));
#8536 = ( GEOMETRIC_REPRESENTATION_CONTEXT(2) 
PARAMETRIC_REPRESENTATION_CONTEXT() REPRESENTATION_CONTEXT('2D SPACE',''
  ) );
#8537 = PCURVE('',#8538,#8545);
#8538 = SURFACE_OF_LINEAR_EXTRUSION('',#8539,#8543);
#8539 = B_SPLINE_CURVE_WITH_KNOTS('',2,(#8540,#8541,#8542),
  .UNSPECIFIED.,.F.,.F.,(3,3),(0.,1.),.PIECEWISE_BEZIER_KNOTS.);
#8540 = CARTESIAN_POINT('',(-2.181901367187,-41.90907416863,
    7.963267984761));
#8541 = CARTESIAN_POINT('',(-2.181901367187,-41.73956711517,
    8.428984786566));
#8542 = CARTESIAN_POINT('',(-2.410795898437,-41.63901319304,
    8.705254417077));
#8543 = VECTOR('',#8544,1.);
#8544 = DIRECTION('',(0.,-0.939692620786,0.342020143326));
#8545 = DEFINITIONAL_REPRESENTATION('',(#8546),#8550);
#8546 = LINE('',#8547,#8548);
#8547 = CARTESIAN_POINT('',(0.,-0.5));
#8548 = VECTOR('',#8549,1.);
#8549 = DIRECTION('',(1.,0.));
#8550 = ( GEOMETRIC_REPRESENTATION_CONTEXT(2) 
PARAMETRIC_REPRESENTATION_CONTEXT() REPRESENTATION_CONTEXT('2D SPACE',''
  ) );
#8551 = ORIENTED_EDGE('',*,*,#8552,.T.);
#8552 = EDGE_CURVE('',#8523,#8341,#8553,.T.);
#8553 = SURFACE_CURVE('',#8554,(#8558,#8565),.PCURVE_S1.);
#8554 = B_SPLINE_CURVE_WITH_KNOTS('',2,(#8555,#8556,#8557),
  .UNSPECIFIED.,.F.,.F.,(3,3),(0.,1.),.PIECEWISE_BEZIER_KNOTS.);
#8555 = CARTESIAN_POINT('',(-2.410795898437,-41.16916688264,
    8.534244345414));
#8556 = CARTESIAN_POINT('',(-2.639690429688,-41.06861296051,
    8.810513975926));
#8557 = CARTESIAN_POINT('',(-3.026098632812,-41.06861296051,
    8.810513975926));
#8558 = PCURVE('',#5365,#8559);
#8559 = DEFINITIONAL_REPRESENTATION('',(#8560),#8564);
#8560 = B_SPLINE_CURVE_WITH_KNOTS('',2,(#8561,#8562,#8563),
  .UNSPECIFIED.,.F.,.F.,(3,3),(0.,1.),.PIECEWISE_BEZIER_KNOTS.);
#8561 = CARTESIAN_POINT('',(2.2575,2.28060546875));
#8562 = CARTESIAN_POINT('',(2.02860546875,2.57460546875));
#8563 = CARTESIAN_POINT('',(1.642197265625,2.57460546875));
#8564 = ( GEOMETRIC_REPRESENTATION_CONTEXT(2) 
PARAMETRIC_REPRESENTATION_CONTEXT() REPRESENTATION_CONTEXT('2D SPACE',''
  ) );
#8565 = PCURVE('',#8566,#8573);
#8566 = SURFACE_OF_LINEAR_EXTRUSION('',#8567,#8571);
#8567 = B_SPLINE_CURVE_WITH_KNOTS('',2,(#8568,#8569,#8570),
  .UNSPECIFIED.,.F.,.F.,(3,3),(0.,1.),.PIECEWISE_BEZIER_KNOTS.);
#8568 = CARTESIAN_POINT('',(-2.410795898437,-41.63901319304,
    8.705254417077));
#8569 = CARTESIAN_POINT('',(-2.639690429688,-41.5384592709,
    8.981524047588));
#8570 = CARTESIAN_POINT('',(-3.026098632812,-41.5384592709,
    8.981524047588));
#8571 = VECTOR('',#8572,1.);
#8572 = DIRECTION('',(0.,-0.939692620786,0.342020143326));
#8573 = DEFINITIONAL_REPRESENTATION('',(#8574),#8578);
#8574 = LINE('',#8575,#8576);
#8575 = CARTESIAN_POINT('',(0.,-0.5));
#8576 = VECTOR('',#8577,1.);
#8577 = DIRECTION('',(1.,0.));
#8578 = ( GEOMETRIC_REPRESENTATION_CONTEXT(2) 
PARAMETRIC_REPRESENTATION_CONTEXT() REPRESENTATION_CONTEXT('2D SPACE',''
  ) );
#8579 = ADVANCED_FACE('',(#8580),#5762,.T.);
#8580 = FACE_BOUND('',#8581,.F.);
#8581 = EDGE_LOOP('',(#8582,#8583,#8584,#8585,#8586,#8587,#8588,#8589,
    #8590,#8591));
#8582 = ORIENTED_EDGE('',*,*,#6192,.T.);
#8583 = ORIENTED_EDGE('',*,*,#6165,.T.);
#8584 = ORIENTED_EDGE('',*,*,#6116,.T.);
#8585 = ORIENTED_EDGE('',*,*,#6067,.T.);
#8586 = ORIENTED_EDGE('',*,*,#6018,.T.);
#8587 = ORIENTED_EDGE('',*,*,#5969,.T.);
#8588 = ORIENTED_EDGE('',*,*,#5920,.T.);
#8589 = ORIENTED_EDGE('',*,*,#5871,.T.);
#8590 = ORIENTED_EDGE('',*,*,#5822,.T.);
#8591 = ORIENTED_EDGE('',*,*,#5746,.T.);
#8592 = ADVANCED_FACE('',(#8593,#8603),#6257,.T.);
#8593 = FACE_BOUND('',#8594,.F.);
#8594 = EDGE_LOOP('',(#8595,#8596,#8597,#8598,#8599,#8600,#8601,#8602));
#8595 = ORIENTED_EDGE('',*,*,#6589,.T.);
#8596 = ORIENTED_EDGE('',*,*,#6562,.T.);
#8597 = ORIENTED_EDGE('',*,*,#6513,.T.);
#8598 = ORIENTED_EDGE('',*,*,#6464,.T.);
#8599 = ORIENTED_EDGE('',*,*,#6415,.T.);
#8600 = ORIENTED_EDGE('',*,*,#6366,.T.);
#8601 = ORIENTED_EDGE('',*,*,#6317,.T.);
#8602 = ORIENTED_EDGE('',*,*,#6241,.T.);
#8603 = FACE_BOUND('',#8604,.F.);
#8604 = EDGE_LOOP('',(#8605,#8635,#8663));
#8605 = ORIENTED_EDGE('',*,*,#8606,.T.);
#8606 = EDGE_CURVE('',#8607,#8609,#8611,.T.);
#8607 = VERTEX_POINT('',#8608);
#8608 = CARTESIAN_POINT('',(2.551506835937,-41.55845795062,
    7.464675926548));
#8609 = VERTEX_POINT('',#8610);
#8610 = CARTESIAN_POINT('',(3.349506835937,-41.55845795062,
    7.464675926548));
#8611 = SURFACE_CURVE('',#8612,(#8616,#8623),.PCURVE_S1.);
#8612 = LINE('',#8613,#8614);
#8613 = CARTESIAN_POINT('',(2.551506835937,-41.55845795062,
    7.464675926548));
#8614 = VECTOR('',#8615,1.);
#8615 = DIRECTION('',(1.,0.,0.));
#8616 = PCURVE('',#6257,#8617);
#8617 = DEFINITIONAL_REPRESENTATION('',(#8618),#8622);
#8618 = LINE('',#8619,#8620);
#8619 = CARTESIAN_POINT('',(1.066802734375,1.14239453125));
#8620 = VECTOR('',#8621,1.);
#8621 = DIRECTION('',(1.,0.));
#8622 = ( GEOMETRIC_REPRESENTATION_CONTEXT(2) 
PARAMETRIC_REPRESENTATION_CONTEXT() REPRESENTATION_CONTEXT('2D SPACE',''
  ) );
#8623 = PCURVE('',#8624,#8629);
#8624 = PLANE('',#8625);
#8625 = AXIS2_PLACEMENT_3D('',#8626,#8627,#8628);
#8626 = CARTESIAN_POINT('',(2.551506835937,-42.02830426102,
    7.635685998211));
#8627 = DIRECTION('',(0.,-0.342020143326,-0.939692620786));
#8628 = DIRECTION('',(1.,0.,0.));
#8629 = DEFINITIONAL_REPRESENTATION('',(#8630),#8634);
#8630 = LINE('',#8631,#8632);
#8631 = CARTESIAN_POINT('',(0.,-0.5));
#8632 = VECTOR('',#8633,1.);
#8633 = DIRECTION('',(1.,0.));
#8634 = ( GEOMETRIC_REPRESENTATION_CONTEXT(2) 
PARAMETRIC_REPRESENTATION_CONTEXT() REPRESENTATION_CONTEXT('2D SPACE',''
  ) );
#8635 = ORIENTED_EDGE('',*,*,#8636,.T.);
#8636 = EDGE_CURVE('',#8609,#8637,#8639,.T.);
#8637 = VERTEX_POINT('',#8638);
#8638 = CARTESIAN_POINT('',(2.950506835937,-41.14905983906,
    8.589487993629));
#8639 = SURFACE_CURVE('',#8640,(#8644,#8651),.PCURVE_S1.);
#8640 = LINE('',#8641,#8642);
#8641 = CARTESIAN_POINT('',(3.349506835937,-41.55845795062,
    7.464675926548));
#8642 = VECTOR('',#8643,1.);
#8643 = DIRECTION('',(-0.316227766017,0.32446879757,0.891470694641));
#8644 = PCURVE('',#6257,#8645);
#8645 = DEFINITIONAL_REPRESENTATION('',(#8646),#8650);
#8646 = LINE('',#8647,#8648);
#8647 = CARTESIAN_POINT('',(1.864802734375,1.14239453125));
#8648 = VECTOR('',#8649,1.);
#8649 = DIRECTION('',(-0.316227766017,0.948683298051));
#8650 = ( GEOMETRIC_REPRESENTATION_CONTEXT(2) 
PARAMETRIC_REPRESENTATION_CONTEXT() REPRESENTATION_CONTEXT('2D SPACE',''
  ) );
#8651 = PCURVE('',#8652,#8657);
#8652 = PLANE('',#8653);
#8653 = AXIS2_PLACEMENT_3D('',#8654,#8655,#8656);
#8654 = CARTESIAN_POINT('',(3.349506835937,-42.02830426102,
    7.635685998211));
#8655 = DIRECTION('',(0.948683298051,0.108156265857,0.297156898214));
#8656 = DIRECTION('',(-0.316227766017,0.32446879757,0.891470694641));
#8657 = DEFINITIONAL_REPRESENTATION('',(#8658),#8662);
#8658 = LINE('',#8659,#8660);
#8659 = CARTESIAN_POINT('',(4.385380947269E-15,-0.5));
#8660 = VECTOR('',#8661,1.);
#8661 = DIRECTION('',(1.,-5.551115123126E-17));
#8662 = ( GEOMETRIC_REPRESENTATION_CONTEXT(2) 
PARAMETRIC_REPRESENTATION_CONTEXT() REPRESENTATION_CONTEXT('2D SPACE',''
  ) );
#8663 = ORIENTED_EDGE('',*,*,#8664,.T.);
#8664 = EDGE_CURVE('',#8637,#8607,#8665,.T.);
#8665 = SURFACE_CURVE('',#8666,(#8670,#8677),.PCURVE_S1.);
#8666 = LINE('',#8667,#8668);
#8667 = CARTESIAN_POINT('',(2.950506835937,-41.14905983906,
    8.589487993629));
#8668 = VECTOR('',#8669,1.);
#8669 = DIRECTION('',(-0.316227766017,-0.32446879757,-0.891470694641));
#8670 = PCURVE('',#6257,#8671);
#8671 = DEFINITIONAL_REPRESENTATION('',(#8672),#8676);
#8672 = LINE('',#8673,#8674);
#8673 = CARTESIAN_POINT('',(1.465802734375,2.33939453125));
#8674 = VECTOR('',#8675,1.);
#8675 = DIRECTION('',(-0.316227766017,-0.948683298051));
#8676 = ( GEOMETRIC_REPRESENTATION_CONTEXT(2) 
PARAMETRIC_REPRESENTATION_CONTEXT() REPRESENTATION_CONTEXT('2D SPACE',''
  ) );
#8677 = PCURVE('',#8678,#8683);
#8678 = PLANE('',#8679);
#8679 = AXIS2_PLACEMENT_3D('',#8680,#8681,#8682);
#8680 = CARTESIAN_POINT('',(2.950506835937,-41.61890614946,
    8.760498065291));
#8681 = DIRECTION('',(-0.948683298051,0.108156265857,0.297156898214));
#8682 = DIRECTION('',(-0.316227766017,-0.32446879757,-0.891470694641));
#8683 = DEFINITIONAL_REPRESENTATION('',(#8684),#8688);
#8684 = LINE('',#8685,#8686);
#8685 = CARTESIAN_POINT('',(-4.385380947269E-15,-0.5));
#8686 = VECTOR('',#8687,1.);
#8687 = DIRECTION('',(1.,5.551115123126E-17));
#8688 = ( GEOMETRIC_REPRESENTATION_CONTEXT(2) 
PARAMETRIC_REPRESENTATION_CONTEXT() REPRESENTATION_CONTEXT('2D SPACE',''
  ) );
#8689 = ADVANCED_FACE('',(#8690,#8717),#6654,.T.);
#8690 = FACE_BOUND('',#8691,.F.);
#8691 = EDGE_LOOP('',(#8692,#8693,#8694,#8695,#8696,#8697,#8698,#8699,
    #8700,#8701,#8702,#8703,#8704,#8705,#8706,#8707,#8708,#8709,#8710,
    #8711,#8712,#8713,#8714,#8715,#8716));
#8692 = ORIENTED_EDGE('',*,*,#7819,.T.);
#8693 = ORIENTED_EDGE('',*,*,#7792,.T.);
#8694 = ORIENTED_EDGE('',*,*,#7743,.T.);
#8695 = ORIENTED_EDGE('',*,*,#7694,.T.);
#8696 = ORIENTED_EDGE('',*,*,#7645,.T.);
#8697 = ORIENTED_EDGE('',*,*,#7596,.T.);
#8698 = ORIENTED_EDGE('',*,*,#7547,.T.);
#8699 = ORIENTED_EDGE('',*,*,#7498,.T.);
#8700 = ORIENTED_EDGE('',*,*,#7449,.T.);
#8701 = ORIENTED_EDGE('',*,*,#7400,.T.);
#8702 = ORIENTED_EDGE('',*,*,#7351,.T.);
#8703 = ORIENTED_EDGE('',*,*,#7302,.T.);
#8704 = ORIENTED_EDGE('',*,*,#7253,.T.);
#8705 = ORIENTED_EDGE('',*,*,#7204,.T.);
#8706 = ORIENTED_EDGE('',*,*,#7155,.T.);
#8707 = ORIENTED_EDGE('',*,*,#7106,.T.);
#8708 = ORIENTED_EDGE('',*,*,#7057,.T.);
#8709 = ORIENTED_EDGE('',*,*,#7008,.T.);
#8710 = ORIENTED_EDGE('',*,*,#6959,.T.);
#8711 = ORIENTED_EDGE('',*,*,#6910,.T.);
#8712 = ORIENTED_EDGE('',*,*,#6861,.T.);
#8713 = ORIENTED_EDGE('',*,*,#6812,.T.);
#8714 = ORIENTED_EDGE('',*,*,#6763,.T.);
#8715 = ORIENTED_EDGE('',*,*,#6714,.T.);
#8716 = ORIENTED_EDGE('',*,*,#6638,.T.);
#8717 = FACE_BOUND('',#8718,.F.);
#8718 = EDGE_LOOP('',(#8719,#8751,#8781,#8809,#8837,#8865,#8895));
#8719 = ORIENTED_EDGE('',*,*,#8720,.T.);
#8720 = EDGE_CURVE('',#8721,#8723,#8725,.T.);
#8721 = VERTEX_POINT('',#8722);
#8722 = CARTESIAN_POINT('',(6.583493164063,-41.21513719554,
    8.407941948765));
#8723 = VERTEX_POINT('',#8724);
#8724 = CARTESIAN_POINT('',(6.474295898438,-41.10811862509,
    8.701973054545));
#8725 = SURFACE_CURVE('',#8726,(#8730,#8737),.PCURVE_S1.);
#8726 = B_SPLINE_CURVE_WITH_KNOTS('',2,(#8727,#8728,#8729),
  .UNSPECIFIED.,.F.,.F.,(3,3),(0.,1.),.PIECEWISE_BEZIER_KNOTS.);
#8727 = CARTESIAN_POINT('',(6.583493164063,-41.21513719554,
    8.407941948765));
#8728 = CARTESIAN_POINT('',(6.583493164063,-41.13469499304,
    8.628955083702));
#8729 = CARTESIAN_POINT('',(6.474295898438,-41.10811862509,
    8.701973054545));
#8730 = PCURVE('',#6654,#8731);
#8731 = DEFINITIONAL_REPRESENTATION('',(#8732),#8736);
#8732 = B_SPLINE_CURVE_WITH_KNOTS('',2,(#8733,#8734,#8735),
  .UNSPECIFIED.,.F.,.F.,(3,3),(0.,1.),.PIECEWISE_BEZIER_KNOTS.);
#8733 = CARTESIAN_POINT('',(2.17139453125,2.146197265625));
#8734 = CARTESIAN_POINT('',(2.17139453125,2.38139453125));
#8735 = CARTESIAN_POINT('',(2.062197265625,2.459098632812));
#8736 = ( GEOMETRIC_REPRESENTATION_CONTEXT(2) 
PARAMETRIC_REPRESENTATION_CONTEXT() REPRESENTATION_CONTEXT('2D SPACE',''
  ) );
#8737 = PCURVE('',#8738,#8745);
#8738 = SURFACE_OF_LINEAR_EXTRUSION('',#8739,#8743);
#8739 = B_SPLINE_CURVE_WITH_KNOTS('',2,(#8740,#8741,#8742),
  .UNSPECIFIED.,.F.,.F.,(3,3),(0.,1.),.PIECEWISE_BEZIER_KNOTS.);
#8740 = CARTESIAN_POINT('',(6.583493164063,-41.68498350593,
    8.578952020428));
#8741 = CARTESIAN_POINT('',(6.583493164063,-41.60454130344,
    8.799965155365));
#8742 = CARTESIAN_POINT('',(6.474295898438,-41.57796493548,
    8.872983126208));
#8743 = VECTOR('',#8744,1.);
#8744 = DIRECTION('',(0.,-0.939692620786,0.342020143326));
#8745 = DEFINITIONAL_REPRESENTATION('',(#8746),#8750);
#8746 = LINE('',#8747,#8748);
#8747 = CARTESIAN_POINT('',(0.,-0.5));
#8748 = VECTOR('',#8749,1.);
#8749 = DIRECTION('',(1.,0.));
#8750 = ( GEOMETRIC_REPRESENTATION_CONTEXT(2) 
PARAMETRIC_REPRESENTATION_CONTEXT() REPRESENTATION_CONTEXT('2D SPACE',''
  ) );
#8751 = ORIENTED_EDGE('',*,*,#8752,.T.);
#8752 = EDGE_CURVE('',#8723,#8753,#8755,.T.);
#8753 = VERTEX_POINT('',#8754);
#8754 = CARTESIAN_POINT('',(6.138295898438,-41.08154225714,
    8.774991025388));
#8755 = SURFACE_CURVE('',#8756,(#8760,#8767),.PCURVE_S1.);
#8756 = B_SPLINE_CURVE_WITH_KNOTS('',2,(#8757,#8758,#8759),
  .UNSPECIFIED.,.F.,.F.,(3,3),(0.,1.),.PIECEWISE_BEZIER_KNOTS.);
#8757 = CARTESIAN_POINT('',(6.474295898438,-41.10811862509,
    8.701973054545));
#8758 = CARTESIAN_POINT('',(6.365098632813,-41.08154225714,
    8.774991025388));
#8759 = CARTESIAN_POINT('',(6.138295898438,-41.08154225714,
    8.774991025388));
#8760 = PCURVE('',#6654,#8761);
#8761 = DEFINITIONAL_REPRESENTATION('',(#8762),#8766);
#8762 = B_SPLINE_CURVE_WITH_KNOTS('',2,(#8763,#8764,#8765),
  .UNSPECIFIED.,.F.,.F.,(3,3),(0.,1.),.PIECEWISE_BEZIER_KNOTS.);
#8763 = CARTESIAN_POINT('',(2.062197265625,2.459098632812));
#8764 = CARTESIAN_POINT('',(1.953,2.536802734375));
#8765 = CARTESIAN_POINT('',(1.726197265625,2.536802734375));
#8766 = ( GEOMETRIC_REPRESENTATION_CONTEXT(2) 
PARAMETRIC_REPRESENTATION_CONTEXT() REPRESENTATION_CONTEXT('2D SPACE',''
  ) );
#8767 = PCURVE('',#8768,#8775);
#8768 = SURFACE_OF_LINEAR_EXTRUSION('',#8769,#8773);
#8769 = B_SPLINE_CURVE_WITH_KNOTS('',2,(#8770,#8771,#8772),
  .UNSPECIFIED.,.F.,.F.,(3,3),(0.,1.),.PIECEWISE_BEZIER_KNOTS.);
#8770 = CARTESIAN_POINT('',(6.474295898438,-41.57796493548,
    8.872983126208));
#8771 = CARTESIAN_POINT('',(6.365098632813,-41.55138856753,
    8.946001097051));
#8772 = CARTESIAN_POINT('',(6.138295898438,-41.55138856753,
    8.946001097051));
#8773 = VECTOR('',#8774,1.);
#8774 = DIRECTION('',(0.,-0.939692620786,0.342020143326));
#8775 = DEFINITIONAL_REPRESENTATION('',(#8776),#8780);
#8776 = LINE('',#8777,#8778);
#8777 = CARTESIAN_POINT('',(0.,-0.5));
#8778 = VECTOR('',#8779,1.);
#8779 = DIRECTION('',(1.,0.));
#8780 = ( GEOMETRIC_REPRESENTATION_CONTEXT(2) 
PARAMETRIC_REPRESENTATION_CONTEXT() REPRESENTATION_CONTEXT('2D SPACE',''
  ) );
#8781 = ORIENTED_EDGE('',*,*,#8782,.T.);
#8782 = EDGE_CURVE('',#8753,#8783,#8785,.T.);
#8783 = VERTEX_POINT('',#8784);
#8784 = CARTESIAN_POINT('',(5.378098632813,-41.08154225714,
    8.774991025388));
#8785 = SURFACE_CURVE('',#8786,(#8790,#8797),.PCURVE_S1.);
#8786 = LINE('',#8787,#8788);
#8787 = CARTESIAN_POINT('',(6.138295898438,-41.08154225714,
    8.774991025388));
#8788 = VECTOR('',#8789,1.);
#8789 = DIRECTION('',(-1.,0.,0.));
#8790 = PCURVE('',#6654,#8791);
#8791 = DEFINITIONAL_REPRESENTATION('',(#8792),#8796);
#8792 = LINE('',#8793,#8794);
#8793 = CARTESIAN_POINT('',(1.726197265625,2.536802734375));
#8794 = VECTOR('',#8795,1.);
#8795 = DIRECTION('',(-1.,0.));
#8796 = ( GEOMETRIC_REPRESENTATION_CONTEXT(2) 
PARAMETRIC_REPRESENTATION_CONTEXT() REPRESENTATION_CONTEXT('2D SPACE',''
  ) );
#8797 = PCURVE('',#8798,#8803);
#8798 = PLANE('',#8799);
#8799 = AXIS2_PLACEMENT_3D('',#8800,#8801,#8802);
#8800 = CARTESIAN_POINT('',(6.138295898438,-41.55138856753,
    8.946001097051));
#8801 = DIRECTION('',(0.,0.342020143326,0.939692620786));
#8802 = DIRECTION('',(-1.,0.,0.));
#8803 = DEFINITIONAL_REPRESENTATION('',(#8804),#8808);
#8804 = LINE('',#8805,#8806);
#8805 = CARTESIAN_POINT('',(0.,-0.5));
#8806 = VECTOR('',#8807,1.);
#8807 = DIRECTION('',(1.,0.));
#8808 = ( GEOMETRIC_REPRESENTATION_CONTEXT(2) 
PARAMETRIC_REPRESENTATION_CONTEXT() REPRESENTATION_CONTEXT('2D SPACE',''
  ) );
#8809 = ORIENTED_EDGE('',*,*,#8810,.T.);
#8810 = EDGE_CURVE('',#8783,#8811,#8813,.T.);
#8811 = VERTEX_POINT('',#8812);
#8812 = CARTESIAN_POINT('',(5.378098632813,-41.35447433151,
    8.025116314001));
#8813 = SURFACE_CURVE('',#8814,(#8818,#8825),.PCURVE_S1.);
#8814 = LINE('',#8815,#8816);
#8815 = CARTESIAN_POINT('',(5.378098632813,-41.08154225714,
    8.774991025388));
#8816 = VECTOR('',#8817,1.);
#8817 = DIRECTION('',(0.,-0.342020143326,-0.939692620786));
#8818 = PCURVE('',#6654,#8819);
#8819 = DEFINITIONAL_REPRESENTATION('',(#8820),#8824);
#8820 = LINE('',#8821,#8822);
#8821 = CARTESIAN_POINT('',(0.966,2.536802734375));
#8822 = VECTOR('',#8823,1.);
#8823 = DIRECTION('',(0.,-1.));
#8824 = ( GEOMETRIC_REPRESENTATION_CONTEXT(2) 
PARAMETRIC_REPRESENTATION_CONTEXT() REPRESENTATION_CONTEXT('2D SPACE',''
  ) );
#8825 = PCURVE('',#8826,#8831);
#8826 = PLANE('',#8827);
#8827 = AXIS2_PLACEMENT_3D('',#8828,#8829,#8830);
#8828 = CARTESIAN_POINT('',(5.378098632813,-41.55138856753,
    8.946001097051));
#8829 = DIRECTION('',(-1.,0.,0.));
#8830 = DIRECTION('',(0.,-0.342020143326,-0.939692620786));
#8831 = DEFINITIONAL_REPRESENTATION('',(#8832),#8836);
#8832 = LINE('',#8833,#8834);
#8833 = CARTESIAN_POINT('',(-4.135580766729E-15,-0.5));
#8834 = VECTOR('',#8835,1.);
#8835 = DIRECTION('',(1.,0.));
#8836 = ( GEOMETRIC_REPRESENTATION_CONTEXT(2) 
PARAMETRIC_REPRESENTATION_CONTEXT() REPRESENTATION_CONTEXT('2D SPACE',''
  ) );
#8837 = ORIENTED_EDGE('',*,*,#8838,.T.);
#8838 = EDGE_CURVE('',#8811,#8839,#8841,.T.);
#8839 = VERTEX_POINT('',#8840);
#8840 = CARTESIAN_POINT('',(6.138295898438,-41.35447433151,
    8.025116314001));
#8841 = SURFACE_CURVE('',#8842,(#8846,#8853),.PCURVE_S1.);
#8842 = LINE('',#8843,#8844);
#8843 = CARTESIAN_POINT('',(5.378098632813,-41.35447433151,
    8.025116314001));
#8844 = VECTOR('',#8845,1.);
#8845 = DIRECTION('',(1.,0.,0.));
#8846 = PCURVE('',#6654,#8847);
#8847 = DEFINITIONAL_REPRESENTATION('',(#8848),#8852);
#8848 = LINE('',#8849,#8850);
#8849 = CARTESIAN_POINT('',(0.966,1.738802734375));
#8850 = VECTOR('',#8851,1.);
#8851 = DIRECTION('',(1.,0.));
#8852 = ( GEOMETRIC_REPRESENTATION_CONTEXT(2) 
PARAMETRIC_REPRESENTATION_CONTEXT() REPRESENTATION_CONTEXT('2D SPACE',''
  ) );
#8853 = PCURVE('',#8854,#8859);
#8854 = PLANE('',#8855);
#8855 = AXIS2_PLACEMENT_3D('',#8856,#8857,#8858);
#8856 = CARTESIAN_POINT('',(5.378098632813,-41.8243206419,8.196126385664
    ));
#8857 = DIRECTION('',(0.,-0.342020143326,-0.939692620786));
#8858 = DIRECTION('',(1.,0.,0.));
#8859 = DEFINITIONAL_REPRESENTATION('',(#8860),#8864);
#8860 = LINE('',#8861,#8862);
#8861 = CARTESIAN_POINT('',(0.,-0.5));
#8862 = VECTOR('',#8863,1.);
#8863 = DIRECTION('',(1.,0.));
#8864 = ( GEOMETRIC_REPRESENTATION_CONTEXT(2) 
PARAMETRIC_REPRESENTATION_CONTEXT() REPRESENTATION_CONTEXT('2D SPACE',''
  ) );
#8865 = ORIENTED_EDGE('',*,*,#8866,.T.);
#8866 = EDGE_CURVE('',#8839,#8867,#8869,.T.);
#8867 = VERTEX_POINT('',#8868);
#8868 = CARTESIAN_POINT('',(6.472197265625,-41.32718252689,
    8.100099930931));
#8869 = SURFACE_CURVE('',#8870,(#8874,#8881),.PCURVE_S1.);
#8870 = B_SPLINE_CURVE_WITH_KNOTS('',2,(#8871,#8872,#8873),
  .UNSPECIFIED.,.F.,.F.,(3,3),(0.,1.),.PIECEWISE_BEZIER_KNOTS.);
#8871 = CARTESIAN_POINT('',(6.138295898438,-41.35447433151,
    8.025116314001));
#8872 = CARTESIAN_POINT('',(6.360901367188,-41.35447433151,
    8.025116314001));
#8873 = CARTESIAN_POINT('',(6.472197265625,-41.32718252689,
    8.100099930931));
#8874 = PCURVE('',#6654,#8875);
#8875 = DEFINITIONAL_REPRESENTATION('',(#8876),#8880);
#8876 = B_SPLINE_CURVE_WITH_KNOTS('',2,(#8877,#8878,#8879),
  .UNSPECIFIED.,.F.,.F.,(3,3),(0.,1.),.PIECEWISE_BEZIER_KNOTS.);
#8877 = CARTESIAN_POINT('',(1.726197265625,1.738802734375));
#8878 = CARTESIAN_POINT('',(1.948802734375,1.738802734375));
#8879 = CARTESIAN_POINT('',(2.060098632813,1.818598632812));
#8880 = ( GEOMETRIC_REPRESENTATION_CONTEXT(2) 
PARAMETRIC_REPRESENTATION_CONTEXT() REPRESENTATION_CONTEXT('2D SPACE',''
  ) );
#8881 = PCURVE('',#8882,#8889);
#8882 = SURFACE_OF_LINEAR_EXTRUSION('',#8883,#8887);
#8883 = B_SPLINE_CURVE_WITH_KNOTS('',2,(#8884,#8885,#8886),
  .UNSPECIFIED.,.F.,.F.,(3,3),(0.,1.),.PIECEWISE_BEZIER_KNOTS.);
#8884 = CARTESIAN_POINT('',(6.138295898438,-41.8243206419,8.196126385664
    ));
#8885 = CARTESIAN_POINT('',(6.360901367188,-41.8243206419,8.196126385664
    ));
#8886 = CARTESIAN_POINT('',(6.472197265625,-41.79702883728,
    8.271110002594));
#8887 = VECTOR('',#8888,1.);
#8888 = DIRECTION('',(0.,-0.939692620786,0.342020143326));
#8889 = DEFINITIONAL_REPRESENTATION('',(#8890),#8894);
#8890 = LINE('',#8891,#8892);
#8891 = CARTESIAN_POINT('',(0.,-0.5));
#8892 = VECTOR('',#8893,1.);
#8893 = DIRECTION('',(1.,0.));
#8894 = ( GEOMETRIC_REPRESENTATION_CONTEXT(2) 
PARAMETRIC_REPRESENTATION_CONTEXT() REPRESENTATION_CONTEXT('2D SPACE',''
  ) );
#8895 = ORIENTED_EDGE('',*,*,#8896,.T.);
#8896 = EDGE_CURVE('',#8867,#8721,#8897,.T.);
#8897 = SURFACE_CURVE('',#8898,(#8902,#8909),.PCURVE_S1.);
#8898 = B_SPLINE_CURVE_WITH_KNOTS('',2,(#8899,#8900,#8901),
  .UNSPECIFIED.,.F.,.F.,(3,3),(0.,1.),.PIECEWISE_BEZIER_KNOTS.);
#8899 = CARTESIAN_POINT('',(6.472197265625,-41.32718252689,
    8.100099930931));
#8900 = CARTESIAN_POINT('',(6.583493164063,-41.29989072227,
    8.175083547862));
#8901 = CARTESIAN_POINT('',(6.583493164063,-41.21513719554,
    8.407941948765));
#8902 = PCURVE('',#6654,#8903);
#8903 = DEFINITIONAL_REPRESENTATION('',(#8904),#8908);
#8904 = B_SPLINE_CURVE_WITH_KNOTS('',2,(#8905,#8906,#8907),
  .UNSPECIFIED.,.F.,.F.,(3,3),(0.,1.),.PIECEWISE_BEZIER_KNOTS.);
#8905 = CARTESIAN_POINT('',(2.060098632813,1.818598632812));
#8906 = CARTESIAN_POINT('',(2.17139453125,1.89839453125));
#8907 = CARTESIAN_POINT('',(2.17139453125,2.146197265625));
#8908 = ( GEOMETRIC_REPRESENTATION_CONTEXT(2) 
PARAMETRIC_REPRESENTATION_CONTEXT() REPRESENTATION_CONTEXT('2D SPACE',''
  ) );
#8909 = PCURVE('',#8910,#8917);
#8910 = SURFACE_OF_LINEAR_EXTRUSION('',#8911,#8915);
#8911 = B_SPLINE_CURVE_WITH_KNOTS('',2,(#8912,#8913,#8914),
  .UNSPECIFIED.,.F.,.F.,(3,3),(0.,1.),.PIECEWISE_BEZIER_KNOTS.);
#8912 = CARTESIAN_POINT('',(6.472197265625,-41.79702883728,
    8.271110002594));
#8913 = CARTESIAN_POINT('',(6.583493164063,-41.76973703266,
    8.346093619525));
#8914 = CARTESIAN_POINT('',(6.583493164063,-41.68498350593,
    8.578952020428));
#8915 = VECTOR('',#8916,1.);
#8916 = DIRECTION('',(0.,-0.939692620786,0.342020143326));
#8917 = DEFINITIONAL_REPRESENTATION('',(#8918),#8922);
#8918 = LINE('',#8919,#8920);
#8919 = CARTESIAN_POINT('',(0.,-0.5));
#8920 = VECTOR('',#8921,1.);
#8921 = DIRECTION('',(1.,0.));
#8922 = ( GEOMETRIC_REPRESENTATION_CONTEXT(2) 
PARAMETRIC_REPRESENTATION_CONTEXT() REPRESENTATION_CONTEXT('2D SPACE',''
  ) );
#8923 = ADVANCED_FACE('',(#8924),#8141,.T.);
#8924 = FACE_BOUND('',#8925,.F.);
#8925 = EDGE_LOOP('',(#8926,#8955,#8976,#8977));
#8926 = ORIENTED_EDGE('',*,*,#8927,.F.);
#8927 = EDGE_CURVE('',#8928,#8928,#8930,.T.);
#8928 = VERTEX_POINT('',#8929);
#8929 = CARTESIAN_POINT('',(-37.55,-31.6248240775,12.682387464859));
#8930 = SURFACE_CURVE('',#8931,(#8936,#8943),.PCURVE_S1.);
#8931 = CIRCLE('',#8932,1.45);
#8932 = AXIS2_PLACEMENT_3D('',#8933,#8934,#8935);
#8933 = CARTESIAN_POINT('',(-39.,-31.6248240775,12.682387464859));
#8934 = DIRECTION('',(0.,-0.939692620786,0.342020143326));
#8935 = DIRECTION('',(1.,0.,0.));
#8936 = PCURVE('',#8141,#8937);
#8937 = DEFINITIONAL_REPRESENTATION('',(#8938),#8942);
#8938 = LINE('',#8939,#8940);
#8939 = CARTESIAN_POINT('',(-0.,-0.35));
#8940 = VECTOR('',#8941,1.);
#8941 = DIRECTION('',(-1.,0.));
#8942 = ( GEOMETRIC_REPRESENTATION_CONTEXT(2) 
PARAMETRIC_REPRESENTATION_CONTEXT() REPRESENTATION_CONTEXT('2D SPACE',''
  ) );
#8943 = PCURVE('',#8944,#8949);
#8944 = CONICAL_SURFACE('',#8945,1.45,0.785398163397);
#8945 = AXIS2_PLACEMENT_3D('',#8946,#8947,#8948);
#8946 = CARTESIAN_POINT('',(-39.,-31.6248240775,12.682387464859));
#8947 = DIRECTION('',(0.,-0.939692620786,0.342020143326));
#8948 = DIRECTION('',(1.,0.,0.));
#8949 = DEFINITIONAL_REPRESENTATION('',(#8950),#8954);
#8950 = LINE('',#8951,#8952);
#8951 = CARTESIAN_POINT('',(0.,-0.));
#8952 = VECTOR('',#8953,1.);
#8953 = DIRECTION('',(1.,-0.));
#8954 = ( GEOMETRIC_REPRESENTATION_CONTEXT(2) 
PARAMETRIC_REPRESENTATION_CONTEXT() REPRESENTATION_CONTEXT('2D SPACE',''
  ) );
#8955 = ORIENTED_EDGE('',*,*,#8956,.T.);
#8956 = EDGE_CURVE('',#8928,#8121,#8957,.T.);
#8957 = SEAM_CURVE('',#8958,(#8962,#8969),.PCURVE_S1.);
#8958 = LINE('',#8959,#8960);
#8959 = CARTESIAN_POINT('',(-37.55,-31.29593166022,12.562680414695));
#8960 = VECTOR('',#8961,1.);
#8961 = DIRECTION('',(0.,-0.939692620786,0.342020143326));
#8962 = PCURVE('',#8141,#8963);
#8963 = DEFINITIONAL_REPRESENTATION('',(#8964),#8968);
#8964 = LINE('',#8965,#8966);
#8965 = CARTESIAN_POINT('',(-6.28318530718,0.));
#8966 = VECTOR('',#8967,1.);
#8967 = DIRECTION('',(-0.,-1.));
#8968 = ( GEOMETRIC_REPRESENTATION_CONTEXT(2) 
PARAMETRIC_REPRESENTATION_CONTEXT() REPRESENTATION_CONTEXT('2D SPACE',''
  ) );
#8969 = PCURVE('',#8141,#8970);
#8970 = DEFINITIONAL_REPRESENTATION('',(#8971),#8975);
#8971 = LINE('',#8972,#8973);
#8972 = CARTESIAN_POINT('',(-0.,0.));
#8973 = VECTOR('',#8974,1.);
#8974 = DIRECTION('',(-0.,-1.));
#8975 = ( GEOMETRIC_REPRESENTATION_CONTEXT(2) 
PARAMETRIC_REPRESENTATION_CONTEXT() REPRESENTATION_CONTEXT('2D SPACE',''
  ) );
#8976 = ORIENTED_EDGE('',*,*,#8120,.F.);
#8977 = ORIENTED_EDGE('',*,*,#8956,.F.);
#8978 = ADVANCED_FACE('',(#8979),#8180,.T.);
#8979 = FACE_BOUND('',#8980,.F.);
#8980 = EDGE_LOOP('',(#8981,#9010,#9031,#9032));
#8981 = ORIENTED_EDGE('',*,*,#8982,.F.);
#8982 = EDGE_CURVE('',#8983,#8983,#8985,.T.);
#8983 = VERTEX_POINT('',#8984);
#8984 = CARTESIAN_POINT('',(40.45,-31.6248240775,12.682387464859));
#8985 = SURFACE_CURVE('',#8986,(#8991,#8998),.PCURVE_S1.);
#8986 = CIRCLE('',#8987,1.45);
#8987 = AXIS2_PLACEMENT_3D('',#8988,#8989,#8990);
#8988 = CARTESIAN_POINT('',(39.,-31.6248240775,12.682387464859));
#8989 = DIRECTION('',(0.,-0.939692620786,0.342020143326));
#8990 = DIRECTION('',(1.,0.,0.));
#8991 = PCURVE('',#8180,#8992);
#8992 = DEFINITIONAL_REPRESENTATION('',(#8993),#8997);
#8993 = LINE('',#8994,#8995);
#8994 = CARTESIAN_POINT('',(-0.,-0.35));
#8995 = VECTOR('',#8996,1.);
#8996 = DIRECTION('',(-1.,0.));
#8997 = ( GEOMETRIC_REPRESENTATION_CONTEXT(2) 
PARAMETRIC_REPRESENTATION_CONTEXT() REPRESENTATION_CONTEXT('2D SPACE',''
  ) );
#8998 = PCURVE('',#8999,#9004);
#8999 = CONICAL_SURFACE('',#9000,1.45,0.785398163397);
#9000 = AXIS2_PLACEMENT_3D('',#9001,#9002,#9003);
#9001 = CARTESIAN_POINT('',(39.,-31.6248240775,12.682387464859));
#9002 = DIRECTION('',(0.,-0.939692620786,0.342020143326));
#9003 = DIRECTION('',(1.,0.,0.));
#9004 = DEFINITIONAL_REPRESENTATION('',(#9005),#9009);
#9005 = LINE('',#9006,#9007);
#9006 = CARTESIAN_POINT('',(0.,-0.));
#9007 = VECTOR('',#9008,1.);
#9008 = DIRECTION('',(1.,-0.));
#9009 = ( GEOMETRIC_REPRESENTATION_CONTEXT(2) 
PARAMETRIC_REPRESENTATION_CONTEXT() REPRESENTATION_CONTEXT('2D SPACE',''
  ) );
#9010 = ORIENTED_EDGE('',*,*,#9011,.T.);
#9011 = EDGE_CURVE('',#8983,#8160,#9012,.T.);
#9012 = SEAM_CURVE('',#9013,(#9017,#9024),.PCURVE_S1.);
#9013 = LINE('',#9014,#9015);
#9014 = CARTESIAN_POINT('',(40.45,-31.29593166022,12.562680414695));
#9015 = VECTOR('',#9016,1.);
#9016 = DIRECTION('',(0.,-0.939692620786,0.342020143326));
#9017 = PCURVE('',#8180,#9018);
#9018 = DEFINITIONAL_REPRESENTATION('',(#9019),#9023);
#9019 = LINE('',#9020,#9021);
#9020 = CARTESIAN_POINT('',(-6.28318530718,0.));
#9021 = VECTOR('',#9022,1.);
#9022 = DIRECTION('',(-0.,-1.));
#9023 = ( GEOMETRIC_REPRESENTATION_CONTEXT(2) 
PARAMETRIC_REPRESENTATION_CONTEXT() REPRESENTATION_CONTEXT('2D SPACE',''
  ) );
#9024 = PCURVE('',#8180,#9025);
#9025 = DEFINITIONAL_REPRESENTATION('',(#9026),#9030);
#9026 = LINE('',#9027,#9028);
#9027 = CARTESIAN_POINT('',(-0.,0.));
#9028 = VECTOR('',#9029,1.);
#9029 = DIRECTION('',(-0.,-1.));
#9030 = ( GEOMETRIC_REPRESENTATION_CONTEXT(2) 
PARAMETRIC_REPRESENTATION_CONTEXT() REPRESENTATION_CONTEXT('2D SPACE',''
  ) );
#9031 = ORIENTED_EDGE('',*,*,#8159,.F.);
#9032 = ORIENTED_EDGE('',*,*,#9011,.F.);
#9033 = ADVANCED_FACE('',(#9034),#8243,.T.);
#9034 = FACE_BOUND('',#9035,.F.);
#9035 = EDGE_LOOP('',(#9036,#9065,#9086,#9087));
#9036 = ORIENTED_EDGE('',*,*,#9037,.F.);
#9037 = EDGE_CURVE('',#9038,#9038,#9040,.T.);
#9038 = VERTEX_POINT('',#9039);
#9039 = CARTESIAN_POINT('',(-37.55,-17.25997805782,52.149477537867));
#9040 = SURFACE_CURVE('',#9041,(#9046,#9053),.PCURVE_S1.);
#9041 = CIRCLE('',#9042,1.45);
#9042 = AXIS2_PLACEMENT_3D('',#9043,#9044,#9045);
#9043 = CARTESIAN_POINT('',(-39.,-17.25997805782,52.149477537867));
#9044 = DIRECTION('',(0.,-0.939692620786,0.342020143326));
#9045 = DIRECTION('',(1.,0.,0.));
#9046 = PCURVE('',#8243,#9047);
#9047 = DEFINITIONAL_REPRESENTATION('',(#9048),#9052);
#9048 = LINE('',#9049,#9050);
#9049 = CARTESIAN_POINT('',(-0.,-0.35));
#9050 = VECTOR('',#9051,1.);
#9051 = DIRECTION('',(-1.,0.));
#9052 = ( GEOMETRIC_REPRESENTATION_CONTEXT(2) 
PARAMETRIC_REPRESENTATION_CONTEXT() REPRESENTATION_CONTEXT('2D SPACE',''
  ) );
#9053 = PCURVE('',#9054,#9059);
#9054 = CONICAL_SURFACE('',#9055,1.45,0.785398163397);
#9055 = AXIS2_PLACEMENT_3D('',#9056,#9057,#9058);
#9056 = CARTESIAN_POINT('',(-39.,-17.25997805782,52.149477537867));
#9057 = DIRECTION('',(0.,-0.939692620786,0.342020143326));
#9058 = DIRECTION('',(1.,0.,0.));
#9059 = DEFINITIONAL_REPRESENTATION('',(#9060),#9064);
#9060 = LINE('',#9061,#9062);
#9061 = CARTESIAN_POINT('',(0.,-0.));
#9062 = VECTOR('',#9063,1.);
#9063 = DIRECTION('',(1.,-0.));
#9064 = ( GEOMETRIC_REPRESENTATION_CONTEXT(2) 
PARAMETRIC_REPRESENTATION_CONTEXT() REPRESENTATION_CONTEXT('2D SPACE',''
  ) );
#9065 = ORIENTED_EDGE('',*,*,#9066,.T.);
#9066 = EDGE_CURVE('',#9038,#8223,#9067,.T.);
#9067 = SEAM_CURVE('',#9068,(#9072,#9079),.PCURVE_S1.);
#9068 = LINE('',#9069,#9070);
#9069 = CARTESIAN_POINT('',(-37.55,-16.93108564054,52.029770487703));
#9070 = VECTOR('',#9071,1.);
#9071 = DIRECTION('',(0.,-0.939692620786,0.342020143326));
#9072 = PCURVE('',#8243,#9073);
#9073 = DEFINITIONAL_REPRESENTATION('',(#9074),#9078);
#9074 = LINE('',#9075,#9076);
#9075 = CARTESIAN_POINT('',(-6.28318530718,0.));
#9076 = VECTOR('',#9077,1.);
#9077 = DIRECTION('',(-0.,-1.));
#9078 = ( GEOMETRIC_REPRESENTATION_CONTEXT(2) 
PARAMETRIC_REPRESENTATION_CONTEXT() REPRESENTATION_CONTEXT('2D SPACE',''
  ) );
#9079 = PCURVE('',#8243,#9080);
#9080 = DEFINITIONAL_REPRESENTATION('',(#9081),#9085);
#9081 = LINE('',#9082,#9083);
#9082 = CARTESIAN_POINT('',(-0.,0.));
#9083 = VECTOR('',#9084,1.);
#9084 = DIRECTION('',(-0.,-1.));
#9085 = ( GEOMETRIC_REPRESENTATION_CONTEXT(2) 
PARAMETRIC_REPRESENTATION_CONTEXT() REPRESENTATION_CONTEXT('2D SPACE',''
  ) );
#9086 = ORIENTED_EDGE('',*,*,#8222,.F.);
#9087 = ORIENTED_EDGE('',*,*,#9066,.F.);
#9088 = ADVANCED_FACE('',(#9089),#8282,.T.);
#9089 = FACE_BOUND('',#9090,.F.);
#9090 = EDGE_LOOP('',(#9091,#9120,#9141,#9142));
#9091 = ORIENTED_EDGE('',*,*,#9092,.F.);
#9092 = EDGE_CURVE('',#9093,#9093,#9095,.T.);
#9093 = VERTEX_POINT('',#9094);
#9094 = CARTESIAN_POINT('',(40.45,-17.25997805782,52.149477537867));
#9095 = SURFACE_CURVE('',#9096,(#9101,#9108),.PCURVE_S1.);
#9096 = CIRCLE('',#9097,1.45);
#9097 = AXIS2_PLACEMENT_3D('',#9098,#9099,#9100);
#9098 = CARTESIAN_POINT('',(39.,-17.25997805782,52.149477537867));
#9099 = DIRECTION('',(0.,-0.939692620786,0.342020143326));
#9100 = DIRECTION('',(1.,0.,0.));
#9101 = PCURVE('',#8282,#9102);
#9102 = DEFINITIONAL_REPRESENTATION('',(#9103),#9107);
#9103 = LINE('',#9104,#9105);
#9104 = CARTESIAN_POINT('',(-0.,-0.35));
#9105 = VECTOR('',#9106,1.);
#9106 = DIRECTION('',(-1.,0.));
#9107 = ( GEOMETRIC_REPRESENTATION_CONTEXT(2) 
PARAMETRIC_REPRESENTATION_CONTEXT() REPRESENTATION_CONTEXT('2D SPACE',''
  ) );
#9108 = PCURVE('',#9109,#9114);
#9109 = CONICAL_SURFACE('',#9110,1.45,0.785398163397);
#9110 = AXIS2_PLACEMENT_3D('',#9111,#9112,#9113);
#9111 = CARTESIAN_POINT('',(39.,-17.25997805782,52.149477537867));
#9112 = DIRECTION('',(0.,-0.939692620786,0.342020143326));
#9113 = DIRECTION('',(1.,0.,0.));
#9114 = DEFINITIONAL_REPRESENTATION('',(#9115),#9119);
#9115 = LINE('',#9116,#9117);
#9116 = CARTESIAN_POINT('',(0.,-0.));
#9117 = VECTOR('',#9118,1.);
#9118 = DIRECTION('',(1.,-0.));
#9119 = ( GEOMETRIC_REPRESENTATION_CONTEXT(2) 
PARAMETRIC_REPRESENTATION_CONTEXT() REPRESENTATION_CONTEXT('2D SPACE',''
  ) );
#9120 = ORIENTED_EDGE('',*,*,#9121,.T.);
#9121 = EDGE_CURVE('',#9093,#8262,#9122,.T.);
#9122 = SEAM_CURVE('',#9123,(#9127,#9134),.PCURVE_S1.);
#9123 = LINE('',#9124,#9125);
#9124 = CARTESIAN_POINT('',(40.45,-16.93108564054,52.029770487703));
#9125 = VECTOR('',#9126,1.);
#9126 = DIRECTION('',(0.,-0.939692620786,0.342020143326));
#9127 = PCURVE('',#8282,#9128);
#9128 = DEFINITIONAL_REPRESENTATION('',(#9129),#9133);
#9129 = LINE('',#9130,#9131);
#9130 = CARTESIAN_POINT('',(-6.28318530718,0.));
#9131 = VECTOR('',#9132,1.);
#9132 = DIRECTION('',(-0.,-1.));
#9133 = ( GEOMETRIC_REPRESENTATION_CONTEXT(2) 
PARAMETRIC_REPRESENTATION_CONTEXT() REPRESENTATION_CONTEXT('2D SPACE',''
  ) );
#9134 = PCURVE('',#8282,#9135);
#9135 = DEFINITIONAL_REPRESENTATION('',(#9136),#9140);
#9136 = LINE('',#9137,#9138);
#9137 = CARTESIAN_POINT('',(-0.,0.));
#9138 = VECTOR('',#9139,1.);
#9139 = DIRECTION('',(-0.,-1.));
#9140 = ( GEOMETRIC_REPRESENTATION_CONTEXT(2) 
PARAMETRIC_REPRESENTATION_CONTEXT() REPRESENTATION_CONTEXT('2D SPACE',''
  ) );
#9141 = ORIENTED_EDGE('',*,*,#8261,.F.);
#9142 = ORIENTED_EDGE('',*,*,#9121,.F.);
#9143 = ADVANCED_FACE('',(#9144),#8358,.T.);
#9144 = FACE_BOUND('',#9145,.T.);
#9145 = EDGE_LOOP('',(#9146,#9169,#9170,#9193));
#9146 = ORIENTED_EDGE('',*,*,#9147,.T.);
#9147 = EDGE_CURVE('',#9148,#8341,#9150,.T.);
#9148 = VERTEX_POINT('',#9149);
#9149 = CARTESIAN_POINT('',(-3.026098632812,-41.5384592709,
    8.981524047588));
#9150 = SURFACE_CURVE('',#9151,(#9155,#9162),.PCURVE_S1.);
#9151 = LINE('',#9152,#9153);
#9152 = CARTESIAN_POINT('',(-3.026098632812,-41.5384592709,
    8.981524047588));
#9153 = VECTOR('',#9154,1.);
#9154 = DIRECTION('',(0.,0.939692620786,-0.342020143326));
#9155 = PCURVE('',#8358,#9156);
#9156 = DEFINITIONAL_REPRESENTATION('',(#9157),#9161);
#9157 = LINE('',#9158,#9159);
#9158 = CARTESIAN_POINT('',(0.,0.));
#9159 = VECTOR('',#9160,1.);
#9160 = DIRECTION('',(0.,-1.));
#9161 = ( GEOMETRIC_REPRESENTATION_CONTEXT(2) 
PARAMETRIC_REPRESENTATION_CONTEXT() REPRESENTATION_CONTEXT('2D SPACE',''
  ) );
#9162 = PCURVE('',#8566,#9163);
#9163 = DEFINITIONAL_REPRESENTATION('',(#9164),#9168);
#9164 = LINE('',#9165,#9166);
#9165 = CARTESIAN_POINT('',(1.,0.));
#9166 = VECTOR('',#9167,1.);
#9167 = DIRECTION('',(0.,-1.));
#9168 = ( GEOMETRIC_REPRESENTATION_CONTEXT(2) 
PARAMETRIC_REPRESENTATION_CONTEXT() REPRESENTATION_CONTEXT('2D SPACE',''
  ) );
#9169 = ORIENTED_EDGE('',*,*,#8340,.T.);
#9170 = ORIENTED_EDGE('',*,*,#9171,.F.);
#9171 = EDGE_CURVE('',#9172,#8343,#9174,.T.);
#9172 = VERTEX_POINT('',#9173);
#9173 = CARTESIAN_POINT('',(-3.639295898438,-41.63829541834,
    8.707226486845));
#9174 = SURFACE_CURVE('',#9175,(#9179,#9186),.PCURVE_S1.);
#9175 = LINE('',#9176,#9177);
#9176 = CARTESIAN_POINT('',(-3.639295898438,-41.63829541834,
    8.707226486845));
#9177 = VECTOR('',#9178,1.);
#9178 = DIRECTION('',(0.,0.939692620786,-0.342020143326));
#9179 = PCURVE('',#8358,#9180);
#9180 = DEFINITIONAL_REPRESENTATION('',(#9181),#9185);
#9181 = LINE('',#9182,#9183);
#9182 = CARTESIAN_POINT('',(1.,0.));
#9183 = VECTOR('',#9184,1.);
#9184 = DIRECTION('',(0.,-1.));
#9185 = ( GEOMETRIC_REPRESENTATION_CONTEXT(2) 
PARAMETRIC_REPRESENTATION_CONTEXT() REPRESENTATION_CONTEXT('2D SPACE',''
  ) );
#9186 = PCURVE('',#8388,#9187);
#9187 = DEFINITIONAL_REPRESENTATION('',(#9188),#9192);
#9188 = LINE('',#9189,#9190);
#9189 = CARTESIAN_POINT('',(0.,0.));
#9190 = VECTOR('',#9191,1.);
#9191 = DIRECTION('',(0.,-1.));
#9192 = ( GEOMETRIC_REPRESENTATION_CONTEXT(2) 
PARAMETRIC_REPRESENTATION_CONTEXT() REPRESENTATION_CONTEXT('2D SPACE',''
  ) );
#9193 = ORIENTED_EDGE('',*,*,#9194,.F.);
#9194 = EDGE_CURVE('',#9148,#9172,#9195,.T.);
#9195 = SURFACE_CURVE('',#9196,(#9200,#9207),.PCURVE_S1.);
#9196 = B_SPLINE_CURVE_WITH_KNOTS('',2,(#9197,#9198,#9199),
  .UNSPECIFIED.,.F.,.F.,(3,3),(0.,1.),.PIECEWISE_BEZIER_KNOTS.);
#9197 = CARTESIAN_POINT('',(-3.026098632812,-41.5384592709,
    8.981524047588));
#9198 = CARTESIAN_POINT('',(-3.408295898438,-41.5384592709,
    8.981524047588));
#9199 = CARTESIAN_POINT('',(-3.639295898438,-41.63829541834,
    8.707226486845));
#9200 = PCURVE('',#8358,#9201);
#9201 = DEFINITIONAL_REPRESENTATION('',(#9202),#9206);
#9202 = LINE('',#9203,#9204);
#9203 = CARTESIAN_POINT('',(0.,0.));
#9204 = VECTOR('',#9205,1.);
#9205 = DIRECTION('',(1.,0.));
#9206 = ( GEOMETRIC_REPRESENTATION_CONTEXT(2) 
PARAMETRIC_REPRESENTATION_CONTEXT() REPRESENTATION_CONTEXT('2D SPACE',''
  ) );
#9207 = PCURVE('',#9208,#9213);
#9208 = PLANE('',#9209);
#9209 = AXIS2_PLACEMENT_3D('',#9210,#9211,#9212);
#9210 = CARTESIAN_POINT('',(-1.418675771681E-15,-33.37500723829,
    31.410424171991));
#9211 = DIRECTION('',(0.,-0.939692620786,0.342020143326));
#9212 = DIRECTION('',(1.,0.,0.));
#9213 = DEFINITIONAL_REPRESENTATION('',(#9214),#9218);
#9214 = B_SPLINE_CURVE_WITH_KNOTS('',2,(#9215,#9216,#9217),
  .UNSPECIFIED.,.F.,.F.,(3,3),(0.,1.),.PIECEWISE_BEZIER_KNOTS.);
#9215 = CARTESIAN_POINT('',(-3.026098632812,-23.86833697347));
#9216 = CARTESIAN_POINT('',(-3.408295898437,-23.86833697347));
#9217 = CARTESIAN_POINT('',(-3.639295898437,-24.16023834065));
#9218 = ( GEOMETRIC_REPRESENTATION_CONTEXT(2) 
PARAMETRIC_REPRESENTATION_CONTEXT() REPRESENTATION_CONTEXT('2D SPACE',''
  ) );
#9219 = ADVANCED_FACE('',(#9220),#8388,.T.);
#9220 = FACE_BOUND('',#9221,.T.);
#9221 = EDGE_LOOP('',(#9222,#9223,#9224,#9247));
#9222 = ORIENTED_EDGE('',*,*,#9171,.T.);
#9223 = ORIENTED_EDGE('',*,*,#8372,.T.);
#9224 = ORIENTED_EDGE('',*,*,#9225,.F.);
#9225 = EDGE_CURVE('',#9226,#8373,#9228,.T.);
#9226 = VERTEX_POINT('',#9227);
#9227 = CARTESIAN_POINT('',(-3.870295898437,-41.90332729501,
    7.979057390262));
#9228 = SURFACE_CURVE('',#9229,(#9233,#9240),.PCURVE_S1.);
#9229 = LINE('',#9230,#9231);
#9230 = CARTESIAN_POINT('',(-3.870295898437,-41.90332729501,
    7.979057390262));
#9231 = VECTOR('',#9232,1.);
#9232 = DIRECTION('',(0.,0.939692620786,-0.342020143326));
#9233 = PCURVE('',#8388,#9234);
#9234 = DEFINITIONAL_REPRESENTATION('',(#9235),#9239);
#9235 = LINE('',#9236,#9237);
#9236 = CARTESIAN_POINT('',(1.,0.));
#9237 = VECTOR('',#9238,1.);
#9238 = DIRECTION('',(0.,-1.));
#9239 = ( GEOMETRIC_REPRESENTATION_CONTEXT(2) 
PARAMETRIC_REPRESENTATION_CONTEXT() REPRESENTATION_CONTEXT('2D SPACE',''
  ) );
#9240 = PCURVE('',#8418,#9241);
#9241 = DEFINITIONAL_REPRESENTATION('',(#9242),#9246);
#9242 = LINE('',#9243,#9244);
#9243 = CARTESIAN_POINT('',(0.,0.));
#9244 = VECTOR('',#9245,1.);
#9245 = DIRECTION('',(0.,-1.));
#9246 = ( GEOMETRIC_REPRESENTATION_CONTEXT(2) 
PARAMETRIC_REPRESENTATION_CONTEXT() REPRESENTATION_CONTEXT('2D SPACE',''
  ) );
#9247 = ORIENTED_EDGE('',*,*,#9248,.F.);
#9248 = EDGE_CURVE('',#9172,#9226,#9249,.T.);
#9249 = SURFACE_CURVE('',#9250,(#9254,#9261),.PCURVE_S1.);
#9250 = B_SPLINE_CURVE_WITH_KNOTS('',2,(#9251,#9252,#9253),
  .UNSPECIFIED.,.F.,.F.,(3,3),(0.,1.),.PIECEWISE_BEZIER_KNOTS.);
#9251 = CARTESIAN_POINT('',(-3.639295898438,-41.63829541834,
    8.707226486845));
#9252 = CARTESIAN_POINT('',(-3.870295898437,-41.73813156578,
    8.432928926102));
#9253 = CARTESIAN_POINT('',(-3.870295898437,-41.90332729501,
    7.979057390262));
#9254 = PCURVE('',#8388,#9255);
#9255 = DEFINITIONAL_REPRESENTATION('',(#9256),#9260);
#9256 = LINE('',#9257,#9258);
#9257 = CARTESIAN_POINT('',(0.,0.));
#9258 = VECTOR('',#9259,1.);
#9259 = DIRECTION('',(1.,0.));
#9260 = ( GEOMETRIC_REPRESENTATION_CONTEXT(2) 
PARAMETRIC_REPRESENTATION_CONTEXT() REPRESENTATION_CONTEXT('2D SPACE',''
  ) );
#9261 = PCURVE('',#9208,#9262);
#9262 = DEFINITIONAL_REPRESENTATION('',(#9263),#9267);
#9263 = B_SPLINE_CURVE_WITH_KNOTS('',2,(#9264,#9265,#9266),
  .UNSPECIFIED.,.F.,.F.,(3,3),(0.,1.),.PIECEWISE_BEZIER_KNOTS.);
#9264 = CARTESIAN_POINT('',(-3.639295898437,-24.16023834065));
#9265 = CARTESIAN_POINT('',(-3.870295898437,-24.45213970784));
#9266 = CARTESIAN_POINT('',(-3.870295898437,-24.93513970784));
#9267 = ( GEOMETRIC_REPRESENTATION_CONTEXT(2) 
PARAMETRIC_REPRESENTATION_CONTEXT() REPRESENTATION_CONTEXT('2D SPACE',''
  ) );
#9268 = ADVANCED_FACE('',(#9269),#8418,.T.);
#9269 = FACE_BOUND('',#9270,.T.);
#9270 = EDGE_LOOP('',(#9271,#9272,#9273,#9296));
#9271 = ORIENTED_EDGE('',*,*,#9225,.T.);
#9272 = ORIENTED_EDGE('',*,*,#8402,.T.);
#9273 = ORIENTED_EDGE('',*,*,#9274,.F.);
#9274 = EDGE_CURVE('',#9275,#8403,#9277,.T.);
#9275 = VERTEX_POINT('',#9276);
#9276 = CARTESIAN_POINT('',(-3.639295898438,-42.16835917168,
    7.250888293679));
#9277 = SURFACE_CURVE('',#9278,(#9282,#9289),.PCURVE_S1.);
#9278 = LINE('',#9279,#9280);
#9279 = CARTESIAN_POINT('',(-3.639295898438,-42.16835917168,
    7.250888293679));
#9280 = VECTOR('',#9281,1.);
#9281 = DIRECTION('',(0.,0.939692620786,-0.342020143326));
#9282 = PCURVE('',#8418,#9283);
#9283 = DEFINITIONAL_REPRESENTATION('',(#9284),#9288);
#9284 = LINE('',#9285,#9286);
#9285 = CARTESIAN_POINT('',(1.,0.));
#9286 = VECTOR('',#9287,1.);
#9287 = DIRECTION('',(0.,-1.));
#9288 = ( GEOMETRIC_REPRESENTATION_CONTEXT(2) 
PARAMETRIC_REPRESENTATION_CONTEXT() REPRESENTATION_CONTEXT('2D SPACE',''
  ) );
#9289 = PCURVE('',#8448,#9290);
#9290 = DEFINITIONAL_REPRESENTATION('',(#9291),#9295);
#9291 = LINE('',#9292,#9293);
#9292 = CARTESIAN_POINT('',(0.,0.));
#9293 = VECTOR('',#9294,1.);
#9294 = DIRECTION('',(0.,-1.));
#9295 = ( GEOMETRIC_REPRESENTATION_CONTEXT(2) 
PARAMETRIC_REPRESENTATION_CONTEXT() REPRESENTATION_CONTEXT('2D SPACE',''
  ) );
#9296 = ORIENTED_EDGE('',*,*,#9297,.F.);
#9297 = EDGE_CURVE('',#9226,#9275,#9298,.T.);
#9298 = SURFACE_CURVE('',#9299,(#9303,#9310),.PCURVE_S1.);
#9299 = B_SPLINE_CURVE_WITH_KNOTS('',2,(#9300,#9301,#9302),
  .UNSPECIFIED.,.F.,.F.,(3,3),(0.,1.),.PIECEWISE_BEZIER_KNOTS.);
#9300 = CARTESIAN_POINT('',(-3.870295898437,-41.90332729501,
    7.979057390262));
#9301 = CARTESIAN_POINT('',(-3.870295898437,-42.06852302424,
    7.525185854422));
#9302 = CARTESIAN_POINT('',(-3.639295898438,-42.16835917168,
    7.250888293679));
#9303 = PCURVE('',#8418,#9304);
#9304 = DEFINITIONAL_REPRESENTATION('',(#9305),#9309);
#9305 = LINE('',#9306,#9307);
#9306 = CARTESIAN_POINT('',(0.,0.));
#9307 = VECTOR('',#9308,1.);
#9308 = DIRECTION('',(1.,0.));
#9309 = ( GEOMETRIC_REPRESENTATION_CONTEXT(2) 
PARAMETRIC_REPRESENTATION_CONTEXT() REPRESENTATION_CONTEXT('2D SPACE',''
  ) );
#9310 = PCURVE('',#9208,#9311);
#9311 = DEFINITIONAL_REPRESENTATION('',(#9312),#9316);
#9312 = B_SPLINE_CURVE_WITH_KNOTS('',2,(#9313,#9314,#9315),
  .UNSPECIFIED.,.F.,.F.,(3,3),(0.,1.),.PIECEWISE_BEZIER_KNOTS.);
#9313 = CARTESIAN_POINT('',(-3.870295898437,-24.93513970784));
#9314 = CARTESIAN_POINT('',(-3.870295898437,-25.41813970784));
#9315 = CARTESIAN_POINT('',(-3.639295898437,-25.71004107503));
#9316 = ( GEOMETRIC_REPRESENTATION_CONTEXT(2) 
PARAMETRIC_REPRESENTATION_CONTEXT() REPRESENTATION_CONTEXT('2D SPACE',''
  ) );
#9317 = ADVANCED_FACE('',(#9318),#8448,.T.);
#9318 = FACE_BOUND('',#9319,.T.);
#9319 = EDGE_LOOP('',(#9320,#9321,#9322,#9345));
#9320 = ORIENTED_EDGE('',*,*,#9274,.T.);
#9321 = ORIENTED_EDGE('',*,*,#8432,.T.);
#9322 = ORIENTED_EDGE('',*,*,#9323,.F.);
#9323 = EDGE_CURVE('',#9324,#8433,#9326,.T.);
#9324 = VERTEX_POINT('',#9325);
#9325 = CARTESIAN_POINT('',(-3.026098632812,-42.26819531912,
    6.976590732936));
#9326 = SURFACE_CURVE('',#9327,(#9331,#9338),.PCURVE_S1.);
#9327 = LINE('',#9328,#9329);
#9328 = CARTESIAN_POINT('',(-3.026098632812,-42.26819531912,
    6.976590732936));
#9329 = VECTOR('',#9330,1.);
#9330 = DIRECTION('',(0.,0.939692620786,-0.342020143326));
#9331 = PCURVE('',#8448,#9332);
#9332 = DEFINITIONAL_REPRESENTATION('',(#9333),#9337);
#9333 = LINE('',#9334,#9335);
#9334 = CARTESIAN_POINT('',(1.,0.));
#9335 = VECTOR('',#9336,1.);
#9336 = DIRECTION('',(0.,-1.));
#9337 = ( GEOMETRIC_REPRESENTATION_CONTEXT(2) 
PARAMETRIC_REPRESENTATION_CONTEXT() REPRESENTATION_CONTEXT('2D SPACE',''
  ) );
#9338 = PCURVE('',#8478,#9339);
#9339 = DEFINITIONAL_REPRESENTATION('',(#9340),#9344);
#9340 = LINE('',#9341,#9342);
#9341 = CARTESIAN_POINT('',(0.,0.));
#9342 = VECTOR('',#9343,1.);
#9343 = DIRECTION('',(0.,-1.));
#9344 = ( GEOMETRIC_REPRESENTATION_CONTEXT(2) 
PARAMETRIC_REPRESENTATION_CONTEXT() REPRESENTATION_CONTEXT('2D SPACE',''
  ) );
#9345 = ORIENTED_EDGE('',*,*,#9346,.F.);
#9346 = EDGE_CURVE('',#9275,#9324,#9347,.T.);
#9347 = SURFACE_CURVE('',#9348,(#9352,#9359),.PCURVE_S1.);
#9348 = B_SPLINE_CURVE_WITH_KNOTS('',2,(#9349,#9350,#9351),
  .UNSPECIFIED.,.F.,.F.,(3,3),(0.,1.),.PIECEWISE_BEZIER_KNOTS.);
#9349 = CARTESIAN_POINT('',(-3.639295898438,-42.16835917168,
    7.250888293679));
#9350 = CARTESIAN_POINT('',(-3.408295898438,-42.26819531912,
    6.976590732936));
#9351 = CARTESIAN_POINT('',(-3.026098632812,-42.26819531912,
    6.976590732936));
#9352 = PCURVE('',#8448,#9353);
#9353 = DEFINITIONAL_REPRESENTATION('',(#9354),#9358);
#9354 = LINE('',#9355,#9356);
#9355 = CARTESIAN_POINT('',(0.,0.));
#9356 = VECTOR('',#9357,1.);
#9357 = DIRECTION('',(1.,0.));
#9358 = ( GEOMETRIC_REPRESENTATION_CONTEXT(2) 
PARAMETRIC_REPRESENTATION_CONTEXT() REPRESENTATION_CONTEXT('2D SPACE',''
  ) );
#9359 = PCURVE('',#9208,#9360);
#9360 = DEFINITIONAL_REPRESENTATION('',(#9361),#9365);
#9361 = B_SPLINE_CURVE_WITH_KNOTS('',2,(#9362,#9363,#9364),
  .UNSPECIFIED.,.F.,.F.,(3,3),(0.,1.),.PIECEWISE_BEZIER_KNOTS.);
#9362 = CARTESIAN_POINT('',(-3.639295898437,-25.71004107503));
#9363 = CARTESIAN_POINT('',(-3.408295898437,-26.00194244222));
#9364 = CARTESIAN_POINT('',(-3.026098632812,-26.00194244222));
#9365 = ( GEOMETRIC_REPRESENTATION_CONTEXT(2) 
PARAMETRIC_REPRESENTATION_CONTEXT() REPRESENTATION_CONTEXT('2D SPACE',''
  ) );
#9366 = ADVANCED_FACE('',(#9367),#8478,.T.);
#9367 = FACE_BOUND('',#9368,.T.);
#9368 = EDGE_LOOP('',(#9369,#9370,#9371,#9394));
#9369 = ORIENTED_EDGE('',*,*,#9323,.T.);
#9370 = ORIENTED_EDGE('',*,*,#8462,.T.);
#9371 = ORIENTED_EDGE('',*,*,#9372,.F.);
#9372 = EDGE_CURVE('',#9373,#8463,#9375,.T.);
#9373 = VERTEX_POINT('',#9374);
#9374 = CARTESIAN_POINT('',(-2.415,-42.16907694637,7.248916223911));
#9375 = SURFACE_CURVE('',#9376,(#9380,#9387),.PCURVE_S1.);
#9376 = LINE('',#9377,#9378);
#9377 = CARTESIAN_POINT('',(-2.415,-42.16907694637,7.248916223911));
#9378 = VECTOR('',#9379,1.);
#9379 = DIRECTION('',(0.,0.939692620786,-0.342020143326));
#9380 = PCURVE('',#8478,#9381);
#9381 = DEFINITIONAL_REPRESENTATION('',(#9382),#9386);
#9382 = LINE('',#9383,#9384);
#9383 = CARTESIAN_POINT('',(1.,0.));
#9384 = VECTOR('',#9385,1.);
#9385 = DIRECTION('',(0.,-1.));
#9386 = ( GEOMETRIC_REPRESENTATION_CONTEXT(2) 
PARAMETRIC_REPRESENTATION_CONTEXT() REPRESENTATION_CONTEXT('2D SPACE',''
  ) );
#9387 = PCURVE('',#8508,#9388);
#9388 = DEFINITIONAL_REPRESENTATION('',(#9389),#9393);
#9389 = LINE('',#9390,#9391);
#9390 = CARTESIAN_POINT('',(0.,0.));
#9391 = VECTOR('',#9392,1.);
#9392 = DIRECTION('',(0.,-1.));
#9393 = ( GEOMETRIC_REPRESENTATION_CONTEXT(2) 
PARAMETRIC_REPRESENTATION_CONTEXT() REPRESENTATION_CONTEXT('2D SPACE',''
  ) );
#9394 = ORIENTED_EDGE('',*,*,#9395,.F.);
#9395 = EDGE_CURVE('',#9324,#9373,#9396,.T.);
#9396 = SURFACE_CURVE('',#9397,(#9401,#9408),.PCURVE_S1.);
#9397 = B_SPLINE_CURVE_WITH_KNOTS('',2,(#9398,#9399,#9400),
  .UNSPECIFIED.,.F.,.F.,(3,3),(0.,1.),.PIECEWISE_BEZIER_KNOTS.);
#9398 = CARTESIAN_POINT('',(-3.026098632812,-42.26819531912,
    6.976590732936));
#9399 = CARTESIAN_POINT('',(-2.648098632812,-42.26819531912,
    6.976590732936));
#9400 = CARTESIAN_POINT('',(-2.415,-42.16907694637,7.248916223911));
#9401 = PCURVE('',#8478,#9402);
#9402 = DEFINITIONAL_REPRESENTATION('',(#9403),#9407);
#9403 = LINE('',#9404,#9405);
#9404 = CARTESIAN_POINT('',(0.,0.));
#9405 = VECTOR('',#9406,1.);
#9406 = DIRECTION('',(1.,0.));
#9407 = ( GEOMETRIC_REPRESENTATION_CONTEXT(2) 
PARAMETRIC_REPRESENTATION_CONTEXT() REPRESENTATION_CONTEXT('2D SPACE',''
  ) );
#9408 = PCURVE('',#9208,#9409);
#9409 = DEFINITIONAL_REPRESENTATION('',(#9410),#9414);
#9410 = B_SPLINE_CURVE_WITH_KNOTS('',2,(#9411,#9412,#9413),
  .UNSPECIFIED.,.F.,.F.,(3,3),(0.,1.),.PIECEWISE_BEZIER_KNOTS.);
#9411 = CARTESIAN_POINT('',(-3.026098632812,-26.00194244222));
#9412 = CARTESIAN_POINT('',(-2.648098632812,-26.00194244222));
#9413 = CARTESIAN_POINT('',(-2.415,-25.71213970784));
#9414 = ( GEOMETRIC_REPRESENTATION_CONTEXT(2) 
PARAMETRIC_REPRESENTATION_CONTEXT() REPRESENTATION_CONTEXT('2D SPACE',''
  ) );
#9415 = ADVANCED_FACE('',(#9416),#8508,.T.);
#9416 = FACE_BOUND('',#9417,.T.);
#9417 = EDGE_LOOP('',(#9418,#9419,#9420,#9443));
#9418 = ORIENTED_EDGE('',*,*,#9372,.T.);
#9419 = ORIENTED_EDGE('',*,*,#8492,.T.);
#9420 = ORIENTED_EDGE('',*,*,#9421,.F.);
#9421 = EDGE_CURVE('',#9422,#8493,#9424,.T.);
#9422 = VERTEX_POINT('',#9423);
#9423 = CARTESIAN_POINT('',(-2.181901367187,-41.90907416863,
    7.963267984761));
#9424 = SURFACE_CURVE('',#9425,(#9429,#9436),.PCURVE_S1.);
#9425 = LINE('',#9426,#9427);
#9426 = CARTESIAN_POINT('',(-2.181901367187,-41.90907416863,
    7.963267984761));
#9427 = VECTOR('',#9428,1.);
#9428 = DIRECTION('',(0.,0.939692620786,-0.342020143326));
#9429 = PCURVE('',#8508,#9430);
#9430 = DEFINITIONAL_REPRESENTATION('',(#9431),#9435);
#9431 = LINE('',#9432,#9433);
#9432 = CARTESIAN_POINT('',(1.,0.));
#9433 = VECTOR('',#9434,1.);
#9434 = DIRECTION('',(0.,-1.));
#9435 = ( GEOMETRIC_REPRESENTATION_CONTEXT(2) 
PARAMETRIC_REPRESENTATION_CONTEXT() REPRESENTATION_CONTEXT('2D SPACE',''
  ) );
#9436 = PCURVE('',#8538,#9437);
#9437 = DEFINITIONAL_REPRESENTATION('',(#9438),#9442);
#9438 = LINE('',#9439,#9440);
#9439 = CARTESIAN_POINT('',(0.,0.));
#9440 = VECTOR('',#9441,1.);
#9441 = DIRECTION('',(0.,-1.));
#9442 = ( GEOMETRIC_REPRESENTATION_CONTEXT(2) 
PARAMETRIC_REPRESENTATION_CONTEXT() REPRESENTATION_CONTEXT('2D SPACE',''
  ) );
#9443 = ORIENTED_EDGE('',*,*,#9444,.F.);
#9444 = EDGE_CURVE('',#9373,#9422,#9445,.T.);
#9445 = SURFACE_CURVE('',#9446,(#9450,#9457),.PCURVE_S1.);
#9446 = B_SPLINE_CURVE_WITH_KNOTS('',2,(#9447,#9448,#9449),
  .UNSPECIFIED.,.F.,.F.,(3,3),(0.,1.),.PIECEWISE_BEZIER_KNOTS.);
#9447 = CARTESIAN_POINT('',(-2.415,-42.16907694637,7.248916223911));
#9448 = CARTESIAN_POINT('',(-2.181901367187,-42.06995857363,
    7.521241714887));
#9449 = CARTESIAN_POINT('',(-2.181901367187,-41.90907416863,
    7.963267984761));
#9450 = PCURVE('',#8508,#9451);
#9451 = DEFINITIONAL_REPRESENTATION('',(#9452),#9456);
#9452 = LINE('',#9453,#9454);
#9453 = CARTESIAN_POINT('',(0.,0.));
#9454 = VECTOR('',#9455,1.);
#9455 = DIRECTION('',(1.,0.));
#9456 = ( GEOMETRIC_REPRESENTATION_CONTEXT(2) 
PARAMETRIC_REPRESENTATION_CONTEXT() REPRESENTATION_CONTEXT('2D SPACE',''
  ) );
#9457 = PCURVE('',#9208,#9458);
#9458 = DEFINITIONAL_REPRESENTATION('',(#9459),#9463);
#9459 = B_SPLINE_CURVE_WITH_KNOTS('',2,(#9460,#9461,#9462),
  .UNSPECIFIED.,.F.,.F.,(3,3),(0.,1.),.PIECEWISE_BEZIER_KNOTS.);
#9460 = CARTESIAN_POINT('',(-2.415,-25.71213970784));
#9461 = CARTESIAN_POINT('',(-2.181901367187,-25.42233697347));
#9462 = CARTESIAN_POINT('',(-2.181901367187,-24.95194244222));
#9463 = ( GEOMETRIC_REPRESENTATION_CONTEXT(2) 
PARAMETRIC_REPRESENTATION_CONTEXT() REPRESENTATION_CONTEXT('2D SPACE',''
  ) );
#9464 = ADVANCED_FACE('',(#9465),#8538,.T.);
#9465 = FACE_BOUND('',#9466,.T.);
#9466 = EDGE_LOOP('',(#9467,#9468,#9469,#9492));
#9467 = ORIENTED_EDGE('',*,*,#9421,.T.);
#9468 = ORIENTED_EDGE('',*,*,#8522,.T.);
#9469 = ORIENTED_EDGE('',*,*,#9470,.F.);
#9470 = EDGE_CURVE('',#9471,#8523,#9473,.T.);
#9471 = VERTEX_POINT('',#9472);
#9472 = CARTESIAN_POINT('',(-2.410795898437,-41.63901319304,
    8.705254417077));
#9473 = SURFACE_CURVE('',#9474,(#9478,#9485),.PCURVE_S1.);
#9474 = LINE('',#9475,#9476);
#9475 = CARTESIAN_POINT('',(-2.410795898437,-41.63901319304,
    8.705254417077));
#9476 = VECTOR('',#9477,1.);
#9477 = DIRECTION('',(0.,0.939692620786,-0.342020143326));
#9478 = PCURVE('',#8538,#9479);
#9479 = DEFINITIONAL_REPRESENTATION('',(#9480),#9484);
#9480 = LINE('',#9481,#9482);
#9481 = CARTESIAN_POINT('',(1.,0.));
#9482 = VECTOR('',#9483,1.);
#9483 = DIRECTION('',(0.,-1.));
#9484 = ( GEOMETRIC_REPRESENTATION_CONTEXT(2) 
PARAMETRIC_REPRESENTATION_CONTEXT() REPRESENTATION_CONTEXT('2D SPACE',''
  ) );
#9485 = PCURVE('',#8566,#9486);
#9486 = DEFINITIONAL_REPRESENTATION('',(#9487),#9491);
#9487 = LINE('',#9488,#9489);
#9488 = CARTESIAN_POINT('',(0.,0.));
#9489 = VECTOR('',#9490,1.);
#9490 = DIRECTION('',(0.,-1.));
#9491 = ( GEOMETRIC_REPRESENTATION_CONTEXT(2) 
PARAMETRIC_REPRESENTATION_CONTEXT() REPRESENTATION_CONTEXT('2D SPACE',''
  ) );
#9492 = ORIENTED_EDGE('',*,*,#9493,.F.);
#9493 = EDGE_CURVE('',#9422,#9471,#9494,.T.);
#9494 = SURFACE_CURVE('',#9495,(#9499,#9506),.PCURVE_S1.);
#9495 = B_SPLINE_CURVE_WITH_KNOTS('',2,(#9496,#9497,#9498),
  .UNSPECIFIED.,.F.,.F.,(3,3),(0.,1.),.PIECEWISE_BEZIER_KNOTS.);
#9496 = CARTESIAN_POINT('',(-2.181901367187,-41.90907416863,
    7.963267984761));
#9497 = CARTESIAN_POINT('',(-2.181901367187,-41.73956711517,
    8.428984786566));
#9498 = CARTESIAN_POINT('',(-2.410795898437,-41.63901319304,
    8.705254417077));
#9499 = PCURVE('',#8538,#9500);
#9500 = DEFINITIONAL_REPRESENTATION('',(#9501),#9505);
#9501 = LINE('',#9502,#9503);
#9502 = CARTESIAN_POINT('',(0.,0.));
#9503 = VECTOR('',#9504,1.);
#9504 = DIRECTION('',(1.,0.));
#9505 = ( GEOMETRIC_REPRESENTATION_CONTEXT(2) 
PARAMETRIC_REPRESENTATION_CONTEXT() REPRESENTATION_CONTEXT('2D SPACE',''
  ) );
#9506 = PCURVE('',#9208,#9507);
#9507 = DEFINITIONAL_REPRESENTATION('',(#9508),#9512);
#9508 = B_SPLINE_CURVE_WITH_KNOTS('',2,(#9509,#9510,#9511),
  .UNSPECIFIED.,.F.,.F.,(3,3),(0.,1.),.PIECEWISE_BEZIER_KNOTS.);
#9509 = CARTESIAN_POINT('',(-2.181901367187,-24.95194244222));
#9510 = CARTESIAN_POINT('',(-2.181901367187,-24.45633697347));
#9511 = CARTESIAN_POINT('',(-2.410795898437,-24.16233697347));
#9512 = ( GEOMETRIC_REPRESENTATION_CONTEXT(2) 
PARAMETRIC_REPRESENTATION_CONTEXT() REPRESENTATION_CONTEXT('2D SPACE',''
  ) );
#9513 = ADVANCED_FACE('',(#9514),#8566,.T.);
#9514 = FACE_BOUND('',#9515,.T.);
#9515 = EDGE_LOOP('',(#9516,#9517,#9518,#9519));
#9516 = ORIENTED_EDGE('',*,*,#9470,.T.);
#9517 = ORIENTED_EDGE('',*,*,#8552,.T.);
#9518 = ORIENTED_EDGE('',*,*,#9147,.F.);
#9519 = ORIENTED_EDGE('',*,*,#9520,.F.);
#9520 = EDGE_CURVE('',#9471,#9148,#9521,.T.);
#9521 = SURFACE_CURVE('',#9522,(#9526,#9533),.PCURVE_S1.);
#9522 = B_SPLINE_CURVE_WITH_KNOTS('',2,(#9523,#9524,#9525),
  .UNSPECIFIED.,.F.,.F.,(3,3),(0.,1.),.PIECEWISE_BEZIER_KNOTS.);
#9523 = CARTESIAN_POINT('',(-2.410795898437,-41.63901319304,
    8.705254417077));
#9524 = CARTESIAN_POINT('',(-2.639690429688,-41.5384592709,
    8.981524047588));
#9525 = CARTESIAN_POINT('',(-3.026098632812,-41.5384592709,
    8.981524047588));
#9526 = PCURVE('',#8566,#9527);
#9527 = DEFINITIONAL_REPRESENTATION('',(#9528),#9532);
#9528 = LINE('',#9529,#9530);
#9529 = CARTESIAN_POINT('',(0.,0.));
#9530 = VECTOR('',#9531,1.);
#9531 = DIRECTION('',(1.,0.));
#9532 = ( GEOMETRIC_REPRESENTATION_CONTEXT(2) 
PARAMETRIC_REPRESENTATION_CONTEXT() REPRESENTATION_CONTEXT('2D SPACE',''
  ) );
#9533 = PCURVE('',#9208,#9534);
#9534 = DEFINITIONAL_REPRESENTATION('',(#9535),#9539);
#9535 = B_SPLINE_CURVE_WITH_KNOTS('',2,(#9536,#9537,#9538),
  .UNSPECIFIED.,.F.,.F.,(3,3),(0.,1.),.PIECEWISE_BEZIER_KNOTS.);
#9536 = CARTESIAN_POINT('',(-2.410795898437,-24.16233697347));
#9537 = CARTESIAN_POINT('',(-2.639690429687,-23.86833697347));
#9538 = CARTESIAN_POINT('',(-3.026098632812,-23.86833697347));
#9539 = ( GEOMETRIC_REPRESENTATION_CONTEXT(2) 
PARAMETRIC_REPRESENTATION_CONTEXT() REPRESENTATION_CONTEXT('2D SPACE',''
  ) );
#9540 = ADVANCED_FACE('',(#9541),#8624,.T.);
#9541 = FACE_BOUND('',#9542,.T.);
#9542 = EDGE_LOOP('',(#9543,#9566,#9567,#9590));
#9543 = ORIENTED_EDGE('',*,*,#9544,.T.);
#9544 = EDGE_CURVE('',#9545,#8607,#9547,.T.);
#9545 = VERTEX_POINT('',#9546);
#9546 = CARTESIAN_POINT('',(2.551506835937,-42.02830426102,
    7.635685998211));
#9547 = SURFACE_CURVE('',#9548,(#9552,#9559),.PCURVE_S1.);
#9548 = LINE('',#9549,#9550);
#9549 = CARTESIAN_POINT('',(2.551506835937,-42.02830426102,
    7.635685998211));
#9550 = VECTOR('',#9551,1.);
#9551 = DIRECTION('',(0.,0.939692620786,-0.342020143326));
#9552 = PCURVE('',#8624,#9553);
#9553 = DEFINITIONAL_REPRESENTATION('',(#9554),#9558);
#9554 = LINE('',#9555,#9556);
#9555 = CARTESIAN_POINT('',(0.,0.));
#9556 = VECTOR('',#9557,1.);
#9557 = DIRECTION('',(0.,-1.));
#9558 = ( GEOMETRIC_REPRESENTATION_CONTEXT(2) 
PARAMETRIC_REPRESENTATION_CONTEXT() REPRESENTATION_CONTEXT('2D SPACE',''
  ) );
#9559 = PCURVE('',#8678,#9560);
#9560 = DEFINITIONAL_REPRESENTATION('',(#9561),#9565);
#9561 = LINE('',#9562,#9563);
#9562 = CARTESIAN_POINT('',(1.261748786407,5.551115123126E-17));
#9563 = VECTOR('',#9564,1.);
#9564 = DIRECTION('',(-5.551115123126E-17,-1.));
#9565 = ( GEOMETRIC_REPRESENTATION_CONTEXT(2) 
PARAMETRIC_REPRESENTATION_CONTEXT() REPRESENTATION_CONTEXT('2D SPACE',''
  ) );
#9566 = ORIENTED_EDGE('',*,*,#8606,.T.);
#9567 = ORIENTED_EDGE('',*,*,#9568,.F.);
#9568 = EDGE_CURVE('',#9569,#8609,#9571,.T.);
#9569 = VERTEX_POINT('',#9570);
#9570 = CARTESIAN_POINT('',(3.349506835937,-42.02830426102,
    7.635685998211));
#9571 = SURFACE_CURVE('',#9572,(#9576,#9583),.PCURVE_S1.);
#9572 = LINE('',#9573,#9574);
#9573 = CARTESIAN_POINT('',(3.349506835937,-42.02830426102,
    7.635685998211));
#9574 = VECTOR('',#9575,1.);
#9575 = DIRECTION('',(0.,0.939692620786,-0.342020143326));
#9576 = PCURVE('',#8624,#9577);
#9577 = DEFINITIONAL_REPRESENTATION('',(#9578),#9582);
#9578 = LINE('',#9579,#9580);
#9579 = CARTESIAN_POINT('',(0.798,0.));
#9580 = VECTOR('',#9581,1.);
#9581 = DIRECTION('',(0.,-1.));
#9582 = ( GEOMETRIC_REPRESENTATION_CONTEXT(2) 
PARAMETRIC_REPRESENTATION_CONTEXT() REPRESENTATION_CONTEXT('2D SPACE',''
  ) );
#9583 = PCURVE('',#8652,#9584);
#9584 = DEFINITIONAL_REPRESENTATION('',(#9585),#9589);
#9585 = LINE('',#9586,#9587);
#9586 = CARTESIAN_POINT('',(0.,0.));
#9587 = VECTOR('',#9588,1.);
#9588 = DIRECTION('',(5.551115123126E-17,-1.));
#9589 = ( GEOMETRIC_REPRESENTATION_CONTEXT(2) 
PARAMETRIC_REPRESENTATION_CONTEXT() REPRESENTATION_CONTEXT('2D SPACE',''
  ) );
#9590 = ORIENTED_EDGE('',*,*,#9591,.F.);
#9591 = EDGE_CURVE('',#9545,#9569,#9592,.T.);
#9592 = SURFACE_CURVE('',#9593,(#9597,#9604),.PCURVE_S1.);
#9593 = LINE('',#9594,#9595);
#9594 = CARTESIAN_POINT('',(2.551506835937,-42.02830426102,
    7.635685998211));
#9595 = VECTOR('',#9596,1.);
#9596 = DIRECTION('',(1.,0.,0.));
#9597 = PCURVE('',#8624,#9598);
#9598 = DEFINITIONAL_REPRESENTATION('',(#9599),#9603);
#9599 = LINE('',#9600,#9601);
#9600 = CARTESIAN_POINT('',(0.,-1.487270986296E-14));
#9601 = VECTOR('',#9602,1.);
#9602 = DIRECTION('',(1.,0.));
#9603 = ( GEOMETRIC_REPRESENTATION_CONTEXT(2) 
PARAMETRIC_REPRESENTATION_CONTEXT() REPRESENTATION_CONTEXT('2D SPACE',''
  ) );
#9604 = PCURVE('',#9605,#9610);
#9605 = PLANE('',#9606);
#9606 = AXIS2_PLACEMENT_3D('',#9607,#9608,#9609);
#9607 = CARTESIAN_POINT('',(-1.418675771681E-15,-33.37500723829,
    31.410424171991));
#9608 = DIRECTION('',(0.,-0.939692620786,0.342020143326));
#9609 = DIRECTION('',(1.,0.,0.));
#9610 = DEFINITIONAL_REPRESENTATION('',(#9611),#9615);
#9611 = LINE('',#9612,#9613);
#9612 = CARTESIAN_POINT('',(2.551506835938,-25.30054791097));
#9613 = VECTOR('',#9614,1.);
#9614 = DIRECTION('',(1.,0.));
#9615 = ( GEOMETRIC_REPRESENTATION_CONTEXT(2) 
PARAMETRIC_REPRESENTATION_CONTEXT() REPRESENTATION_CONTEXT('2D SPACE',''
  ) );
#9616 = ADVANCED_FACE('',(#9617),#8652,.T.);
#9617 = FACE_BOUND('',#9618,.T.);
#9618 = EDGE_LOOP('',(#9619,#9620,#9621,#9644));
#9619 = ORIENTED_EDGE('',*,*,#9568,.T.);
#9620 = ORIENTED_EDGE('',*,*,#8636,.T.);
#9621 = ORIENTED_EDGE('',*,*,#9622,.F.);
#9622 = EDGE_CURVE('',#9623,#8637,#9625,.T.);
#9623 = VERTEX_POINT('',#9624);
#9624 = CARTESIAN_POINT('',(2.950506835937,-41.61890614946,
    8.760498065291));
#9625 = SURFACE_CURVE('',#9626,(#9630,#9637),.PCURVE_S1.);
#9626 = LINE('',#9627,#9628);
#9627 = CARTESIAN_POINT('',(2.950506835937,-41.61890614946,
    8.760498065291));
#9628 = VECTOR('',#9629,1.);
#9629 = DIRECTION('',(0.,0.939692620786,-0.342020143326));
#9630 = PCURVE('',#8652,#9631);
#9631 = DEFINITIONAL_REPRESENTATION('',(#9632),#9636);
#9632 = LINE('',#9633,#9634);
#9633 = CARTESIAN_POINT('',(1.261748786407,-5.551115123126E-17));
#9634 = VECTOR('',#9635,1.);
#9635 = DIRECTION('',(5.551115123126E-17,-1.));
#9636 = ( GEOMETRIC_REPRESENTATION_CONTEXT(2) 
PARAMETRIC_REPRESENTATION_CONTEXT() REPRESENTATION_CONTEXT('2D SPACE',''
  ) );
#9637 = PCURVE('',#8678,#9638);
#9638 = DEFINITIONAL_REPRESENTATION('',(#9639),#9643);
#9639 = LINE('',#9640,#9641);
#9640 = CARTESIAN_POINT('',(-0.,0.));
#9641 = VECTOR('',#9642,1.);
#9642 = DIRECTION('',(-5.551115123126E-17,-1.));
#9643 = ( GEOMETRIC_REPRESENTATION_CONTEXT(2) 
PARAMETRIC_REPRESENTATION_CONTEXT() REPRESENTATION_CONTEXT('2D SPACE',''
  ) );
#9644 = ORIENTED_EDGE('',*,*,#9645,.F.);
#9645 = EDGE_CURVE('',#9569,#9623,#9646,.T.);
#9646 = SURFACE_CURVE('',#9647,(#9651,#9658),.PCURVE_S1.);
#9647 = LINE('',#9648,#9649);
#9648 = CARTESIAN_POINT('',(3.349506835937,-42.02830426102,
    7.635685998211));
#9649 = VECTOR('',#9650,1.);
#9650 = DIRECTION('',(-0.316227766017,0.32446879757,0.891470694641));
#9651 = PCURVE('',#8652,#9652);
#9652 = DEFINITIONAL_REPRESENTATION('',(#9653),#9657);
#9653 = LINE('',#9654,#9655);
#9654 = CARTESIAN_POINT('',(4.240493925336E-15,-1.365761022134E-14));
#9655 = VECTOR('',#9656,1.);
#9656 = DIRECTION('',(1.,-5.551115123126E-17));
#9657 = ( GEOMETRIC_REPRESENTATION_CONTEXT(2) 
PARAMETRIC_REPRESENTATION_CONTEXT() REPRESENTATION_CONTEXT('2D SPACE',''
  ) );
#9658 = PCURVE('',#9605,#9659);
#9659 = DEFINITIONAL_REPRESENTATION('',(#9660),#9664);
#9660 = LINE('',#9661,#9662);
#9661 = CARTESIAN_POINT('',(3.349506835938,-25.30054791097));
#9662 = VECTOR('',#9663,1.);
#9663 = DIRECTION('',(-0.316227766017,0.948683298051));
#9664 = ( GEOMETRIC_REPRESENTATION_CONTEXT(2) 
PARAMETRIC_REPRESENTATION_CONTEXT() REPRESENTATION_CONTEXT('2D SPACE',''
  ) );
#9665 = ADVANCED_FACE('',(#9666),#8678,.T.);
#9666 = FACE_BOUND('',#9667,.T.);
#9667 = EDGE_LOOP('',(#9668,#9669,#9670,#9671));
#9668 = ORIENTED_EDGE('',*,*,#9622,.T.);
#9669 = ORIENTED_EDGE('',*,*,#8664,.T.);
#9670 = ORIENTED_EDGE('',*,*,#9544,.F.);
#9671 = ORIENTED_EDGE('',*,*,#9672,.F.);
#9672 = EDGE_CURVE('',#9623,#9545,#9673,.T.);
#9673 = SURFACE_CURVE('',#9674,(#9678,#9685),.PCURVE_S1.);
#9674 = LINE('',#9675,#9676);
#9675 = CARTESIAN_POINT('',(2.950506835937,-41.61890614945,
    8.760498065291));
#9676 = VECTOR('',#9677,1.);
#9677 = DIRECTION('',(-0.316227766017,-0.32446879757,-0.891470694641));
#9678 = PCURVE('',#8678,#9679);
#9679 = DEFINITIONAL_REPRESENTATION('',(#9680),#9684);
#9680 = LINE('',#9681,#9682);
#9681 = CARTESIAN_POINT('',(-5.032278958111E-15,-1.335383531094E-14));
#9682 = VECTOR('',#9683,1.);
#9683 = DIRECTION('',(1.,5.551115123126E-17));
#9684 = ( GEOMETRIC_REPRESENTATION_CONTEXT(2) 
PARAMETRIC_REPRESENTATION_CONTEXT() REPRESENTATION_CONTEXT('2D SPACE',''
  ) );
#9685 = PCURVE('',#9605,#9686);
#9686 = DEFINITIONAL_REPRESENTATION('',(#9687),#9691);
#9687 = LINE('',#9688,#9689);
#9688 = CARTESIAN_POINT('',(2.950506835938,-24.10354791097));
#9689 = VECTOR('',#9690,1.);
#9690 = DIRECTION('',(-0.316227766017,-0.948683298051));
#9691 = ( GEOMETRIC_REPRESENTATION_CONTEXT(2) 
PARAMETRIC_REPRESENTATION_CONTEXT() REPRESENTATION_CONTEXT('2D SPACE',''
  ) );
#9692 = ADVANCED_FACE('',(#9693),#8738,.T.);
#9693 = FACE_BOUND('',#9694,.T.);
#9694 = EDGE_LOOP('',(#9695,#9718,#9719,#9742));
#9695 = ORIENTED_EDGE('',*,*,#9696,.T.);
#9696 = EDGE_CURVE('',#9697,#8721,#9699,.T.);
#9697 = VERTEX_POINT('',#9698);
#9698 = CARTESIAN_POINT('',(6.583493164063,-41.68498350593,
    8.578952020428));
#9699 = SURFACE_CURVE('',#9700,(#9704,#9711),.PCURVE_S1.);
#9700 = LINE('',#9701,#9702);
#9701 = CARTESIAN_POINT('',(6.583493164063,-41.68498350593,
    8.578952020428));
#9702 = VECTOR('',#9703,1.);
#9703 = DIRECTION('',(0.,0.939692620786,-0.342020143326));
#9704 = PCURVE('',#8738,#9705);
#9705 = DEFINITIONAL_REPRESENTATION('',(#9706),#9710);
#9706 = LINE('',#9707,#9708);
#9707 = CARTESIAN_POINT('',(0.,0.));
#9708 = VECTOR('',#9709,1.);
#9709 = DIRECTION('',(0.,-1.));
#9710 = ( GEOMETRIC_REPRESENTATION_CONTEXT(2) 
PARAMETRIC_REPRESENTATION_CONTEXT() REPRESENTATION_CONTEXT('2D SPACE',''
  ) );
#9711 = PCURVE('',#8910,#9712);
#9712 = DEFINITIONAL_REPRESENTATION('',(#9713),#9717);
#9713 = LINE('',#9714,#9715);
#9714 = CARTESIAN_POINT('',(1.,0.));
#9715 = VECTOR('',#9716,1.);
#9716 = DIRECTION('',(0.,-1.));
#9717 = ( GEOMETRIC_REPRESENTATION_CONTEXT(2) 
PARAMETRIC_REPRESENTATION_CONTEXT() REPRESENTATION_CONTEXT('2D SPACE',''
  ) );
#9718 = ORIENTED_EDGE('',*,*,#8720,.T.);
#9719 = ORIENTED_EDGE('',*,*,#9720,.F.);
#9720 = EDGE_CURVE('',#9721,#8723,#9723,.T.);
#9721 = VERTEX_POINT('',#9722);
#9722 = CARTESIAN_POINT('',(6.474295898438,-41.57796493548,
    8.872983126208));
#9723 = SURFACE_CURVE('',#9724,(#9728,#9735),.PCURVE_S1.);
#9724 = LINE('',#9725,#9726);
#9725 = CARTESIAN_POINT('',(6.474295898438,-41.57796493548,
    8.872983126208));
#9726 = VECTOR('',#9727,1.);
#9727 = DIRECTION('',(0.,0.939692620786,-0.342020143326));
#9728 = PCURVE('',#8738,#9729);
#9729 = DEFINITIONAL_REPRESENTATION('',(#9730),#9734);
#9730 = LINE('',#9731,#9732);
#9731 = CARTESIAN_POINT('',(1.,0.));
#9732 = VECTOR('',#9733,1.);
#9733 = DIRECTION('',(0.,-1.));
#9734 = ( GEOMETRIC_REPRESENTATION_CONTEXT(2) 
PARAMETRIC_REPRESENTATION_CONTEXT() REPRESENTATION_CONTEXT('2D SPACE',''
  ) );
#9735 = PCURVE('',#8768,#9736);
#9736 = DEFINITIONAL_REPRESENTATION('',(#9737),#9741);
#9737 = LINE('',#9738,#9739);
#9738 = CARTESIAN_POINT('',(0.,0.));
#9739 = VECTOR('',#9740,1.);
#9740 = DIRECTION('',(0.,-1.));
#9741 = ( GEOMETRIC_REPRESENTATION_CONTEXT(2) 
PARAMETRIC_REPRESENTATION_CONTEXT() REPRESENTATION_CONTEXT('2D SPACE',''
  ) );
#9742 = ORIENTED_EDGE('',*,*,#9743,.F.);
#9743 = EDGE_CURVE('',#9697,#9721,#9744,.T.);
#9744 = SURFACE_CURVE('',#9745,(#9749,#9756),.PCURVE_S1.);
#9745 = B_SPLINE_CURVE_WITH_KNOTS('',2,(#9746,#9747,#9748),
  .UNSPECIFIED.,.F.,.F.,(3,3),(0.,1.),.PIECEWISE_BEZIER_KNOTS.);
#9746 = CARTESIAN_POINT('',(6.583493164063,-41.68498350593,
    8.578952020428));
#9747 = CARTESIAN_POINT('',(6.583493164063,-41.60454130344,
    8.799965155365));
#9748 = CARTESIAN_POINT('',(6.474295898438,-41.57796493548,
    8.872983126208));
#9749 = PCURVE('',#8738,#9750);
#9750 = DEFINITIONAL_REPRESENTATION('',(#9751),#9755);
#9751 = LINE('',#9752,#9753);
#9752 = CARTESIAN_POINT('',(0.,0.));
#9753 = VECTOR('',#9754,1.);
#9754 = DIRECTION('',(1.,0.));
#9755 = ( GEOMETRIC_REPRESENTATION_CONTEXT(2) 
PARAMETRIC_REPRESENTATION_CONTEXT() REPRESENTATION_CONTEXT('2D SPACE',''
  ) );
#9756 = PCURVE('',#9757,#9762);
#9757 = PLANE('',#9758);
#9758 = AXIS2_PLACEMENT_3D('',#9759,#9760,#9761);
#9759 = CARTESIAN_POINT('',(-1.418675771681E-15,-33.37500723829,
    31.410424171991));
#9760 = DIRECTION('',(0.,-0.939692620786,0.342020143326));
#9761 = DIRECTION('',(1.,0.,0.));
#9762 = DEFINITIONAL_REPRESENTATION('',(#9763),#9767);
#9763 = B_SPLINE_CURVE_WITH_KNOTS('',2,(#9764,#9765,#9766),
  .UNSPECIFIED.,.F.,.F.,(3,3),(0.,1.),.PIECEWISE_BEZIER_KNOTS.);
#9764 = CARTESIAN_POINT('',(6.583493164063,-24.29674517659));
#9765 = CARTESIAN_POINT('',(6.583493164063,-24.06154791097));
#9766 = CARTESIAN_POINT('',(6.474295898438,-23.9838438094));
#9767 = ( GEOMETRIC_REPRESENTATION_CONTEXT(2) 
PARAMETRIC_REPRESENTATION_CONTEXT() REPRESENTATION_CONTEXT('2D SPACE',''
  ) );
#9768 = ADVANCED_FACE('',(#9769),#8768,.T.);
#9769 = FACE_BOUND('',#9770,.T.);
#9770 = EDGE_LOOP('',(#9771,#9772,#9773,#9796));
#9771 = ORIENTED_EDGE('',*,*,#9720,.T.);
#9772 = ORIENTED_EDGE('',*,*,#8752,.T.);
#9773 = ORIENTED_EDGE('',*,*,#9774,.F.);
#9774 = EDGE_CURVE('',#9775,#8753,#9777,.T.);
#9775 = VERTEX_POINT('',#9776);
#9776 = CARTESIAN_POINT('',(6.138295898438,-41.55138856753,
    8.946001097051));
#9777 = SURFACE_CURVE('',#9778,(#9782,#9789),.PCURVE_S1.);
#9778 = LINE('',#9779,#9780);
#9779 = CARTESIAN_POINT('',(6.138295898438,-41.55138856753,
    8.946001097051));
#9780 = VECTOR('',#9781,1.);
#9781 = DIRECTION('',(0.,0.939692620786,-0.342020143326));
#9782 = PCURVE('',#8768,#9783);
#9783 = DEFINITIONAL_REPRESENTATION('',(#9784),#9788);
#9784 = LINE('',#9785,#9786);
#9785 = CARTESIAN_POINT('',(1.,0.));
#9786 = VECTOR('',#9787,1.);
#9787 = DIRECTION('',(0.,-1.));
#9788 = ( GEOMETRIC_REPRESENTATION_CONTEXT(2) 
PARAMETRIC_REPRESENTATION_CONTEXT() REPRESENTATION_CONTEXT('2D SPACE',''
  ) );
#9789 = PCURVE('',#8798,#9790);
#9790 = DEFINITIONAL_REPRESENTATION('',(#9791),#9795);
#9791 = LINE('',#9792,#9793);
#9792 = CARTESIAN_POINT('',(0.,0.));
#9793 = VECTOR('',#9794,1.);
#9794 = DIRECTION('',(0.,-1.));
#9795 = ( GEOMETRIC_REPRESENTATION_CONTEXT(2) 
PARAMETRIC_REPRESENTATION_CONTEXT() REPRESENTATION_CONTEXT('2D SPACE',''
  ) );
#9796 = ORIENTED_EDGE('',*,*,#9797,.F.);
#9797 = EDGE_CURVE('',#9721,#9775,#9798,.T.);
#9798 = SURFACE_CURVE('',#9799,(#9803,#9810),.PCURVE_S1.);
#9799 = B_SPLINE_CURVE_WITH_KNOTS('',2,(#9800,#9801,#9802),
  .UNSPECIFIED.,.F.,.F.,(3,3),(0.,1.),.PIECEWISE_BEZIER_KNOTS.);
#9800 = CARTESIAN_POINT('',(6.474295898438,-41.57796493548,
    8.872983126208));
#9801 = CARTESIAN_POINT('',(6.365098632813,-41.55138856753,
    8.946001097051));
#9802 = CARTESIAN_POINT('',(6.138295898438,-41.55138856753,
    8.946001097051));
#9803 = PCURVE('',#8768,#9804);
#9804 = DEFINITIONAL_REPRESENTATION('',(#9805),#9809);
#9805 = LINE('',#9806,#9807);
#9806 = CARTESIAN_POINT('',(0.,0.));
#9807 = VECTOR('',#9808,1.);
#9808 = DIRECTION('',(1.,0.));
#9809 = ( GEOMETRIC_REPRESENTATION_CONTEXT(2) 
PARAMETRIC_REPRESENTATION_CONTEXT() REPRESENTATION_CONTEXT('2D SPACE',''
  ) );
#9810 = PCURVE('',#9757,#9811);
#9811 = DEFINITIONAL_REPRESENTATION('',(#9812),#9816);
#9812 = B_SPLINE_CURVE_WITH_KNOTS('',2,(#9813,#9814,#9815),
  .UNSPECIFIED.,.F.,.F.,(3,3),(0.,1.),.PIECEWISE_BEZIER_KNOTS.);
#9813 = CARTESIAN_POINT('',(6.474295898438,-23.9838438094));
#9814 = CARTESIAN_POINT('',(6.365098632813,-23.90613970784));
#9815 = CARTESIAN_POINT('',(6.138295898438,-23.90613970784));
#9816 = ( GEOMETRIC_REPRESENTATION_CONTEXT(2) 
PARAMETRIC_REPRESENTATION_CONTEXT() REPRESENTATION_CONTEXT('2D SPACE',''
  ) );
#9817 = ADVANCED_FACE('',(#9818),#8798,.T.);
#9818 = FACE_BOUND('',#9819,.T.);
#9819 = EDGE_LOOP('',(#9820,#9821,#9822,#9845));
#9820 = ORIENTED_EDGE('',*,*,#9774,.T.);
#9821 = ORIENTED_EDGE('',*,*,#8782,.T.);
#9822 = ORIENTED_EDGE('',*,*,#9823,.F.);
#9823 = EDGE_CURVE('',#9824,#8783,#9826,.T.);
#9824 = VERTEX_POINT('',#9825);
#9825 = CARTESIAN_POINT('',(5.378098632813,-41.55138856753,
    8.946001097051));
#9826 = SURFACE_CURVE('',#9827,(#9831,#9838),.PCURVE_S1.);
#9827 = LINE('',#9828,#9829);
#9828 = CARTESIAN_POINT('',(5.378098632813,-41.55138856753,
    8.946001097051));
#9829 = VECTOR('',#9830,1.);
#9830 = DIRECTION('',(0.,0.939692620786,-0.342020143326));
#9831 = PCURVE('',#8798,#9832);
#9832 = DEFINITIONAL_REPRESENTATION('',(#9833),#9837);
#9833 = LINE('',#9834,#9835);
#9834 = CARTESIAN_POINT('',(0.760197265625,0.));
#9835 = VECTOR('',#9836,1.);
#9836 = DIRECTION('',(0.,-1.));
#9837 = ( GEOMETRIC_REPRESENTATION_CONTEXT(2) 
PARAMETRIC_REPRESENTATION_CONTEXT() REPRESENTATION_CONTEXT('2D SPACE',''
  ) );
#9838 = PCURVE('',#8826,#9839);
#9839 = DEFINITIONAL_REPRESENTATION('',(#9840),#9844);
#9840 = LINE('',#9841,#9842);
#9841 = CARTESIAN_POINT('',(0.,0.));
#9842 = VECTOR('',#9843,1.);
#9843 = DIRECTION('',(0.,-1.));
#9844 = ( GEOMETRIC_REPRESENTATION_CONTEXT(2) 
PARAMETRIC_REPRESENTATION_CONTEXT() REPRESENTATION_CONTEXT('2D SPACE',''
  ) );
#9845 = ORIENTED_EDGE('',*,*,#9846,.F.);
#9846 = EDGE_CURVE('',#9775,#9824,#9847,.T.);
#9847 = SURFACE_CURVE('',#9848,(#9852,#9859),.PCURVE_S1.);
#9848 = LINE('',#9849,#9850);
#9849 = CARTESIAN_POINT('',(6.138295898438,-41.55138856753,
    8.946001097051));
#9850 = VECTOR('',#9851,1.);
#9851 = DIRECTION('',(-1.,0.,0.));
#9852 = PCURVE('',#8798,#9853);
#9853 = DEFINITIONAL_REPRESENTATION('',(#9854),#9858);
#9854 = LINE('',#9855,#9856);
#9855 = CARTESIAN_POINT('',(0.,-1.517648477336E-14));
#9856 = VECTOR('',#9857,1.);
#9857 = DIRECTION('',(1.,0.));
#9858 = ( GEOMETRIC_REPRESENTATION_CONTEXT(2) 
PARAMETRIC_REPRESENTATION_CONTEXT() REPRESENTATION_CONTEXT('2D SPACE',''
  ) );
#9859 = PCURVE('',#9757,#9860);
#9860 = DEFINITIONAL_REPRESENTATION('',(#9861),#9865);
#9861 = LINE('',#9862,#9863);
#9862 = CARTESIAN_POINT('',(6.138295898438,-23.90613970784));
#9863 = VECTOR('',#9864,1.);
#9864 = DIRECTION('',(-1.,0.));
#9865 = ( GEOMETRIC_REPRESENTATION_CONTEXT(2) 
PARAMETRIC_REPRESENTATION_CONTEXT() REPRESENTATION_CONTEXT('2D SPACE',''
  ) );
#9866 = ADVANCED_FACE('',(#9867),#8826,.T.);
#9867 = FACE_BOUND('',#9868,.T.);
#9868 = EDGE_LOOP('',(#9869,#9870,#9871,#9894));
#9869 = ORIENTED_EDGE('',*,*,#9823,.T.);
#9870 = ORIENTED_EDGE('',*,*,#8810,.T.);
#9871 = ORIENTED_EDGE('',*,*,#9872,.F.);
#9872 = EDGE_CURVE('',#9873,#8811,#9875,.T.);
#9873 = VERTEX_POINT('',#9874);
#9874 = CARTESIAN_POINT('',(5.378098632813,-41.8243206419,8.196126385664
    ));
#9875 = SURFACE_CURVE('',#9876,(#9880,#9887),.PCURVE_S1.);
#9876 = LINE('',#9877,#9878);
#9877 = CARTESIAN_POINT('',(5.378098632813,-41.8243206419,8.196126385664
    ));
#9878 = VECTOR('',#9879,1.);
#9879 = DIRECTION('',(0.,0.939692620786,-0.342020143326));
#9880 = PCURVE('',#8826,#9881);
#9881 = DEFINITIONAL_REPRESENTATION('',(#9882),#9886);
#9882 = LINE('',#9883,#9884);
#9883 = CARTESIAN_POINT('',(0.798,-1.665334536938E-16));
#9884 = VECTOR('',#9885,1.);
#9885 = DIRECTION('',(0.,-1.));
#9886 = ( GEOMETRIC_REPRESENTATION_CONTEXT(2) 
PARAMETRIC_REPRESENTATION_CONTEXT() REPRESENTATION_CONTEXT('2D SPACE',''
  ) );
#9887 = PCURVE('',#8854,#9888);
#9888 = DEFINITIONAL_REPRESENTATION('',(#9889),#9893);
#9889 = LINE('',#9890,#9891);
#9890 = CARTESIAN_POINT('',(0.,0.));
#9891 = VECTOR('',#9892,1.);
#9892 = DIRECTION('',(0.,-1.));
#9893 = ( GEOMETRIC_REPRESENTATION_CONTEXT(2) 
PARAMETRIC_REPRESENTATION_CONTEXT() REPRESENTATION_CONTEXT('2D SPACE',''
  ) );
#9894 = ORIENTED_EDGE('',*,*,#9895,.F.);
#9895 = EDGE_CURVE('',#9824,#9873,#9896,.T.);
#9896 = SURFACE_CURVE('',#9897,(#9901,#9908),.PCURVE_S1.);
#9897 = LINE('',#9898,#9899);
#9898 = CARTESIAN_POINT('',(5.378098632813,-41.55138856753,
    8.946001097051));
#9899 = VECTOR('',#9900,1.);
#9900 = DIRECTION('',(0.,-0.342020143326,-0.939692620786));
#9901 = PCURVE('',#8826,#9902);
#9902 = DEFINITIONAL_REPRESENTATION('',(#9903),#9907);
#9903 = LINE('',#9904,#9905);
#9904 = CARTESIAN_POINT('',(-4.860398566474E-15,-1.335383531094E-14));
#9905 = VECTOR('',#9906,1.);
#9906 = DIRECTION('',(1.,0.));
#9907 = ( GEOMETRIC_REPRESENTATION_CONTEXT(2) 
PARAMETRIC_REPRESENTATION_CONTEXT() REPRESENTATION_CONTEXT('2D SPACE',''
  ) );
#9908 = PCURVE('',#9757,#9909);
#9909 = DEFINITIONAL_REPRESENTATION('',(#9910),#9914);
#9910 = LINE('',#9911,#9912);
#9911 = CARTESIAN_POINT('',(5.378098632813,-23.90613970784));
#9912 = VECTOR('',#9913,1.);
#9913 = DIRECTION('',(0.,-1.));
#9914 = ( GEOMETRIC_REPRESENTATION_CONTEXT(2) 
PARAMETRIC_REPRESENTATION_CONTEXT() REPRESENTATION_CONTEXT('2D SPACE',''
  ) );
#9915 = ADVANCED_FACE('',(#9916),#8854,.T.);
#9916 = FACE_BOUND('',#9917,.T.);
#9917 = EDGE_LOOP('',(#9918,#9919,#9920,#9943));
#9918 = ORIENTED_EDGE('',*,*,#9872,.T.);
#9919 = ORIENTED_EDGE('',*,*,#8838,.T.);
#9920 = ORIENTED_EDGE('',*,*,#9921,.F.);
#9921 = EDGE_CURVE('',#9922,#8839,#9924,.T.);
#9922 = VERTEX_POINT('',#9923);
#9923 = CARTESIAN_POINT('',(6.138295898438,-41.8243206419,8.196126385664
    ));
#9924 = SURFACE_CURVE('',#9925,(#9929,#9936),.PCURVE_S1.);
#9925 = LINE('',#9926,#9927);
#9926 = CARTESIAN_POINT('',(6.138295898438,-41.8243206419,8.196126385664
    ));
#9927 = VECTOR('',#9928,1.);
#9928 = DIRECTION('',(0.,0.939692620786,-0.342020143326));
#9929 = PCURVE('',#8854,#9930);
#9930 = DEFINITIONAL_REPRESENTATION('',(#9931),#9935);
#9931 = LINE('',#9932,#9933);
#9932 = CARTESIAN_POINT('',(0.760197265625,0.));
#9933 = VECTOR('',#9934,1.);
#9934 = DIRECTION('',(0.,-1.));
#9935 = ( GEOMETRIC_REPRESENTATION_CONTEXT(2) 
PARAMETRIC_REPRESENTATION_CONTEXT() REPRESENTATION_CONTEXT('2D SPACE',''
  ) );
#9936 = PCURVE('',#8882,#9937);
#9937 = DEFINITIONAL_REPRESENTATION('',(#9938),#9942);
#9938 = LINE('',#9939,#9940);
#9939 = CARTESIAN_POINT('',(0.,0.));
#9940 = VECTOR('',#9941,1.);
#9941 = DIRECTION('',(0.,-1.));
#9942 = ( GEOMETRIC_REPRESENTATION_CONTEXT(2) 
PARAMETRIC_REPRESENTATION_CONTEXT() REPRESENTATION_CONTEXT('2D SPACE',''
  ) );
#9943 = ORIENTED_EDGE('',*,*,#9944,.F.);
#9944 = EDGE_CURVE('',#9873,#9922,#9945,.T.);
#9945 = SURFACE_CURVE('',#9946,(#9950,#9957),.PCURVE_S1.);
#9946 = LINE('',#9947,#9948);
#9947 = CARTESIAN_POINT('',(5.378098632813,-41.8243206419,8.196126385664
    ));
#9948 = VECTOR('',#9949,1.);
#9949 = DIRECTION('',(1.,0.,0.));
#9950 = PCURVE('',#8854,#9951);
#9951 = DEFINITIONAL_REPRESENTATION('',(#9952),#9956);
#9952 = LINE('',#9953,#9954);
#9953 = CARTESIAN_POINT('',(0.,-1.517648477336E-14));
#9954 = VECTOR('',#9955,1.);
#9955 = DIRECTION('',(1.,0.));
#9956 = ( GEOMETRIC_REPRESENTATION_CONTEXT(2) 
PARAMETRIC_REPRESENTATION_CONTEXT() REPRESENTATION_CONTEXT('2D SPACE',''
  ) );
#9957 = PCURVE('',#9757,#9958);
#9958 = DEFINITIONAL_REPRESENTATION('',(#9959),#9963);
#9959 = LINE('',#9960,#9961);
#9960 = CARTESIAN_POINT('',(5.378098632813,-24.70413970784));
#9961 = VECTOR('',#9962,1.);
#9962 = DIRECTION('',(1.,0.));
#9963 = ( GEOMETRIC_REPRESENTATION_CONTEXT(2) 
PARAMETRIC_REPRESENTATION_CONTEXT() REPRESENTATION_CONTEXT('2D SPACE',''
  ) );
#9964 = ADVANCED_FACE('',(#9965),#8882,.T.);
#9965 = FACE_BOUND('',#9966,.T.);
#9966 = EDGE_LOOP('',(#9967,#9968,#9969,#9992));
#9967 = ORIENTED_EDGE('',*,*,#9921,.T.);
#9968 = ORIENTED_EDGE('',*,*,#8866,.T.);
#9969 = ORIENTED_EDGE('',*,*,#9970,.F.);
#9970 = EDGE_CURVE('',#9971,#8867,#9973,.T.);
#9971 = VERTEX_POINT('',#9972);
#9972 = CARTESIAN_POINT('',(6.472197265625,-41.79702883728,
    8.271110002594));
#9973 = SURFACE_CURVE('',#9974,(#9978,#9985),.PCURVE_S1.);
#9974 = LINE('',#9975,#9976);
#9975 = CARTESIAN_POINT('',(6.472197265625,-41.79702883728,
    8.271110002594));
#9976 = VECTOR('',#9977,1.);
#9977 = DIRECTION('',(0.,0.939692620786,-0.342020143326));
#9978 = PCURVE('',#8882,#9979);
#9979 = DEFINITIONAL_REPRESENTATION('',(#9980),#9984);
#9980 = LINE('',#9981,#9982);
#9981 = CARTESIAN_POINT('',(1.,0.));
#9982 = VECTOR('',#9983,1.);
#9983 = DIRECTION('',(0.,-1.));
#9984 = ( GEOMETRIC_REPRESENTATION_CONTEXT(2) 
PARAMETRIC_REPRESENTATION_CONTEXT() REPRESENTATION_CONTEXT('2D SPACE',''
  ) );
#9985 = PCURVE('',#8910,#9986);
#9986 = DEFINITIONAL_REPRESENTATION('',(#9987),#9991);
#9987 = LINE('',#9988,#9989);
#9988 = CARTESIAN_POINT('',(0.,0.));
#9989 = VECTOR('',#9990,1.);
#9990 = DIRECTION('',(0.,-1.));
#9991 = ( GEOMETRIC_REPRESENTATION_CONTEXT(2) 
PARAMETRIC_REPRESENTATION_CONTEXT() REPRESENTATION_CONTEXT('2D SPACE',''
  ) );
#9992 = ORIENTED_EDGE('',*,*,#9993,.F.);
#9993 = EDGE_CURVE('',#9922,#9971,#9994,.T.);
#9994 = SURFACE_CURVE('',#9995,(#9999,#10006),.PCURVE_S1.);
#9995 = B_SPLINE_CURVE_WITH_KNOTS('',2,(#9996,#9997,#9998),
  .UNSPECIFIED.,.F.,.F.,(3,3),(0.,1.),.PIECEWISE_BEZIER_KNOTS.);
#9996 = CARTESIAN_POINT('',(6.138295898438,-41.8243206419,8.196126385664
    ));
#9997 = CARTESIAN_POINT('',(6.360901367188,-41.8243206419,8.196126385664
    ));
#9998 = CARTESIAN_POINT('',(6.472197265625,-41.79702883728,
    8.271110002594));
#9999 = PCURVE('',#8882,#10000);
#10000 = DEFINITIONAL_REPRESENTATION('',(#10001),#10005);
#10001 = LINE('',#10002,#10003);
#10002 = CARTESIAN_POINT('',(0.,0.));
#10003 = VECTOR('',#10004,1.);
#10004 = DIRECTION('',(1.,0.));
#10005 = ( GEOMETRIC_REPRESENTATION_CONTEXT(2) 
PARAMETRIC_REPRESENTATION_CONTEXT() REPRESENTATION_CONTEXT('2D SPACE',''
  ) );
#10006 = PCURVE('',#9757,#10007);
#10007 = DEFINITIONAL_REPRESENTATION('',(#10008),#10012);
#10008 = B_SPLINE_CURVE_WITH_KNOTS('',2,(#10009,#10010,#10011),
  .UNSPECIFIED.,.F.,.F.,(3,3),(0.,1.),.PIECEWISE_BEZIER_KNOTS.);
#10009 = CARTESIAN_POINT('',(6.138295898438,-24.70413970784));
#10010 = CARTESIAN_POINT('',(6.360901367188,-24.70413970784));
#10011 = CARTESIAN_POINT('',(6.472197265625,-24.6243438094));
#10012 = ( GEOMETRIC_REPRESENTATION_CONTEXT(2) 
PARAMETRIC_REPRESENTATION_CONTEXT() REPRESENTATION_CONTEXT('2D SPACE',''
  ) );
#10013 = ADVANCED_FACE('',(#10014),#8910,.T.);
#10014 = FACE_BOUND('',#10015,.T.);
#10015 = EDGE_LOOP('',(#10016,#10017,#10018,#10019));
#10016 = ORIENTED_EDGE('',*,*,#9970,.T.);
#10017 = ORIENTED_EDGE('',*,*,#8896,.T.);
#10018 = ORIENTED_EDGE('',*,*,#9696,.F.);
#10019 = ORIENTED_EDGE('',*,*,#10020,.F.);
#10020 = EDGE_CURVE('',#9971,#9697,#10021,.T.);
#10021 = SURFACE_CURVE('',#10022,(#10026,#10033),.PCURVE_S1.);
#10022 = B_SPLINE_CURVE_WITH_KNOTS('',2,(#10023,#10024,#10025),
  .UNSPECIFIED.,.F.,.F.,(3,3),(0.,1.),.PIECEWISE_BEZIER_KNOTS.);
#10023 = CARTESIAN_POINT('',(6.472197265625,-41.79702883728,
    8.271110002594));
#10024 = CARTESIAN_POINT('',(6.583493164063,-41.76973703266,
    8.346093619525));
#10025 = CARTESIAN_POINT('',(6.583493164063,-41.68498350593,
    8.578952020428));
#10026 = PCURVE('',#8910,#10027);
#10027 = DEFINITIONAL_REPRESENTATION('',(#10028),#10032);
#10028 = LINE('',#10029,#10030);
#10029 = CARTESIAN_POINT('',(0.,0.));
#10030 = VECTOR('',#10031,1.);
#10031 = DIRECTION('',(1.,0.));
#10032 = ( GEOMETRIC_REPRESENTATION_CONTEXT(2) 
PARAMETRIC_REPRESENTATION_CONTEXT() REPRESENTATION_CONTEXT('2D SPACE',''
  ) );
#10033 = PCURVE('',#9757,#10034);
#10034 = DEFINITIONAL_REPRESENTATION('',(#10035),#10039);
#10035 = B_SPLINE_CURVE_WITH_KNOTS('',2,(#10036,#10037,#10038),
  .UNSPECIFIED.,.F.,.F.,(3,3),(0.,1.),.PIECEWISE_BEZIER_KNOTS.);
#10036 = CARTESIAN_POINT('',(6.472197265625,-24.6243438094));
#10037 = CARTESIAN_POINT('',(6.583493164063,-24.54454791097));
#10038 = CARTESIAN_POINT('',(6.583493164063,-24.29674517659));
#10039 = ( GEOMETRIC_REPRESENTATION_CONTEXT(2) 
PARAMETRIC_REPRESENTATION_CONTEXT() REPRESENTATION_CONTEXT('2D SPACE',''
  ) );
#10040 = ADVANCED_FACE('',(#10041),#8944,.T.);
#10041 = FACE_BOUND('',#10042,.F.);
#10042 = EDGE_LOOP('',(#10043,#10066,#10067,#10068));
#10043 = ORIENTED_EDGE('',*,*,#10044,.F.);
#10044 = EDGE_CURVE('',#8928,#10045,#10047,.T.);
#10045 = VERTEX_POINT('',#10046);
#10046 = CARTESIAN_POINT('',(-37.9,-31.29593166022,12.562680414695));
#10047 = SEAM_CURVE('',#10048,(#10052,#10059),.PCURVE_S1.);
#10048 = LINE('',#10049,#10050);
#10049 = CARTESIAN_POINT('',(-37.55,-31.6248240775,12.682387464859));
#10050 = VECTOR('',#10051,1.);
#10051 = DIRECTION('',(-0.707106781187,0.664463024389,-0.241844762648));
#10052 = PCURVE('',#8944,#10053);
#10053 = DEFINITIONAL_REPRESENTATION('',(#10054),#10058);
#10054 = LINE('',#10055,#10056);
#10055 = CARTESIAN_POINT('',(0.,-0.));
#10056 = VECTOR('',#10057,1.);
#10057 = DIRECTION('',(0.,-1.));
#10058 = ( GEOMETRIC_REPRESENTATION_CONTEXT(2) 
PARAMETRIC_REPRESENTATION_CONTEXT() REPRESENTATION_CONTEXT('2D SPACE',''
  ) );
#10059 = PCURVE('',#8944,#10060);
#10060 = DEFINITIONAL_REPRESENTATION('',(#10061),#10065);
#10061 = LINE('',#10062,#10063);
#10062 = CARTESIAN_POINT('',(6.28318530718,-0.));
#10063 = VECTOR('',#10064,1.);
#10064 = DIRECTION('',(0.,-1.));
#10065 = ( GEOMETRIC_REPRESENTATION_CONTEXT(2) 
PARAMETRIC_REPRESENTATION_CONTEXT() REPRESENTATION_CONTEXT('2D SPACE',''
  ) );
#10066 = ORIENTED_EDGE('',*,*,#8927,.T.);
#10067 = ORIENTED_EDGE('',*,*,#10044,.T.);
#10068 = ORIENTED_EDGE('',*,*,#10069,.F.);
#10069 = EDGE_CURVE('',#10045,#10045,#10070,.T.);
#10070 = SURFACE_CURVE('',#10071,(#10076,#10083),.PCURVE_S1.);
#10071 = CIRCLE('',#10072,1.1);
#10072 = AXIS2_PLACEMENT_3D('',#10073,#10074,#10075);
#10073 = CARTESIAN_POINT('',(-39.,-31.29593166022,12.562680414695));
#10074 = DIRECTION('',(0.,-0.939692620786,0.342020143326));
#10075 = DIRECTION('',(1.,0.,0.));
#10076 = PCURVE('',#8944,#10077);
#10077 = DEFINITIONAL_REPRESENTATION('',(#10078),#10082);
#10078 = LINE('',#10079,#10080);
#10079 = CARTESIAN_POINT('',(0.,-0.35));
#10080 = VECTOR('',#10081,1.);
#10081 = DIRECTION('',(1.,-0.));
#10082 = ( GEOMETRIC_REPRESENTATION_CONTEXT(2) 
PARAMETRIC_REPRESENTATION_CONTEXT() REPRESENTATION_CONTEXT('2D SPACE',''
  ) );
#10083 = PCURVE('',#10084,#10089);
#10084 = PLANE('',#10085);
#10085 = AXIS2_PLACEMENT_3D('',#10086,#10087,#10088);
#10086 = CARTESIAN_POINT('',(-39.,-31.29593166022,12.562680414695));
#10087 = DIRECTION('',(0.,-0.939692620786,0.342020143326));
#10088 = DIRECTION('',(1.,0.,0.));
#10089 = DEFINITIONAL_REPRESENTATION('',(#10090),#10094);
#10090 = CIRCLE('',#10091,1.1);
#10091 = AXIS2_PLACEMENT_2D('',#10092,#10093);
#10092 = CARTESIAN_POINT('',(-7.105427357601E-15,0.));
#10093 = DIRECTION('',(1.,0.));
#10094 = ( GEOMETRIC_REPRESENTATION_CONTEXT(2) 
PARAMETRIC_REPRESENTATION_CONTEXT() REPRESENTATION_CONTEXT('2D SPACE',''
  ) );
#10095 = ADVANCED_FACE('',(#10096),#8999,.T.);
#10096 = FACE_BOUND('',#10097,.F.);
#10097 = EDGE_LOOP('',(#10098,#10121,#10122,#10123));
#10098 = ORIENTED_EDGE('',*,*,#10099,.F.);
#10099 = EDGE_CURVE('',#8983,#10100,#10102,.T.);
#10100 = VERTEX_POINT('',#10101);
#10101 = CARTESIAN_POINT('',(40.1,-31.29593166022,12.562680414695));
#10102 = SEAM_CURVE('',#10103,(#10107,#10114),.PCURVE_S1.);
#10103 = LINE('',#10104,#10105);
#10104 = CARTESIAN_POINT('',(40.45,-31.6248240775,12.682387464859));
#10105 = VECTOR('',#10106,1.);
#10106 = DIRECTION('',(-0.707106781187,0.664463024389,-0.241844762648));
#10107 = PCURVE('',#8999,#10108);
#10108 = DEFINITIONAL_REPRESENTATION('',(#10109),#10113);
#10109 = LINE('',#10110,#10111);
#10110 = CARTESIAN_POINT('',(0.,-0.));
#10111 = VECTOR('',#10112,1.);
#10112 = DIRECTION('',(0.,-1.));
#10113 = ( GEOMETRIC_REPRESENTATION_CONTEXT(2) 
PARAMETRIC_REPRESENTATION_CONTEXT() REPRESENTATION_CONTEXT('2D SPACE',''
  ) );
#10114 = PCURVE('',#8999,#10115);
#10115 = DEFINITIONAL_REPRESENTATION('',(#10116),#10120);
#10116 = LINE('',#10117,#10118);
#10117 = CARTESIAN_POINT('',(6.28318530718,-0.));
#10118 = VECTOR('',#10119,1.);
#10119 = DIRECTION('',(0.,-1.));
#10120 = ( GEOMETRIC_REPRESENTATION_CONTEXT(2) 
PARAMETRIC_REPRESENTATION_CONTEXT() REPRESENTATION_CONTEXT('2D SPACE',''
  ) );
#10121 = ORIENTED_EDGE('',*,*,#8982,.T.);
#10122 = ORIENTED_EDGE('',*,*,#10099,.T.);
#10123 = ORIENTED_EDGE('',*,*,#10124,.F.);
#10124 = EDGE_CURVE('',#10100,#10100,#10125,.T.);
#10125 = SURFACE_CURVE('',#10126,(#10131,#10138),.PCURVE_S1.);
#10126 = CIRCLE('',#10127,1.1);
#10127 = AXIS2_PLACEMENT_3D('',#10128,#10129,#10130);
#10128 = CARTESIAN_POINT('',(39.,-31.29593166022,12.562680414695));
#10129 = DIRECTION('',(0.,-0.939692620786,0.342020143326));
#10130 = DIRECTION('',(1.,0.,0.));
#10131 = PCURVE('',#8999,#10132);
#10132 = DEFINITIONAL_REPRESENTATION('',(#10133),#10137);
#10133 = LINE('',#10134,#10135);
#10134 = CARTESIAN_POINT('',(0.,-0.35));
#10135 = VECTOR('',#10136,1.);
#10136 = DIRECTION('',(1.,-0.));
#10137 = ( GEOMETRIC_REPRESENTATION_CONTEXT(2) 
PARAMETRIC_REPRESENTATION_CONTEXT() REPRESENTATION_CONTEXT('2D SPACE',''
  ) );
#10138 = PCURVE('',#10139,#10144);
#10139 = PLANE('',#10140);
#10140 = AXIS2_PLACEMENT_3D('',#10141,#10142,#10143);
#10141 = CARTESIAN_POINT('',(39.,-31.29593166022,12.562680414695));
#10142 = DIRECTION('',(0.,-0.939692620786,0.342020143326));
#10143 = DIRECTION('',(1.,0.,0.));
#10144 = DEFINITIONAL_REPRESENTATION('',(#10145),#10149);
#10145 = CIRCLE('',#10146,1.1);
#10146 = AXIS2_PLACEMENT_2D('',#10147,#10148);
#10147 = CARTESIAN_POINT('',(7.105427357601E-15,0.));
#10148 = DIRECTION('',(1.,0.));
#10149 = ( GEOMETRIC_REPRESENTATION_CONTEXT(2) 
PARAMETRIC_REPRESENTATION_CONTEXT() REPRESENTATION_CONTEXT('2D SPACE',''
  ) );
#10150 = ADVANCED_FACE('',(#10151),#9054,.T.);
#10151 = FACE_BOUND('',#10152,.F.);
#10152 = EDGE_LOOP('',(#10153,#10176,#10177,#10178));
#10153 = ORIENTED_EDGE('',*,*,#10154,.F.);
#10154 = EDGE_CURVE('',#9038,#10155,#10157,.T.);
#10155 = VERTEX_POINT('',#10156);
#10156 = CARTESIAN_POINT('',(-37.9,-16.93108564054,52.029770487703));
#10157 = SEAM_CURVE('',#10158,(#10162,#10169),.PCURVE_S1.);
#10158 = LINE('',#10159,#10160);
#10159 = CARTESIAN_POINT('',(-37.55,-17.25997805782,52.149477537867));
#10160 = VECTOR('',#10161,1.);
#10161 = DIRECTION('',(-0.707106781187,0.664463024389,-0.241844762648));
#10162 = PCURVE('',#9054,#10163);
#10163 = DEFINITIONAL_REPRESENTATION('',(#10164),#10168);
#10164 = LINE('',#10165,#10166);
#10165 = CARTESIAN_POINT('',(0.,-0.));
#10166 = VECTOR('',#10167,1.);
#10167 = DIRECTION('',(0.,-1.));
#10168 = ( GEOMETRIC_REPRESENTATION_CONTEXT(2) 
PARAMETRIC_REPRESENTATION_CONTEXT() REPRESENTATION_CONTEXT('2D SPACE',''
  ) );
#10169 = PCURVE('',#9054,#10170);
#10170 = DEFINITIONAL_REPRESENTATION('',(#10171),#10175);
#10171 = LINE('',#10172,#10173);
#10172 = CARTESIAN_POINT('',(6.28318530718,-0.));
#10173 = VECTOR('',#10174,1.);
#10174 = DIRECTION('',(0.,-1.));
#10175 = ( GEOMETRIC_REPRESENTATION_CONTEXT(2) 
PARAMETRIC_REPRESENTATION_CONTEXT() REPRESENTATION_CONTEXT('2D SPACE',''
  ) );
#10176 = ORIENTED_EDGE('',*,*,#9037,.T.);
#10177 = ORIENTED_EDGE('',*,*,#10154,.T.);
#10178 = ORIENTED_EDGE('',*,*,#10179,.F.);
#10179 = EDGE_CURVE('',#10155,#10155,#10180,.T.);
#10180 = SURFACE_CURVE('',#10181,(#10186,#10193),.PCURVE_S1.);
#10181 = CIRCLE('',#10182,1.1);
#10182 = AXIS2_PLACEMENT_3D('',#10183,#10184,#10185);
#10183 = CARTESIAN_POINT('',(-39.,-16.93108564054,52.029770487703));
#10184 = DIRECTION('',(0.,-0.939692620786,0.342020143326));
#10185 = DIRECTION('',(1.,0.,0.));
#10186 = PCURVE('',#9054,#10187);
#10187 = DEFINITIONAL_REPRESENTATION('',(#10188),#10192);
#10188 = LINE('',#10189,#10190);
#10189 = CARTESIAN_POINT('',(0.,-0.35));
#10190 = VECTOR('',#10191,1.);
#10191 = DIRECTION('',(1.,-0.));
#10192 = ( GEOMETRIC_REPRESENTATION_CONTEXT(2) 
PARAMETRIC_REPRESENTATION_CONTEXT() REPRESENTATION_CONTEXT('2D SPACE',''
  ) );
#10193 = PCURVE('',#10194,#10199);
#10194 = PLANE('',#10195);
#10195 = AXIS2_PLACEMENT_3D('',#10196,#10197,#10198);
#10196 = CARTESIAN_POINT('',(-39.,-16.93108564054,52.029770487703));
#10197 = DIRECTION('',(0.,-0.939692620786,0.342020143326));
#10198 = DIRECTION('',(1.,0.,0.));
#10199 = DEFINITIONAL_REPRESENTATION('',(#10200),#10204);
#10200 = CIRCLE('',#10201,1.1);
#10201 = AXIS2_PLACEMENT_2D('',#10202,#10203);
#10202 = CARTESIAN_POINT('',(0.,7.892017297086E-15));
#10203 = DIRECTION('',(1.,0.));
#10204 = ( GEOMETRIC_REPRESENTATION_CONTEXT(2) 
PARAMETRIC_REPRESENTATION_CONTEXT() REPRESENTATION_CONTEXT('2D SPACE',''
  ) );
#10205 = ADVANCED_FACE('',(#10206),#9109,.T.);
#10206 = FACE_BOUND('',#10207,.F.);
#10207 = EDGE_LOOP('',(#10208,#10231,#10232,#10233));
#10208 = ORIENTED_EDGE('',*,*,#10209,.F.);
#10209 = EDGE_CURVE('',#9093,#10210,#10212,.T.);
#10210 = VERTEX_POINT('',#10211);
#10211 = CARTESIAN_POINT('',(40.1,-16.93108564054,52.029770487703));
#10212 = SEAM_CURVE('',#10213,(#10217,#10224),.PCURVE_S1.);
#10213 = LINE('',#10214,#10215);
#10214 = CARTESIAN_POINT('',(40.45,-17.25997805782,52.149477537867));
#10215 = VECTOR('',#10216,1.);
#10216 = DIRECTION('',(-0.707106781187,0.664463024389,-0.241844762648));
#10217 = PCURVE('',#9109,#10218);
#10218 = DEFINITIONAL_REPRESENTATION('',(#10219),#10223);
#10219 = LINE('',#10220,#10221);
#10220 = CARTESIAN_POINT('',(0.,-0.));
#10221 = VECTOR('',#10222,1.);
#10222 = DIRECTION('',(0.,-1.));
#10223 = ( GEOMETRIC_REPRESENTATION_CONTEXT(2) 
PARAMETRIC_REPRESENTATION_CONTEXT() REPRESENTATION_CONTEXT('2D SPACE',''
  ) );
#10224 = PCURVE('',#9109,#10225);
#10225 = DEFINITIONAL_REPRESENTATION('',(#10226),#10230);
#10226 = LINE('',#10227,#10228);
#10227 = CARTESIAN_POINT('',(6.28318530718,-0.));
#10228 = VECTOR('',#10229,1.);
#10229 = DIRECTION('',(0.,-1.));
#10230 = ( GEOMETRIC_REPRESENTATION_CONTEXT(2) 
PARAMETRIC_REPRESENTATION_CONTEXT() REPRESENTATION_CONTEXT('2D SPACE',''
  ) );
#10231 = ORIENTED_EDGE('',*,*,#9092,.T.);
#10232 = ORIENTED_EDGE('',*,*,#10209,.T.);
#10233 = ORIENTED_EDGE('',*,*,#10234,.F.);
#10234 = EDGE_CURVE('',#10210,#10210,#10235,.T.);
#10235 = SURFACE_CURVE('',#10236,(#10241,#10248),.PCURVE_S1.);
#10236 = CIRCLE('',#10237,1.1);
#10237 = AXIS2_PLACEMENT_3D('',#10238,#10239,#10240);
#10238 = CARTESIAN_POINT('',(39.,-16.93108564054,52.029770487703));
#10239 = DIRECTION('',(0.,-0.939692620786,0.342020143326));
#10240 = DIRECTION('',(1.,0.,0.));
#10241 = PCURVE('',#9109,#10242);
#10242 = DEFINITIONAL_REPRESENTATION('',(#10243),#10247);
#10243 = LINE('',#10244,#10245);
#10244 = CARTESIAN_POINT('',(0.,-0.35));
#10245 = VECTOR('',#10246,1.);
#10246 = DIRECTION('',(1.,-0.));
#10247 = ( GEOMETRIC_REPRESENTATION_CONTEXT(2) 
PARAMETRIC_REPRESENTATION_CONTEXT() REPRESENTATION_CONTEXT('2D SPACE',''
  ) );
#10248 = PCURVE('',#10249,#10254);
#10249 = PLANE('',#10250);
#10250 = AXIS2_PLACEMENT_3D('',#10251,#10252,#10253);
#10251 = CARTESIAN_POINT('',(39.,-16.93108564054,52.029770487703));
#10252 = DIRECTION('',(0.,-0.939692620786,0.342020143326));
#10253 = DIRECTION('',(1.,0.,0.));
#10254 = DEFINITIONAL_REPRESENTATION('',(#10255),#10259);
#10255 = CIRCLE('',#10256,1.1);
#10256 = AXIS2_PLACEMENT_2D('',#10257,#10258);
#10257 = CARTESIAN_POINT('',(0.,7.892017297086E-15));
#10258 = DIRECTION('',(1.,0.));
#10259 = ( GEOMETRIC_REPRESENTATION_CONTEXT(2) 
PARAMETRIC_REPRESENTATION_CONTEXT() REPRESENTATION_CONTEXT('2D SPACE',''
  ) );
#10260 = ADVANCED_FACE('',(#10261),#9208,.T.);
#10261 = FACE_BOUND('',#10262,.T.);
#10262 = EDGE_LOOP('',(#10263,#10264,#10265,#10266,#10267,#10268,#10269,
    #10270));
#10263 = ORIENTED_EDGE('',*,*,#9520,.T.);
#10264 = ORIENTED_EDGE('',*,*,#9194,.T.);
#10265 = ORIENTED_EDGE('',*,*,#9248,.T.);
#10266 = ORIENTED_EDGE('',*,*,#9297,.T.);
#10267 = ORIENTED_EDGE('',*,*,#9346,.T.);
#10268 = ORIENTED_EDGE('',*,*,#9395,.T.);
#10269 = ORIENTED_EDGE('',*,*,#9444,.T.);
#10270 = ORIENTED_EDGE('',*,*,#9493,.T.);
#10271 = ADVANCED_FACE('',(#10272),#9605,.T.);
#10272 = FACE_BOUND('',#10273,.T.);
#10273 = EDGE_LOOP('',(#10274,#10275,#10276));
#10274 = ORIENTED_EDGE('',*,*,#9672,.T.);
#10275 = ORIENTED_EDGE('',*,*,#9591,.T.);
#10276 = ORIENTED_EDGE('',*,*,#9645,.T.);
#10277 = ADVANCED_FACE('',(#10278),#9757,.T.);
#10278 = FACE_BOUND('',#10279,.T.);
#10279 = EDGE_LOOP('',(#10280,#10281,#10282,#10283,#10284,#10285,#10286)
  );
#10280 = ORIENTED_EDGE('',*,*,#10020,.T.);
#10281 = ORIENTED_EDGE('',*,*,#9743,.T.);
#10282 = ORIENTED_EDGE('',*,*,#9797,.T.);
#10283 = ORIENTED_EDGE('',*,*,#9846,.T.);
#10284 = ORIENTED_EDGE('',*,*,#9895,.T.);
#10285 = ORIENTED_EDGE('',*,*,#9944,.T.);
#10286 = ORIENTED_EDGE('',*,*,#9993,.T.);
#10287 = ADVANCED_FACE('',(#10288),#10084,.F.);
#10288 = FACE_BOUND('',#10289,.F.);
#10289 = EDGE_LOOP('',(#10290));
#10290 = ORIENTED_EDGE('',*,*,#10069,.T.);
#10291 = ADVANCED_FACE('',(#10292),#10139,.F.);
#10292 = FACE_BOUND('',#10293,.F.);
#10293 = EDGE_LOOP('',(#10294));
#10294 = ORIENTED_EDGE('',*,*,#10124,.T.);
#10295 = ADVANCED_FACE('',(#10296),#10194,.F.);
#10296 = FACE_BOUND('',#10297,.F.);
#10297 = EDGE_LOOP('',(#10298));
#10298 = ORIENTED_EDGE('',*,*,#10179,.T.);
#10299 = ADVANCED_FACE('',(#10300),#10249,.F.);
#10300 = FACE_BOUND('',#10301,.F.);
#10301 = EDGE_LOOP('',(#10302));
#10302 = ORIENTED_EDGE('',*,*,#10234,.T.);
#10303 = ( GEOMETRIC_REPRESENTATION_CONTEXT(3) 
GLOBAL_UNCERTAINTY_ASSIGNED_CONTEXT((#10307)) 
GLOBAL_UNIT_ASSIGNED_CONTEXT((#10304,#10305,#10306)) 
REPRESENTATION_CONTEXT('Context #1',
  '3D Context with UNIT and UNCERTAINTY') );
#10304 = ( LENGTH_UNIT() NAMED_UNIT(*) SI_UNIT(.MILLI.,.METRE.) );
#10305 = ( NAMED_UNIT(*) PLANE_ANGLE_UNIT() SI_UNIT($,.RADIAN.) );
#10306 = ( NAMED_UNIT(*) SI_UNIT($,.STERADIAN.) SOLID_ANGLE_UNIT() );
#10307 = UNCERTAINTY_MEASURE_WITH_UNIT(LENGTH_MEASURE(2.E-07),#10304,
  'distance_accuracy_value','confusion accuracy');
#10308 = PRODUCT_RELATED_PRODUCT_CATEGORY('part',$,(#7));
ENDSEC;
END-ISO-10303-21;
