ISO-10303-21;
HEADER;
FILE_DESCRIPTION(('Open CASCADE Model'),'2;1');
FILE_NAME('Open CASCADE Shape Model','2026-10-01T00:03:56',('Author'),(
    'Open CASCADE'),'Open CASCADE STEP processor 7.9','Open CASCADE 7.9'
  ,'Unknown');
FILE_SCHEMA(('AUTOMOTIVE_DESIGN { 1 0 10303 214 1 1 1 1 }'));
ENDSEC;
DATA;
#1 = APPLICATION_PROTOCOL_DEFINITION('international standard',
  'automotive_design',2000,#2);
#2 = APPLICATION_CONTEXT(
  'core data for automotive mechanical design processes');
#3 = SHAPE_DEFINITION_REPRESENTATION(#4,#10);
#4 = PRODUCT_DEFINITION_SHAPE('','',#5);
#5 = PRODUCT_DEFINITION('design','',#6,#9);
#6 = PRODUCT_DEFINITION_FORMATION('','',#7);
#7 = PRODUCT('Open CASCADE STEP translator 7.9 4',
  'Open CASCADE STEP translator 7.9 4','',(#8));
#8 = PRODUCT_CONTEXT('',#2,'mechanical');
#9 = PRODUCT_DEFINITION_CONTEXT('part definition',#2,'design');
#10 = ADVANCED_BREP_SHAPE_REPRESENTATION('',(#11,#15),#3035);
#11 = AXIS2_PLACEMENT_3D('',#12,#13,#14);
#12 = CARTESIAN_POINT('',(0.,0.,0.));
#13 = DIRECTION('',(0.,0.,1.));
#14 = DIRECTION('',(1.,0.,-0.));
#15 = MANIFOLD_SOLID_BREP('',#16);
#16 = CLOSED_SHELL('',(#17,#676,#753,#802,#851,#901,#1012,#1061,#1110,
    #1163,#1216,#1265,#1292,#1327,#1382,#1426,#1434,#1571,#1626,#1665,
    #1715,#1794,#1843,#1892,#1971,#1998,#2221,#2248,#2291,#2367,#2414,
    #2619,#2668,#2717,#2744,#2771,#2825,#2868,#2910,#2917,#2972,#3027,
    #3031));
#17 = ADVANCED_FACE('',(#18,#487),#32,.T.);
#18 = FACE_BOUND('',#19,.F.);
#19 = EDGE_LOOP('',(#20,#50,#81,#82,#115,#147,#179,#208,#231,#260,#286,
    #319,#345,#372,#373,#397,#429,#461));
#20 = ORIENTED_EDGE('',*,*,#21,.F.);
#21 = EDGE_CURVE('',#22,#24,#26,.T.);
#22 = VERTEX_POINT('',#23);
#23 = CARTESIAN_POINT('',(13.,0.,69.));
#24 = VERTEX_POINT('',#25);
#25 = CARTESIAN_POINT('',(13.,0.,72.425));
#26 = SEAM_CURVE('',#27,(#31,#43),.PCURVE_S1.);
#27 = LINE('',#28,#29);
#28 = CARTESIAN_POINT('',(13.,0.,68.99));
#29 = VECTOR('',#30,1.);
#30 = DIRECTION('',(0.,0.,1.));
#31 = PCURVE('',#32,#37);
#32 = CYLINDRICAL_SURFACE('',#33,13.);
#33 = AXIS2_PLACEMENT_3D('',#34,#35,#36);
#34 = CARTESIAN_POINT('',(0.,0.,68.99));
#35 = DIRECTION('',(-0.,-0.,-1.));
#36 = DIRECTION('',(1.,0.,0.));
#37 = DEFINITIONAL_REPRESENTATION('',(#38),#42);
#38 = LINE('',#39,#40);
#39 = CARTESIAN_POINT('',(-6.28318530718,0.));
#40 = VECTOR('',#41,1.);
#41 = DIRECTION('',(-0.,-1.));
#42 = ( GEOMETRIC_REPRESENTATION_CONTEXT(2) 
PARAMETRIC_REPRESENTATION_CONTEXT() REPRESENTATION_CONTEXT('2D SPACE',''
  ) );
#43 = PCURVE('',#32,#44);
#44 = DEFINITIONAL_REPRESENTATION('',(#45),#49);
#45 = LINE('',#46,#47);
#46 = CARTESIAN_POINT('',(-0.,0.));
#47 = VECTOR('',#48,1.);
#48 = DIRECTION('',(-0.,-1.));
#49 = ( GEOMETRIC_REPRESENTATION_CONTEXT(2) 
PARAMETRIC_REPRESENTATION_CONTEXT() REPRESENTATION_CONTEXT('2D SPACE',''
  ) );
#50 = ORIENTED_EDGE('',*,*,#51,.T.);
#51 = EDGE_CURVE('',#22,#22,#52,.T.);
#52 = SURFACE_CURVE('',#53,(#58,#65),.PCURVE_S1.);
#53 = CIRCLE('',#54,13.);
#54 = AXIS2_PLACEMENT_3D('',#55,#56,#57);
#55 = CARTESIAN_POINT('',(0.,0.,69.));
#56 = DIRECTION('',(0.,0.,-1.));
#57 = DIRECTION('',(1.,0.,0.));
#58 = PCURVE('',#32,#59);
#59 = DEFINITIONAL_REPRESENTATION('',(#60),#64);
#60 = LINE('',#61,#62);
#61 = CARTESIAN_POINT('',(-6.28318530718,-1.000000000001E-02));
#62 = VECTOR('',#63,1.);
#63 = DIRECTION('',(1.,-0.));
#64 = ( GEOMETRIC_REPRESENTATION_CONTEXT(2) 
PARAMETRIC_REPRESENTATION_CONTEXT() REPRESENTATION_CONTEXT('2D SPACE',''
  ) );
#65 = PCURVE('',#66,#71);
#66 = PLANE('',#67);
#67 = AXIS2_PLACEMENT_3D('',#68,#69,#70);
#68 = CARTESIAN_POINT('',(-1.727292798997E-15,3.759188932048E-16,69.));
#69 = DIRECTION('',(0.,0.,1.));
#70 = DIRECTION('',(1.,0.,-0.));
#71 = DEFINITIONAL_REPRESENTATION('',(#72),#80);
#72 = ( BOUNDED_CURVE() B_SPLINE_CURVE(2,(#73,#74,#75,#76,#77,#78,#79),
.UNSPECIFIED.,.T.,.F.) B_SPLINE_CURVE_WITH_KNOTS((1,2,2,2,2,1),(
    -2.094395102393,0.,2.094395102393,4.188790204786,6.28318530718,
8.377580409573),.UNSPECIFIED.) CURVE() GEOMETRIC_REPRESENTATION_ITEM() 
RATIONAL_B_SPLINE_CURVE((1.,0.5,1.,0.5,1.,0.5,1.)) REPRESENTATION_ITEM(
  '') );
#73 = CARTESIAN_POINT('',(13.,-3.759188932048E-16));
#74 = CARTESIAN_POINT('',(13.,-22.51666049839));
#75 = CARTESIAN_POINT('',(-6.5,-11.25833024919));
#76 = CARTESIAN_POINT('',(-26.,-3.560000570988E-15));
#77 = CARTESIAN_POINT('',(-6.5,11.258330249198));
#78 = CARTESIAN_POINT('',(13.,22.516660498395));
#79 = CARTESIAN_POINT('',(13.,-3.759188932048E-16));
#80 = ( GEOMETRIC_REPRESENTATION_CONTEXT(2) 
PARAMETRIC_REPRESENTATION_CONTEXT() REPRESENTATION_CONTEXT('2D SPACE',''
  ) );
#81 = ORIENTED_EDGE('',*,*,#21,.T.);
#82 = ORIENTED_EDGE('',*,*,#83,.F.);
#83 = EDGE_CURVE('',#84,#24,#86,.T.);
#84 = VERTEX_POINT('',#85);
#85 = CARTESIAN_POINT('',(12.939208824345,1.255736835487,72.425));
#86 = SURFACE_CURVE('',#87,(#92,#99),.PCURVE_S1.);
#87 = CIRCLE('',#88,13.);
#88 = AXIS2_PLACEMENT_3D('',#89,#90,#91);
#89 = CARTESIAN_POINT('',(0.,0.,72.425));
#90 = DIRECTION('',(0.,0.,-1.));
#91 = DIRECTION('',(1.,0.,0.));
#92 = PCURVE('',#32,#93);
#93 = DEFINITIONAL_REPRESENTATION('',(#94),#98);
#94 = LINE('',#95,#96);
#95 = CARTESIAN_POINT('',(-6.28318530718,-3.435));
#96 = VECTOR('',#97,1.);
#97 = DIRECTION('',(1.,-0.));
#98 = ( GEOMETRIC_REPRESENTATION_CONTEXT(2) 
PARAMETRIC_REPRESENTATION_CONTEXT() REPRESENTATION_CONTEXT('2D SPACE',''
  ) );
#99 = PCURVE('',#100,#105);
#100 = PLANE('',#101);
#101 = AXIS2_PLACEMENT_3D('',#102,#103,#104);
#102 = CARTESIAN_POINT('',(8.5,-1.255736835487,72.425));
#103 = DIRECTION('',(-0.,7.07296620279E-16,1.));
#104 = DIRECTION('',(0.,1.,-7.07296620279E-16));
#105 = DEFINITIONAL_REPRESENTATION('',(#106),#114);
#106 = ( BOUNDED_CURVE() B_SPLINE_CURVE(2,(#107,#108,#109,#110,#111,#112
,#113),.UNSPECIFIED.,.T.,.F.) B_SPLINE_CURVE_WITH_KNOTS((1,2,2,2,2,1),(
    -2.094395102393,0.,2.094395102393,4.188790204786,6.28318530718,
8.377580409573),.UNSPECIFIED.) CURVE() GEOMETRIC_REPRESENTATION_ITEM() 
RATIONAL_B_SPLINE_CURVE((1.,0.5,1.,0.5,1.,0.5,1.)) REPRESENTATION_ITEM(
  '') );
#107 = CARTESIAN_POINT('',(1.255736835487,-4.5));
#108 = CARTESIAN_POINT('',(-21.2609236629,-4.5));
#109 = CARTESIAN_POINT('',(-10.00259341371,15.));
#110 = CARTESIAN_POINT('',(1.255736835487,34.5));
#111 = CARTESIAN_POINT('',(12.514067084685,15.));
#112 = CARTESIAN_POINT('',(23.772397333883,-4.5));
#113 = CARTESIAN_POINT('',(1.255736835487,-4.5));
#114 = ( GEOMETRIC_REPRESENTATION_CONTEXT(2) 
PARAMETRIC_REPRESENTATION_CONTEXT() REPRESENTATION_CONTEXT('2D SPACE',''
  ) );
#115 = ORIENTED_EDGE('',*,*,#116,.T.);
#116 = EDGE_CURVE('',#84,#117,#119,.T.);
#117 = VERTEX_POINT('',#118);
#118 = CARTESIAN_POINT('',(12.755097020407,2.511473670975,74.6));
#119 = SURFACE_CURVE('',#120,(#125,#135),.PCURVE_S1.);
#120 = ELLIPSE('',#121,26.,13.);
#121 = AXIS2_PLACEMENT_3D('',#122,#123,#124);
#122 = CARTESIAN_POINT('',(0.,0.,70.25));
#123 = DIRECTION('',(0.,-0.866025403784,0.5));
#124 = DIRECTION('',(0.,-0.5,-0.866025403784));
#125 = PCURVE('',#32,#126);
#126 = DEFINITIONAL_REPRESENTATION('',(#127),#134);
#127 = B_SPLINE_CURVE_WITH_KNOTS('',5,(#128,#129,#130,#131,#132,#133),
  .UNSPECIFIED.,.F.,.F.,(6,6),(1.657841835047,1.775063676997),
  .PIECEWISE_BEZIER_KNOTS.);
#128 = CARTESIAN_POINT('',(-8.704550825198E-02,-3.2175));
#129 = CARTESIAN_POINT('',(-0.110489876642,-3.743390260014));
#130 = CARTESIAN_POINT('',(-0.133934245032,-4.267935623792));
#131 = CARTESIAN_POINT('',(-0.157378613422,-4.790533903325));
#132 = CARTESIAN_POINT('',(-0.180822981812,-5.310585997424));
#133 = CARTESIAN_POINT('',(-0.204267350202,-5.8275));
#134 = ( GEOMETRIC_REPRESENTATION_CONTEXT(2) 
PARAMETRIC_REPRESENTATION_CONTEXT() REPRESENTATION_CONTEXT('2D SPACE',''
  ) );
#135 = PCURVE('',#136,#141);
#136 = PLANE('',#137);
#137 = AXIS2_PLACEMENT_3D('',#138,#139,#140);
#138 = CARTESIAN_POINT('',(8.5,1.255736835487,72.425));
#139 = DIRECTION('',(0.,-0.866025403784,0.5));
#140 = DIRECTION('',(0.,0.5,0.866025403784));
#141 = DEFINITIONAL_REPRESENTATION('',(#142),#146);
#142 = ELLIPSE('',#143,26.,13.);
#143 = AXIS2_PLACEMENT_2D('',#144,#145);
#144 = CARTESIAN_POINT('',(-2.511473670975,8.5));
#145 = DIRECTION('',(-1.,-0.));
#146 = ( GEOMETRIC_REPRESENTATION_CONTEXT(2) 
PARAMETRIC_REPRESENTATION_CONTEXT() REPRESENTATION_CONTEXT('2D SPACE',''
  ) );
#147 = ORIENTED_EDGE('',*,*,#148,.T.);
#148 = EDGE_CURVE('',#117,#149,#151,.T.);
#149 = VERTEX_POINT('',#150);
#150 = CARTESIAN_POINT('',(12.939208824345,1.255736835487,76.775));
#151 = SURFACE_CURVE('',#152,(#157,#167),.PCURVE_S1.);
#152 = ELLIPSE('',#153,26.,13.);
#153 = AXIS2_PLACEMENT_3D('',#154,#155,#156);
#154 = CARTESIAN_POINT('',(0.,0.,78.95));
#155 = DIRECTION('',(0.,-0.866025403784,-0.5));
#156 = DIRECTION('',(-0.,0.5,-0.866025403784));
#157 = PCURVE('',#32,#158);
#158 = DEFINITIONAL_REPRESENTATION('',(#159),#166);
#159 = B_SPLINE_CURVE_WITH_KNOTS('',5,(#160,#161,#162,#163,#164,#165),
  .UNSPECIFIED.,.F.,.F.,(6,6),(1.366528976593,1.483750818543),
  .PIECEWISE_BEZIER_KNOTS.);
#160 = CARTESIAN_POINT('',(-0.204267350202,-5.3925));
#161 = CARTESIAN_POINT('',(-0.180822981812,-5.909414002576));
#162 = CARTESIAN_POINT('',(-0.157378613422,-6.429466096675));
#163 = CARTESIAN_POINT('',(-0.133934245032,-6.952064376208));
#164 = CARTESIAN_POINT('',(-0.110489876642,-7.476609739986));
#165 = CARTESIAN_POINT('',(-8.704550825198E-02,-8.0025));
#166 = ( GEOMETRIC_REPRESENTATION_CONTEXT(2) 
PARAMETRIC_REPRESENTATION_CONTEXT() REPRESENTATION_CONTEXT('2D SPACE',''
  ) );
#167 = PCURVE('',#168,#173);
#168 = PLANE('',#169);
#169 = AXIS2_PLACEMENT_3D('',#170,#171,#172);
#170 = CARTESIAN_POINT('',(8.5,2.511473670975,74.6));
#171 = DIRECTION('',(0.,-0.866025403784,-0.5));
#172 = DIRECTION('',(0.,-0.5,0.866025403784));
#173 = DEFINITIONAL_REPRESENTATION('',(#174),#178);
#174 = ELLIPSE('',#175,26.,13.);
#175 = AXIS2_PLACEMENT_2D('',#176,#177);
#176 = CARTESIAN_POINT('',(5.02294734195,8.5));
#177 = DIRECTION('',(-1.,0.));
#178 = ( GEOMETRIC_REPRESENTATION_CONTEXT(2) 
PARAMETRIC_REPRESENTATION_CONTEXT() REPRESENTATION_CONTEXT('2D SPACE',''
  ) );
#179 = ORIENTED_EDGE('',*,*,#180,.T.);
#180 = EDGE_CURVE('',#149,#181,#183,.T.);
#181 = VERTEX_POINT('',#182);
#182 = CARTESIAN_POINT('',(13.,0.,76.775));
#183 = SURFACE_CURVE('',#184,(#189,#196),.PCURVE_S1.);
#184 = CIRCLE('',#185,13.);
#185 = AXIS2_PLACEMENT_3D('',#186,#187,#188);
#186 = CARTESIAN_POINT('',(0.,0.,76.775));
#187 = DIRECTION('',(0.,0.,-1.));
#188 = DIRECTION('',(1.,0.,0.));
#189 = PCURVE('',#32,#190);
#190 = DEFINITIONAL_REPRESENTATION('',(#191),#195);
#191 = LINE('',#192,#193);
#192 = CARTESIAN_POINT('',(-6.28318530718,-7.785));
#193 = VECTOR('',#194,1.);
#194 = DIRECTION('',(1.,-0.));
#195 = ( GEOMETRIC_REPRESENTATION_CONTEXT(2) 
PARAMETRIC_REPRESENTATION_CONTEXT() REPRESENTATION_CONTEXT('2D SPACE',''
  ) );
#196 = PCURVE('',#197,#202);
#197 = PLANE('',#198);
#198 = AXIS2_PLACEMENT_3D('',#199,#200,#201);
#199 = CARTESIAN_POINT('',(8.5,1.255736835487,76.775));
#200 = DIRECTION('',(0.,-1.768241550698E-16,-1.));
#201 = DIRECTION('',(0.,-1.,1.768241550698E-16));
#202 = DEFINITIONAL_REPRESENTATION('',(#203),#207);
#203 = CIRCLE('',#204,13.);
#204 = AXIS2_PLACEMENT_2D('',#205,#206);
#205 = CARTESIAN_POINT('',(1.255736835487,8.5));
#206 = DIRECTION('',(0.,-1.));
#207 = ( GEOMETRIC_REPRESENTATION_CONTEXT(2) 
PARAMETRIC_REPRESENTATION_CONTEXT() REPRESENTATION_CONTEXT('2D SPACE',''
  ) );
#208 = ORIENTED_EDGE('',*,*,#209,.T.);
#209 = EDGE_CURVE('',#181,#210,#212,.T.);
#210 = VERTEX_POINT('',#211);
#211 = CARTESIAN_POINT('',(13.,0.,79.4));
#212 = SEAM_CURVE('',#213,(#217,#224),.PCURVE_S1.);
#213 = LINE('',#214,#215);
#214 = CARTESIAN_POINT('',(13.,0.,68.99));
#215 = VECTOR('',#216,1.);
#216 = DIRECTION('',(0.,0.,1.));
#217 = PCURVE('',#32,#218);
#218 = DEFINITIONAL_REPRESENTATION('',(#219),#223);
#219 = LINE('',#220,#221);
#220 = CARTESIAN_POINT('',(-6.28318530718,0.));
#221 = VECTOR('',#222,1.);
#222 = DIRECTION('',(-0.,-1.));
#223 = ( GEOMETRIC_REPRESENTATION_CONTEXT(2) 
PARAMETRIC_REPRESENTATION_CONTEXT() REPRESENTATION_CONTEXT('2D SPACE',''
  ) );
#224 = PCURVE('',#32,#225);
#225 = DEFINITIONAL_REPRESENTATION('',(#226),#230);
#226 = LINE('',#227,#228);
#227 = CARTESIAN_POINT('',(-0.,0.));
#228 = VECTOR('',#229,1.);
#229 = DIRECTION('',(-0.,-1.));
#230 = ( GEOMETRIC_REPRESENTATION_CONTEXT(2) 
PARAMETRIC_REPRESENTATION_CONTEXT() REPRESENTATION_CONTEXT('2D SPACE',''
  ) );
#231 = ORIENTED_EDGE('',*,*,#232,.T.);
#232 = EDGE_CURVE('',#210,#233,#235,.T.);
#233 = VERTEX_POINT('',#234);
#234 = CARTESIAN_POINT('',(0.5,12.990381056767,79.4));
#235 = SURFACE_CURVE('',#236,(#241,#248),.PCURVE_S1.);
#236 = CIRCLE('',#237,13.);
#237 = AXIS2_PLACEMENT_3D('',#238,#239,#240);
#238 = CARTESIAN_POINT('',(0.,0.,79.4));
#239 = DIRECTION('',(0.,0.,1.));
#240 = DIRECTION('',(1.,0.,-0.));
#241 = PCURVE('',#32,#242);
#242 = DEFINITIONAL_REPRESENTATION('',(#243),#247);
#243 = LINE('',#244,#245);
#244 = CARTESIAN_POINT('',(-0.,-10.41));
#245 = VECTOR('',#246,1.);
#246 = DIRECTION('',(-1.,0.));
#247 = ( GEOMETRIC_REPRESENTATION_CONTEXT(2) 
PARAMETRIC_REPRESENTATION_CONTEXT() REPRESENTATION_CONTEXT('2D SPACE',''
  ) );
#248 = PCURVE('',#249,#254);
#249 = CONICAL_SURFACE('',#250,13.,0.785398163397);
#250 = AXIS2_PLACEMENT_3D('',#251,#252,#253);
#251 = CARTESIAN_POINT('',(0.,0.,79.4));
#252 = DIRECTION('',(-0.,-0.,-1.));
#253 = DIRECTION('',(1.,0.,0.));
#254 = DEFINITIONAL_REPRESENTATION('',(#255),#259);
#255 = LINE('',#256,#257);
#256 = CARTESIAN_POINT('',(-0.,-0.));
#257 = VECTOR('',#258,1.);
#258 = DIRECTION('',(-1.,-0.));
#259 = ( GEOMETRIC_REPRESENTATION_CONTEXT(2) 
PARAMETRIC_REPRESENTATION_CONTEXT() REPRESENTATION_CONTEXT('2D SPACE',''
  ) );
#260 = ORIENTED_EDGE('',*,*,#261,.T.);
#261 = EDGE_CURVE('',#233,#262,#264,.T.);
#262 = VERTEX_POINT('',#263);
#263 = CARTESIAN_POINT('',(0.5,12.990381056767,70.));
#264 = SURFACE_CURVE('',#265,(#269,#275),.PCURVE_S1.);
#265 = LINE('',#266,#267);
#266 = CARTESIAN_POINT('',(0.5,12.990381056767,68.99));
#267 = VECTOR('',#268,1.);
#268 = DIRECTION('',(-0.,-0.,-1.));
#269 = PCURVE('',#32,#270);
#270 = DEFINITIONAL_REPRESENTATION('',(#271),#274);
#271 = B_SPLINE_CURVE_WITH_KNOTS('',1,(#272,#273),.UNSPECIFIED.,.F.,.F.,
  (2,2),(-10.4100006,-9.999399999998E-03),.PIECEWISE_BEZIER_KNOTS.);
#272 = CARTESIAN_POINT('',(-1.532325299388,-10.4100006));
#273 = CARTESIAN_POINT('',(-1.532325299388,-9.999399999998E-03));
#274 = ( GEOMETRIC_REPRESENTATION_CONTEXT(2) 
PARAMETRIC_REPRESENTATION_CONTEXT() REPRESENTATION_CONTEXT('2D SPACE',''
  ) );
#275 = PCURVE('',#276,#281);
#276 = PLANE('',#277);
#277 = AXIS2_PLACEMENT_3D('',#278,#279,#280);
#278 = CARTESIAN_POINT('',(0.5,12.4,70.));
#279 = DIRECTION('',(1.,0.,0.));
#280 = DIRECTION('',(0.,0.,1.));
#281 = DEFINITIONAL_REPRESENTATION('',(#282),#285);
#282 = B_SPLINE_CURVE_WITH_KNOTS('',1,(#283,#284),.UNSPECIFIED.,.F.,.F.,
  (2,2),(-10.4100006,-9.999399999998E-03),.PIECEWISE_BEZIER_KNOTS.);
#283 = CARTESIAN_POINT('',(9.4000006,-0.590381056767));
#284 = CARTESIAN_POINT('',(-1.0000006,-0.590381056767));
#285 = ( GEOMETRIC_REPRESENTATION_CONTEXT(2) 
PARAMETRIC_REPRESENTATION_CONTEXT() REPRESENTATION_CONTEXT('2D SPACE',''
  ) );
#286 = ORIENTED_EDGE('',*,*,#287,.F.);
#287 = EDGE_CURVE('',#288,#262,#290,.T.);
#288 = VERTEX_POINT('',#289);
#289 = CARTESIAN_POINT('',(-0.5,12.990381056767,70.));
#290 = SURFACE_CURVE('',#291,(#296,#303),.PCURVE_S1.);
#291 = CIRCLE('',#292,13.);
#292 = AXIS2_PLACEMENT_3D('',#293,#294,#295);
#293 = CARTESIAN_POINT('',(0.,0.,70.));
#294 = DIRECTION('',(0.,0.,-1.));
#295 = DIRECTION('',(1.,0.,0.));
#296 = PCURVE('',#32,#297);
#297 = DEFINITIONAL_REPRESENTATION('',(#298),#302);
#298 = LINE('',#299,#300);
#299 = CARTESIAN_POINT('',(-6.28318530718,-1.01));
#300 = VECTOR('',#301,1.);
#301 = DIRECTION('',(1.,-0.));
#302 = ( GEOMETRIC_REPRESENTATION_CONTEXT(2) 
PARAMETRIC_REPRESENTATION_CONTEXT() REPRESENTATION_CONTEXT('2D SPACE',''
  ) );
#303 = PCURVE('',#304,#309);
#304 = PLANE('',#305);
#305 = AXIS2_PLACEMENT_3D('',#306,#307,#308);
#306 = CARTESIAN_POINT('',(-0.5,12.4,70.));
#307 = DIRECTION('',(0.,0.,1.));
#308 = DIRECTION('',(1.,0.,0.));
#309 = DEFINITIONAL_REPRESENTATION('',(#310),#318);
#310 = ( BOUNDED_CURVE() B_SPLINE_CURVE(2,(#311,#312,#313,#314,#315,#316
,#317),.UNSPECIFIED.,.T.,.F.) B_SPLINE_CURVE_WITH_KNOTS((1,2,2,2,2,1),(
    -2.094395102393,0.,2.094395102393,4.188790204786,6.28318530718,
8.377580409573),.UNSPECIFIED.) CURVE() GEOMETRIC_REPRESENTATION_ITEM() 
RATIONAL_B_SPLINE_CURVE((1.,0.5,1.,0.5,1.,0.5,1.)) REPRESENTATION_ITEM(
  '') );
#311 = CARTESIAN_POINT('',(13.5,-12.4));
#312 = CARTESIAN_POINT('',(13.5,-34.91666049839));
#313 = CARTESIAN_POINT('',(-6.,-23.65833024919));
#314 = CARTESIAN_POINT('',(-25.5,-12.4));
#315 = CARTESIAN_POINT('',(-6.,-1.141669750802));
#316 = CARTESIAN_POINT('',(13.5,10.116660498395));
#317 = CARTESIAN_POINT('',(13.5,-12.4));
#318 = ( GEOMETRIC_REPRESENTATION_CONTEXT(2) 
PARAMETRIC_REPRESENTATION_CONTEXT() REPRESENTATION_CONTEXT('2D SPACE',''
  ) );
#319 = ORIENTED_EDGE('',*,*,#320,.F.);
#320 = EDGE_CURVE('',#321,#288,#323,.T.);
#321 = VERTEX_POINT('',#322);
#322 = CARTESIAN_POINT('',(-0.5,12.990381056767,79.4));
#323 = SURFACE_CURVE('',#324,(#328,#334),.PCURVE_S1.);
#324 = LINE('',#325,#326);
#325 = CARTESIAN_POINT('',(-0.5,12.990381056767,68.99));
#326 = VECTOR('',#327,1.);
#327 = DIRECTION('',(-0.,-0.,-1.));
#328 = PCURVE('',#32,#329);
#329 = DEFINITIONAL_REPRESENTATION('',(#330),#333);
#330 = B_SPLINE_CURVE_WITH_KNOTS('',1,(#331,#332),.UNSPECIFIED.,.F.,.F.,
  (2,2),(-10.4100006,-9.999399999998E-03),.PIECEWISE_BEZIER_KNOTS.);
#331 = CARTESIAN_POINT('',(-1.609267354202,-10.4100006));
#332 = CARTESIAN_POINT('',(-1.609267354202,-9.999399999998E-03));
#333 = ( GEOMETRIC_REPRESENTATION_CONTEXT(2) 
PARAMETRIC_REPRESENTATION_CONTEXT() REPRESENTATION_CONTEXT('2D SPACE',''
  ) );
#334 = PCURVE('',#335,#340);
#335 = PLANE('',#336);
#336 = AXIS2_PLACEMENT_3D('',#337,#338,#339);
#337 = CARTESIAN_POINT('',(-0.5,12.4,70.));
#338 = DIRECTION('',(1.,0.,0.));
#339 = DIRECTION('',(0.,0.,1.));
#340 = DEFINITIONAL_REPRESENTATION('',(#341),#344);
#341 = B_SPLINE_CURVE_WITH_KNOTS('',1,(#342,#343),.UNSPECIFIED.,.F.,.F.,
  (2,2),(-10.4100006,-9.999399999998E-03),.PIECEWISE_BEZIER_KNOTS.);
#342 = CARTESIAN_POINT('',(9.4000006,-0.590381056767));
#343 = CARTESIAN_POINT('',(-1.0000006,-0.590381056767));
#344 = ( GEOMETRIC_REPRESENTATION_CONTEXT(2) 
PARAMETRIC_REPRESENTATION_CONTEXT() REPRESENTATION_CONTEXT('2D SPACE',''
  ) );
#345 = ORIENTED_EDGE('',*,*,#346,.T.);
#346 = EDGE_CURVE('',#321,#210,#347,.T.);
#347 = SURFACE_CURVE('',#348,(#353,#360),.PCURVE_S1.);
#348 = CIRCLE('',#349,13.);
#349 = AXIS2_PLACEMENT_3D('',#350,#351,#352);
#350 = CARTESIAN_POINT('',(0.,0.,79.4));
#351 = DIRECTION('',(0.,0.,1.));
#352 = DIRECTION('',(1.,0.,-0.));
#353 = PCURVE('',#32,#354);
#354 = DEFINITIONAL_REPRESENTATION('',(#355),#359);
#355 = LINE('',#356,#357);
#356 = CARTESIAN_POINT('',(-0.,-10.41));
#357 = VECTOR('',#358,1.);
#358 = DIRECTION('',(-1.,0.));
#359 = ( GEOMETRIC_REPRESENTATION_CONTEXT(2) 
PARAMETRIC_REPRESENTATION_CONTEXT() REPRESENTATION_CONTEXT('2D SPACE',''
  ) );
#360 = PCURVE('',#361,#366);
#361 = CONICAL_SURFACE('',#362,13.,0.785398163397);
#362 = AXIS2_PLACEMENT_3D('',#363,#364,#365);
#363 = CARTESIAN_POINT('',(0.,0.,79.4));
#364 = DIRECTION('',(-0.,-0.,-1.));
#365 = DIRECTION('',(1.,0.,0.));
#366 = DEFINITIONAL_REPRESENTATION('',(#367),#371);
#367 = LINE('',#368,#369);
#368 = CARTESIAN_POINT('',(-0.,-0.));
#369 = VECTOR('',#370,1.);
#370 = DIRECTION('',(-1.,-0.));
#371 = ( GEOMETRIC_REPRESENTATION_CONTEXT(2) 
PARAMETRIC_REPRESENTATION_CONTEXT() REPRESENTATION_CONTEXT('2D SPACE',''
  ) );
#372 = ORIENTED_EDGE('',*,*,#209,.F.);
#373 = ORIENTED_EDGE('',*,*,#374,.T.);
#374 = EDGE_CURVE('',#181,#375,#377,.T.);
#375 = VERTEX_POINT('',#376);
#376 = CARTESIAN_POINT('',(12.939208824345,-1.255736835487,76.775));
#377 = SURFACE_CURVE('',#378,(#383,#390),.PCURVE_S1.);
#378 = CIRCLE('',#379,13.);
#379 = AXIS2_PLACEMENT_3D('',#380,#381,#382);
#380 = CARTESIAN_POINT('',(0.,0.,76.775));
#381 = DIRECTION('',(0.,0.,-1.));
#382 = DIRECTION('',(1.,0.,0.));
#383 = PCURVE('',#32,#384);
#384 = DEFINITIONAL_REPRESENTATION('',(#385),#389);
#385 = LINE('',#386,#387);
#386 = CARTESIAN_POINT('',(-6.28318530718,-7.785));
#387 = VECTOR('',#388,1.);
#388 = DIRECTION('',(1.,-0.));
#389 = ( GEOMETRIC_REPRESENTATION_CONTEXT(2) 
PARAMETRIC_REPRESENTATION_CONTEXT() REPRESENTATION_CONTEXT('2D SPACE',''
  ) );
#390 = PCURVE('',#197,#391);
#391 = DEFINITIONAL_REPRESENTATION('',(#392),#396);
#392 = CIRCLE('',#393,13.);
#393 = AXIS2_PLACEMENT_2D('',#394,#395);
#394 = CARTESIAN_POINT('',(1.255736835487,8.5));
#395 = DIRECTION('',(0.,-1.));
#396 = ( GEOMETRIC_REPRESENTATION_CONTEXT(2) 
PARAMETRIC_REPRESENTATION_CONTEXT() REPRESENTATION_CONTEXT('2D SPACE',''
  ) );
#397 = ORIENTED_EDGE('',*,*,#398,.T.);
#398 = EDGE_CURVE('',#375,#399,#401,.T.);
#399 = VERTEX_POINT('',#400);
#400 = CARTESIAN_POINT('',(12.755097020407,-2.511473670975,74.6));
#401 = SURFACE_CURVE('',#402,(#407,#417),.PCURVE_S1.);
#402 = ELLIPSE('',#403,26.,13.);
#403 = AXIS2_PLACEMENT_3D('',#404,#405,#406);
#404 = CARTESIAN_POINT('',(0.,0.,78.95));
#405 = DIRECTION('',(0.,0.866025403784,-0.5));
#406 = DIRECTION('',(0.,-0.5,-0.866025403784));
#407 = PCURVE('',#32,#408);
#408 = DEFINITIONAL_REPRESENTATION('',(#409),#416);
#409 = B_SPLINE_CURVE_WITH_KNOTS('',5,(#410,#411,#412,#413,#414,#415),
  .UNSPECIFIED.,.F.,.F.,(6,6),(4.799434488637,4.916656330587),
  .PIECEWISE_BEZIER_KNOTS.);
#410 = CARTESIAN_POINT('',(-6.196139798928,-8.0025));
#411 = CARTESIAN_POINT('',(-6.172695430538,-7.476609739986));
#412 = CARTESIAN_POINT('',(-6.149251062147,-6.952064376208));
#413 = CARTESIAN_POINT('',(-6.125806693757,-6.429466096675));
#414 = CARTESIAN_POINT('',(-6.102362325367,-5.909414002576));
#415 = CARTESIAN_POINT('',(-6.078917956977,-5.3925));
#416 = ( GEOMETRIC_REPRESENTATION_CONTEXT(2) 
PARAMETRIC_REPRESENTATION_CONTEXT() REPRESENTATION_CONTEXT('2D SPACE',''
  ) );
#417 = PCURVE('',#418,#423);
#418 = PLANE('',#419);
#419 = AXIS2_PLACEMENT_3D('',#420,#421,#422);
#420 = CARTESIAN_POINT('',(8.5,-1.255736835487,76.775));
#421 = DIRECTION('',(0.,0.866025403784,-0.5));
#422 = DIRECTION('',(0.,-0.5,-0.866025403784));
#423 = DEFINITIONAL_REPRESENTATION('',(#424),#428);
#424 = ELLIPSE('',#425,26.,13.);
#425 = AXIS2_PLACEMENT_2D('',#426,#427);
#426 = CARTESIAN_POINT('',(-2.511473670975,8.5));
#427 = DIRECTION('',(1.,0.));
#428 = ( GEOMETRIC_REPRESENTATION_CONTEXT(2) 
PARAMETRIC_REPRESENTATION_CONTEXT() REPRESENTATION_CONTEXT('2D SPACE',''
  ) );
#429 = ORIENTED_EDGE('',*,*,#430,.T.);
#430 = EDGE_CURVE('',#399,#431,#433,.T.);
#431 = VERTEX_POINT('',#432);
#432 = CARTESIAN_POINT('',(12.939208824345,-1.255736835487,72.425));
#433 = SURFACE_CURVE('',#434,(#439,#449),.PCURVE_S1.);
#434 = ELLIPSE('',#435,26.,13.);
#435 = AXIS2_PLACEMENT_3D('',#436,#437,#438);
#436 = CARTESIAN_POINT('',(0.,0.,70.25));
#437 = DIRECTION('',(0.,0.866025403784,0.5));
#438 = DIRECTION('',(0.,0.5,-0.866025403784));
#439 = PCURVE('',#32,#440);
#440 = DEFINITIONAL_REPRESENTATION('',(#441),#448);
#441 = B_SPLINE_CURVE_WITH_KNOTS('',5,(#442,#443,#444,#445,#446,#447),
  .UNSPECIFIED.,.F.,.F.,(6,6),(4.508121630182,4.625343472133),
  .PIECEWISE_BEZIER_KNOTS.);
#442 = CARTESIAN_POINT('',(-6.078917956977,-5.8275));
#443 = CARTESIAN_POINT('',(-6.102362325367,-5.310585997424));
#444 = CARTESIAN_POINT('',(-6.125806693757,-4.790533903325));
#445 = CARTESIAN_POINT('',(-6.149251062147,-4.267935623792));
#446 = CARTESIAN_POINT('',(-6.172695430538,-3.743390260014));
#447 = CARTESIAN_POINT('',(-6.196139798928,-3.2175));
#448 = ( GEOMETRIC_REPRESENTATION_CONTEXT(2) 
PARAMETRIC_REPRESENTATION_CONTEXT() REPRESENTATION_CONTEXT('2D SPACE',''
  ) );
#449 = PCURVE('',#450,#455);
#450 = PLANE('',#451);
#451 = AXIS2_PLACEMENT_3D('',#452,#453,#454);
#452 = CARTESIAN_POINT('',(8.5,-2.511473670975,74.6));
#453 = DIRECTION('',(-0.,0.866025403784,0.5));
#454 = DIRECTION('',(0.,0.5,-0.866025403784));
#455 = DEFINITIONAL_REPRESENTATION('',(#456),#460);
#456 = ELLIPSE('',#457,26.,13.);
#457 = AXIS2_PLACEMENT_2D('',#458,#459);
#458 = CARTESIAN_POINT('',(5.02294734195,8.5));
#459 = DIRECTION('',(1.,0.));
#460 = ( GEOMETRIC_REPRESENTATION_CONTEXT(2) 
PARAMETRIC_REPRESENTATION_CONTEXT() REPRESENTATION_CONTEXT('2D SPACE',''
  ) );
#461 = ORIENTED_EDGE('',*,*,#462,.F.);
#462 = EDGE_CURVE('',#24,#431,#463,.T.);
#463 = SURFACE_CURVE('',#464,(#469,#476),.PCURVE_S1.);
#464 = CIRCLE('',#465,13.);
#465 = AXIS2_PLACEMENT_3D('',#466,#467,#468);
#466 = CARTESIAN_POINT('',(0.,0.,72.425));
#467 = DIRECTION('',(0.,0.,-1.));
#468 = DIRECTION('',(1.,0.,0.));
#469 = PCURVE('',#32,#470);
#470 = DEFINITIONAL_REPRESENTATION('',(#471),#475);
#471 = LINE('',#472,#473);
#472 = CARTESIAN_POINT('',(-6.28318530718,-3.435));
#473 = VECTOR('',#474,1.);
#474 = DIRECTION('',(1.,-0.));
#475 = ( GEOMETRIC_REPRESENTATION_CONTEXT(2) 
PARAMETRIC_REPRESENTATION_CONTEXT() REPRESENTATION_CONTEXT('2D SPACE',''
  ) );
#476 = PCURVE('',#100,#477);
#477 = DEFINITIONAL_REPRESENTATION('',(#478),#486);
#478 = ( BOUNDED_CURVE() B_SPLINE_CURVE(2,(#479,#480,#481,#482,#483,#484
,#485),.UNSPECIFIED.,.T.,.F.) B_SPLINE_CURVE_WITH_KNOTS((1,2,2,2,2,1),(
    -2.094395102393,0.,2.094395102393,4.188790204786,6.28318530718,
8.377580409573),.UNSPECIFIED.) CURVE() GEOMETRIC_REPRESENTATION_ITEM() 
RATIONAL_B_SPLINE_CURVE((1.,0.5,1.,0.5,1.,0.5,1.)) REPRESENTATION_ITEM(
  '') );
#479 = CARTESIAN_POINT('',(1.255736835487,-4.5));
#480 = CARTESIAN_POINT('',(-21.2609236629,-4.5));
#481 = CARTESIAN_POINT('',(-10.00259341371,15.));
#482 = CARTESIAN_POINT('',(1.255736835487,34.5));
#483 = CARTESIAN_POINT('',(12.514067084685,15.));
#484 = CARTESIAN_POINT('',(23.772397333883,-4.5));
#485 = CARTESIAN_POINT('',(1.255736835487,-4.5));
#486 = ( GEOMETRIC_REPRESENTATION_CONTEXT(2) 
PARAMETRIC_REPRESENTATION_CONTEXT() REPRESENTATION_CONTEXT('2D SPACE',''
  ) );
#487 = FACE_BOUND('',#488,.F.);
#488 = EDGE_LOOP('',(#489));
#489 = ORIENTED_EDGE('',*,*,#490,.F.);
#490 = EDGE_CURVE('',#491,#491,#493,.T.);
#491 = VERTEX_POINT('',#492);
#492 = CARTESIAN_POINT('',(-12.81249390243,2.2,74.6));
#493 = SURFACE_CURVE('',#494,(#551,#611),.PCURVE_S1.);
#494 = B_SPLINE_CURVE_WITH_KNOTS('',7,(#495,#496,#497,#498,#499,#500,
    #501,#502,#503,#504,#505,#506,#507,#508,#509,#510,#511,#512,#513,
    #514,#515,#516,#517,#518,#519,#520,#521,#522,#523,#524,#525,#526,
    #527,#528,#529,#530,#531,#532,#533,#534,#535,#536,#537,#538,#539,
    #540,#541,#542,#543,#544,#545,#546,#547,#548,#549,#550),
  .UNSPECIFIED.,.T.,.F.,(8,6,6,6,6,6,6,6,6,8),(0.,0.130973418446,
    0.218801365589,0.326888565967,0.425052670395,0.572405130011,
    0.70247016725,0.796549567773,0.893857427551,1.),.UNSPECIFIED.);
#495 = CARTESIAN_POINT('',(-12.81249390243,2.2,74.6));
#496 = CARTESIAN_POINT('',(-12.81249390243,2.2,74.82812574982));
#497 = CARTESIAN_POINT('',(-12.81723246209,2.172403016964,
    75.056013181686));
#498 = CARTESIAN_POINT('',(-12.82669297019,2.117307741928,
    75.281649273779));
#499 = CARTESIAN_POINT('',(-12.8405914791,2.034115939152,75.502819618702
    ));
#500 = CARTESIAN_POINT('',(-12.85835604273,1.921727368917,
    75.716749327218));
#501 = CARTESIAN_POINT('',(-12.87894550093,1.778723846607,
    75.919655157626));
#502 = CARTESIAN_POINT('',(-12.91528722031,1.486384541697,
    76.230964898032));
#503 = CARTESIAN_POINT('',(-12.93050392902,1.353805697633,
    76.349382159757));
#504 = CARTESIAN_POINT('',(-12.94575702183,1.206059816813,
    76.458484337562));
#505 = CARTESIAN_POINT('',(-12.96029377335,1.043646401184,
    76.555525116028));
#506 = CARTESIAN_POINT('',(-12.97325793396,0.867491678133,
    76.637778745806));
#507 = CARTESIAN_POINT('',(-12.9837853489,0.678964440021,76.702524084313
    ));
#508 = CARTESIAN_POINT('',(-13.00018796746,0.234951161842,
    76.801772810744));
#509 = CARTESIAN_POINT('',(-13.00425346329,-2.11960135177E-02,
    76.824791795424));
#510 = CARTESIAN_POINT('',(-13.00216659478,-0.280322399795,
    76.812281847928));
#511 = CARTESIAN_POINT('',(-12.99371807102,-0.533442276148,
    76.764174246792));
#512 = CARTESIAN_POINT('',(-12.98020590759,-0.771901076834,
    76.683882948373));
#513 = CARTESIAN_POINT('',(-12.9637627029,-0.988604175388,
    76.578235402088));
#514 = CARTESIAN_POINT('',(-12.93071332214,-1.351570790347,
    76.34788978387));
#515 = CARTESIAN_POINT('',(-12.91391729613,-1.506248462117,76.2234357509
    ));
#516 = CARTESIAN_POINT('',(-12.89705830759,-1.642926027522,76.0874965655
    ));
#517 = CARTESIAN_POINT('',(-12.8809423399,-1.762010344694,
    75.942683401127));
#518 = CARTESIAN_POINT('',(-12.86617302028,-1.864043902396,
    75.791067219217));
#519 = CARTESIAN_POINT('',(-12.85317568213,-1.949569986399,
    75.634307714013));
#520 = CARTESIAN_POINT('',(-12.82585071067,-2.123370713343,75.2326779311
    ));
#521 = CARTESIAN_POINT('',(-12.81410216339,-2.191655416484,
    74.982771262703));
#522 = CARTESIAN_POINT('',(-12.80801174464,-2.225481287422,
    74.728156270989));
#523 = CARTESIAN_POINT('',(-12.8080033122,-2.225516382431,
    74.471971689031));
#524 = CARTESIAN_POINT('',(-12.81409790315,-2.191691414248,
    74.217184196523));
#525 = CARTESIAN_POINT('',(-12.82586211229,-2.123298193228,
    73.967154484803));
#526 = CARTESIAN_POINT('',(-12.85671605917,-1.927051386409,
    73.513654871734));
#527 = CARTESIAN_POINT('',(-12.8748692551,-1.806573447958,
    73.306913011664));
#528 = CARTESIAN_POINT('',(-12.89603621714,-1.656365482019,
    73.109731976595));
#529 = CARTESIAN_POINT('',(-12.91905145394,-1.475293261736,
    72.926784520491));
#530 = CARTESIAN_POINT('',(-12.94217320594,-1.262645759842,
    72.763918028656));
#531 = CARTESIAN_POINT('',(-12.96292679996,-1.018575796377,
    72.628475217764));
#532 = CARTESIAN_POINT('',(-12.98997560851,-0.547500594329,
    72.458877709252));
#533 = CARTESIAN_POINT('',(-12.99865455374,-0.334938992104,
    72.407240882893));
#534 = CARTESIAN_POINT('',(-13.00342162596,-0.112776327246,
    72.380170713663));
#535 = CARTESIAN_POINT('',(-13.00342364789,0.112724832991,
    72.380161048602));
#536 = CARTESIAN_POINT('',(-12.99865621955,0.334934499224,
    72.407229348094));
#537 = CARTESIAN_POINT('',(-12.98997334775,0.547539967223,
    72.458891884366));
#538 = CARTESIAN_POINT('',(-12.96688213679,0.949690651561,72.60367503961
    ));
#539 = CARTESIAN_POINT('',(-12.95228608191,1.138218004348,72.69816637741
    ));
#540 = CARTESIAN_POINT('',(-12.93594773768,1.30964117372,72.809624380779
    ));
#541 = CARTESIAN_POINT('',(-12.91894245372,1.463439052639,
    72.934680583342));
#542 = CARTESIAN_POINT('',(-12.90218490804,1.599516527378,
    73.070372137438));
#543 = CARTESIAN_POINT('',(-12.88637743628,1.718075945892,73.21406191551
    ));
#544 = CARTESIAN_POINT('',(-12.85637849988,1.930294023307,
    73.526331333634));
#545 = CARTESIAN_POINT('',(-12.84238637105,2.021259492605,
    73.696787174739));
#546 = CARTESIAN_POINT('',(-12.83067392521,2.093192300174,
    73.872595740059));
#547 = CARTESIAN_POINT('',(-12.82164583265,2.146698740932,
    74.052079209132));
#548 = CARTESIAN_POINT('',(-12.81554637042,2.18222351769,74.233902251131
    ));
#549 = CARTESIAN_POINT('',(-12.81249390243,2.2,74.416913993343));
#550 = CARTESIAN_POINT('',(-12.81249390243,2.2,74.6));
#551 = PCURVE('',#32,#552);
#552 = DEFINITIONAL_REPRESENTATION('',(#553),#610);
#553 = B_SPLINE_CURVE_WITH_KNOTS('',7,(#554,#555,#556,#557,#558,#559,
    #560,#561,#562,#563,#564,#565,#566,#567,#568,#569,#570,#571,#572,
    #573,#574,#575,#576,#577,#578,#579,#580,#581,#582,#583,#584,#585,
    #586,#587,#588,#589,#590,#591,#592,#593,#594,#595,#596,#597,#598,
    #599,#600,#601,#602,#603,#604,#605,#606,#607,#608,#609),
  .UNSPECIFIED.,.T.,.F.,(8,6,6,6,6,6,6,6,6,8),(0.,0.130973418446,
    0.218801365589,0.326888565967,0.425052670395,0.572405130011,
    0.70247016725,0.796549567773,0.893857427551,1.),.UNSPECIFIED.);
#554 = CARTESIAN_POINT('',(-2.971543525022,-5.61));
#555 = CARTESIAN_POINT('',(-2.971543525022,-5.83812574982));
#556 = CARTESIAN_POINT('',(-2.973697435375,-6.066013181687));
#557 = CARTESIAN_POINT('',(-2.977997565209,-6.291649273779));
#558 = CARTESIAN_POINT('',(-2.984485541535,-6.512819618702));
#559 = CARTESIAN_POINT('',(-2.993237430751,-6.726749327218));
#560 = CARTESIAN_POINT('',(-3.004349061013,-6.929655157626));
#561 = CARTESIAN_POINT('',(-3.027009793904,-7.240964898032));
#562 = CARTESIAN_POINT('',(-3.03727465442,-7.359382159757));
#563 = CARTESIAN_POINT('',(-3.048698923162,-7.468484337562));
#564 = CARTESIAN_POINT('',(-3.061239834476,-7.565525116028));
#565 = CARTESIAN_POINT('',(-3.074823691788,-7.647778745806));
#566 = CARTESIAN_POINT('',(-3.089345785258,-7.712524084313));
#567 = CARTESIAN_POINT('',(-3.123523950292,-7.811772810744));
#568 = CARTESIAN_POINT('',(-3.14322571269,-7.834791795424));
#569 = CARTESIAN_POINT('',(-3.163149842212,-7.822281847928));
#570 = CARTESIAN_POINT('',(-3.182620885727,-7.774174246792));
#571 = CARTESIAN_POINT('',(-3.200987862263,-7.693882948373));
#572 = CARTESIAN_POINT('',(-3.217703329435,-7.588235402088));
#573 = CARTESIAN_POINT('',(-3.245739340211,-7.35788978387));
#574 = CARTESIAN_POINT('',(-3.257705759388,-7.2334357509));
#575 = CARTESIAN_POINT('',(-3.268297588951,-7.0974965655));
#576 = CARTESIAN_POINT('',(-3.277540611741,-6.952683401127));
#577 = CARTESIAN_POINT('',(-3.285470821298,-6.801067219217));
#578 = CARTESIAN_POINT('',(-3.292125196598,-6.644307714013));
#579 = CARTESIAN_POINT('',(-3.305658706783,-6.2426779311));
#580 = CARTESIAN_POINT('',(-3.310988003558,-5.992771262704));
#581 = CARTESIAN_POINT('',(-3.31363202926,-5.738156270989));
#582 = CARTESIAN_POINT('',(-3.313634798055,-5.481971689031));
#583 = CARTESIAN_POINT('',(-3.310990789389,-5.227184196523));
#584 = CARTESIAN_POINT('',(-3.305653059789,-4.977154484803));
#585 = CARTESIAN_POINT('',(-3.290371718878,-4.523654871734));
#586 = CARTESIAN_POINT('',(-3.280999751035,-4.316913011664));
#587 = CARTESIAN_POINT('',(-3.26933208708,-4.119731976595));
#588 = CARTESIAN_POINT('',(-3.255293853295,-3.936784520491));
#589 = CARTESIAN_POINT('',(-3.238845955875,-3.773918028656));
#590 = CARTESIAN_POINT('',(-3.220010715133,-3.638475217764));
#591 = CARTESIAN_POINT('',(-3.183714474759,-3.468877709252));
#592 = CARTESIAN_POINT('',(-3.167352199753,-3.417240882893));
#593 = CARTESIAN_POINT('',(-3.150264064286,-3.390170713663));
#594 = CARTESIAN_POINT('',(-3.132925200629,-3.390161048602));
#595 = CARTESIAN_POINT('',(-3.115833460349,-3.417229348094));
#596 = CARTESIAN_POINT('',(-3.099467798748,-3.468891884366));
#597 = CARTESIAN_POINT('',(-3.068482177255,-3.61367503961));
#598 = CARTESIAN_POINT('',(-3.053939572155,-3.70816637741));
#599 = CARTESIAN_POINT('',(-3.040696372687,-3.819624380779));
#600 = CARTESIAN_POINT('',(-3.028795586626,-3.944680583342));
#601 = CARTESIAN_POINT('',(-3.018249856919,-4.080372137438));
#602 = CARTESIAN_POINT('',(-3.009049497348,-4.22406191551));
#603 = CARTESIAN_POINT('',(-2.992562735837,-4.536331333634));
#604 = CARTESIAN_POINT('',(-2.985483619599,-4.706787174739));
#605 = CARTESIAN_POINT('',(-2.979877666866,-4.882595740059));
#606 = CARTESIAN_POINT('',(-2.9757036137,-5.062079209132));
#607 = CARTESIAN_POINT('',(-2.972930963358,-5.243902251131));
#608 = CARTESIAN_POINT('',(-2.971543525022,-5.426913993343));
#609 = CARTESIAN_POINT('',(-2.971543525022,-5.61));
#610 = ( GEOMETRIC_REPRESENTATION_CONTEXT(2) 
PARAMETRIC_REPRESENTATION_CONTEXT() REPRESENTATION_CONTEXT('2D SPACE',''
  ) );
#611 = PCURVE('',#612,#617);
#612 = CYLINDRICAL_SURFACE('',#613,2.2);
#613 = AXIS2_PLACEMENT_3D('',#614,#615,#616);
#614 = CARTESIAN_POINT('',(-14.,0.,74.6));
#615 = DIRECTION('',(-1.,-0.,-0.));
#616 = DIRECTION('',(0.,1.,0.));
#617 = DEFINITIONAL_REPRESENTATION('',(#618),#675);
#618 = B_SPLINE_CURVE_WITH_KNOTS('',7,(#619,#620,#621,#622,#623,#624,
    #625,#626,#627,#628,#629,#630,#631,#632,#633,#634,#635,#636,#637,
    #638,#639,#640,#641,#642,#643,#644,#645,#646,#647,#648,#649,#650,
    #651,#652,#653,#654,#655,#656,#657,#658,#659,#660,#661,#662,#663,
    #664,#665,#666,#667,#668,#669,#670,#671,#672,#673,#674),
  .UNSPECIFIED.,.F.,.F.,(8,6,6,6,6,6,6,6,6,8),(0.,0.130973418446,
    0.218801365589,0.326888565967,0.425052670395,0.572405130011,
    0.70247016725,0.796549567773,0.893857427551,1.),.UNSPECIFIED.);
#619 = CARTESIAN_POINT('',(0.,-1.187506097562));
#620 = CARTESIAN_POINT('',(-0.103693522645,-1.187506097562));
#621 = CARTESIAN_POINT('',(-0.207278476125,-1.182767537903));
#622 = CARTESIAN_POINT('',(-0.311662529911,-1.173307029805));
#623 = CARTESIAN_POINT('',(-0.417638512724,-1.159408520892));
#624 = CARTESIAN_POINT('',(-0.52605584255,-1.141643957268));
#625 = CARTESIAN_POINT('',(-0.637785394808,-1.121054499061));
#626 = CARTESIAN_POINT('',(-0.83190133085,-1.084712779687));
#627 = CARTESIAN_POINT('',(-0.912392042502,-1.06949607098));
#628 = CARTESIAN_POINT('',(-0.995287044419,-1.05424297817));
#629 = CARTESIAN_POINT('',(-1.080526168403,-1.039706226641));
#630 = CARTESIAN_POINT('',(-1.168124582808,-1.026742066033));
#631 = CARTESIAN_POINT('',(-1.258175132448,-1.016214651092));
#632 = CARTESIAN_POINT('',(-1.464979877714,-0.99981203254));
#633 = CARTESIAN_POINT('',(-1.580888546264,-0.995746536702));
#634 = CARTESIAN_POINT('',(-1.697023764575,-0.997833405218));
#635 = CARTESIAN_POINT('',(-1.812157897101,-1.006281928971));
#636 = CARTESIAN_POINT('',(-1.924981240266,-1.019794092408));
#637 = CARTESIAN_POINT('',(-2.033880539592,-1.036237297095));
#638 = CARTESIAN_POINT('',(-2.229284268402,-1.069286677852));
#639 = CARTESIAN_POINT('',(-2.318959697804,-1.086082703864));
#640 = CARTESIAN_POINT('',(-2.405834922792,-1.10294169241));
#641 = CARTESIAN_POINT('',(-2.490330967974,-1.119057660092));
#642 = CARTESIAN_POINT('',(-2.572818546742,-1.13382697972));
#643 = CARTESIAN_POINT('',(-2.653652389908,-1.146824317863));
#644 = CARTESIAN_POINT('',(-2.85257156408,-1.174149289327));
#645 = CARTESIAN_POINT('',(-2.969149817738,-1.185897836607));
#646 = CARTESIAN_POINT('',(-3.084250455165,-1.19198825536));
#647 = CARTESIAN_POINT('',(-3.198880120438,-1.191996687791));
#648 = CARTESIAN_POINT('',(-3.314047752358,-1.185902096844));
#649 = CARTESIAN_POINT('',(-3.430696744141,-1.174137887706));
#650 = CARTESIAN_POINT('',(-3.655306004601,-1.143283940829));
#651 = CARTESIAN_POINT('',(-3.763298905239,-1.125130744894));
#652 = CARTESIAN_POINT('',(-3.874581649155,-1.103963782851));
#653 = CARTESIAN_POINT('',(-3.989740227111,-1.080948546052));
#654 = CARTESIAN_POINT('',(-4.109518376713,-1.057826794059));
#655 = CARTESIAN_POINT('',(-4.234755527541,-1.037073200034));
#656 = CARTESIAN_POINT('',(-4.4623349392,-1.010024391485));
#657 = CARTESIAN_POINT('',(-4.561192425838,-1.00134544626));
#658 = CARTESIAN_POINT('',(-4.661796880245,-0.99657837404));
#659 = CARTESIAN_POINT('',(-4.762958445169,-0.99657635211));
#660 = CARTESIAN_POINT('',(-4.863581832079,-1.001343780444));
#661 = CARTESIAN_POINT('',(-4.962462042863,-1.010026652249));
#662 = CARTESIAN_POINT('',(-5.156743583776,-1.033117863209));
#663 = CARTESIAN_POINT('',(-5.251921395067,-1.047713918084));
#664 = CARTESIAN_POINT('',(-5.343967299239,-1.064052262313));
#665 = CARTESIAN_POINT('',(-5.4332086859,-1.081057546276));
#666 = CARTESIAN_POINT('',(-5.519889461973,-1.097815091956));
#667 = CARTESIAN_POINT('',(-5.60420064129,-1.113622563719));
#668 = CARTESIAN_POINT('',(-5.775817106502,-1.143621500111));
#669 = CARTESIAN_POINT('',(-5.863140755948,-1.157613628949));
#670 = CARTESIAN_POINT('',(-5.94878386759,-1.16932607479));
#671 = CARTESIAN_POINT('',(-6.033190314455,-1.178354167346));
#672 = CARTESIAN_POINT('',(-6.116776663378,-1.184453629571));
#673 = CARTESIAN_POINT('',(-6.199964395063,-1.187506097562));
#674 = CARTESIAN_POINT('',(-6.28318530718,-1.187506097562));
#675 = ( GEOMETRIC_REPRESENTATION_CONTEXT(2) 
PARAMETRIC_REPRESENTATION_CONTEXT() REPRESENTATION_CONTEXT('2D SPACE',''
  ) );
#676 = ADVANCED_FACE('',(#677),#100,.T.);
#677 = FACE_BOUND('',#678,.T.);
#678 = EDGE_LOOP('',(#679,#709,#730,#731,#732));
#679 = ORIENTED_EDGE('',*,*,#680,.F.);
#680 = EDGE_CURVE('',#681,#683,#685,.T.);
#681 = VERTEX_POINT('',#682);
#682 = CARTESIAN_POINT('',(8.5,-1.255736835487,72.425));
#683 = VERTEX_POINT('',#684);
#684 = CARTESIAN_POINT('',(8.5,1.255736835487,72.425));
#685 = SURFACE_CURVE('',#686,(#690,#697),.PCURVE_S1.);
#686 = LINE('',#687,#688);
#687 = CARTESIAN_POINT('',(8.5,-1.255736835487,72.425));
#688 = VECTOR('',#689,1.);
#689 = DIRECTION('',(0.,1.,-7.07296620279E-16));
#690 = PCURVE('',#100,#691);
#691 = DEFINITIONAL_REPRESENTATION('',(#692),#696);
#692 = LINE('',#693,#694);
#693 = CARTESIAN_POINT('',(0.,0.));
#694 = VECTOR('',#695,1.);
#695 = DIRECTION('',(1.,0.));
#696 = ( GEOMETRIC_REPRESENTATION_CONTEXT(2) 
PARAMETRIC_REPRESENTATION_CONTEXT() REPRESENTATION_CONTEXT('2D SPACE',''
  ) );
#697 = PCURVE('',#698,#703);
#698 = PLANE('',#699);
#699 = AXIS2_PLACEMENT_3D('',#700,#701,#702);
#700 = CARTESIAN_POINT('',(8.5,-2.652362326046E-16,74.6));
#701 = DIRECTION('',(1.,0.,0.));
#702 = DIRECTION('',(-0.,0.,1.));
#703 = DEFINITIONAL_REPRESENTATION('',(#704),#708);
#704 = LINE('',#705,#706);
#705 = CARTESIAN_POINT('',(-2.175,1.255736835487));
#706 = VECTOR('',#707,1.);
#707 = DIRECTION('',(-7.07296620279E-16,-1.));
#708 = ( GEOMETRIC_REPRESENTATION_CONTEXT(2) 
PARAMETRIC_REPRESENTATION_CONTEXT() REPRESENTATION_CONTEXT('2D SPACE',''
  ) );
#709 = ORIENTED_EDGE('',*,*,#710,.T.);
#710 = EDGE_CURVE('',#681,#431,#711,.T.);
#711 = SURFACE_CURVE('',#712,(#716,#723),.PCURVE_S1.);
#712 = LINE('',#713,#714);
#713 = CARTESIAN_POINT('',(8.5,-1.255736835487,72.425));
#714 = VECTOR('',#715,1.);
#715 = DIRECTION('',(1.,0.,0.));
#716 = PCURVE('',#100,#717);
#717 = DEFINITIONAL_REPRESENTATION('',(#718),#722);
#718 = LINE('',#719,#720);
#719 = CARTESIAN_POINT('',(0.,0.));
#720 = VECTOR('',#721,1.);
#721 = DIRECTION('',(0.,-1.));
#722 = ( GEOMETRIC_REPRESENTATION_CONTEXT(2) 
PARAMETRIC_REPRESENTATION_CONTEXT() REPRESENTATION_CONTEXT('2D SPACE',''
  ) );
#723 = PCURVE('',#450,#724);
#724 = DEFINITIONAL_REPRESENTATION('',(#725),#729);
#725 = LINE('',#726,#727);
#726 = CARTESIAN_POINT('',(2.511473670975,0.));
#727 = VECTOR('',#728,1.);
#728 = DIRECTION('',(0.,-1.));
#729 = ( GEOMETRIC_REPRESENTATION_CONTEXT(2) 
PARAMETRIC_REPRESENTATION_CONTEXT() REPRESENTATION_CONTEXT('2D SPACE',''
  ) );
#730 = ORIENTED_EDGE('',*,*,#462,.F.);
#731 = ORIENTED_EDGE('',*,*,#83,.F.);
#732 = ORIENTED_EDGE('',*,*,#733,.F.);
#733 = EDGE_CURVE('',#683,#84,#734,.T.);
#734 = SURFACE_CURVE('',#735,(#739,#746),.PCURVE_S1.);
#735 = LINE('',#736,#737);
#736 = CARTESIAN_POINT('',(8.5,1.255736835487,72.425));
#737 = VECTOR('',#738,1.);
#738 = DIRECTION('',(1.,0.,0.));
#739 = PCURVE('',#100,#740);
#740 = DEFINITIONAL_REPRESENTATION('',(#741),#745);
#741 = LINE('',#742,#743);
#742 = CARTESIAN_POINT('',(2.511473670975,0.));
#743 = VECTOR('',#744,1.);
#744 = DIRECTION('',(0.,-1.));
#745 = ( GEOMETRIC_REPRESENTATION_CONTEXT(2) 
PARAMETRIC_REPRESENTATION_CONTEXT() REPRESENTATION_CONTEXT('2D SPACE',''
  ) );
#746 = PCURVE('',#136,#747);
#747 = DEFINITIONAL_REPRESENTATION('',(#748),#752);
#748 = LINE('',#749,#750);
#749 = CARTESIAN_POINT('',(0.,0.));
#750 = VECTOR('',#751,1.);
#751 = DIRECTION('',(0.,-1.));
#752 = ( GEOMETRIC_REPRESENTATION_CONTEXT(2) 
PARAMETRIC_REPRESENTATION_CONTEXT() REPRESENTATION_CONTEXT('2D SPACE',''
  ) );
#753 = ADVANCED_FACE('',(#754),#450,.T.);
#754 = FACE_BOUND('',#755,.T.);
#755 = EDGE_LOOP('',(#756,#779,#800,#801));
#756 = ORIENTED_EDGE('',*,*,#757,.F.);
#757 = EDGE_CURVE('',#758,#681,#760,.T.);
#758 = VERTEX_POINT('',#759);
#759 = CARTESIAN_POINT('',(8.5,-2.511473670975,74.6));
#760 = SURFACE_CURVE('',#761,(#765,#772),.PCURVE_S1.);
#761 = LINE('',#762,#763);
#762 = CARTESIAN_POINT('',(8.5,-2.511473670975,74.6));
#763 = VECTOR('',#764,1.);
#764 = DIRECTION('',(0.,0.5,-0.866025403784));
#765 = PCURVE('',#450,#766);
#766 = DEFINITIONAL_REPRESENTATION('',(#767),#771);
#767 = LINE('',#768,#769);
#768 = CARTESIAN_POINT('',(0.,0.));
#769 = VECTOR('',#770,1.);
#770 = DIRECTION('',(1.,0.));
#771 = ( GEOMETRIC_REPRESENTATION_CONTEXT(2) 
PARAMETRIC_REPRESENTATION_CONTEXT() REPRESENTATION_CONTEXT('2D SPACE',''
  ) );
#772 = PCURVE('',#698,#773);
#773 = DEFINITIONAL_REPRESENTATION('',(#774),#778);
#774 = LINE('',#775,#776);
#775 = CARTESIAN_POINT('',(0.,2.511473670975));
#776 = VECTOR('',#777,1.);
#777 = DIRECTION('',(-0.866025403784,-0.5));
#778 = ( GEOMETRIC_REPRESENTATION_CONTEXT(2) 
PARAMETRIC_REPRESENTATION_CONTEXT() REPRESENTATION_CONTEXT('2D SPACE',''
  ) );
#779 = ORIENTED_EDGE('',*,*,#780,.T.);
#780 = EDGE_CURVE('',#758,#399,#781,.T.);
#781 = SURFACE_CURVE('',#782,(#786,#793),.PCURVE_S1.);
#782 = LINE('',#783,#784);
#783 = CARTESIAN_POINT('',(8.5,-2.511473670975,74.6));
#784 = VECTOR('',#785,1.);
#785 = DIRECTION('',(1.,0.,0.));
#786 = PCURVE('',#450,#787);
#787 = DEFINITIONAL_REPRESENTATION('',(#788),#792);
#788 = LINE('',#789,#790);
#789 = CARTESIAN_POINT('',(0.,0.));
#790 = VECTOR('',#791,1.);
#791 = DIRECTION('',(0.,-1.));
#792 = ( GEOMETRIC_REPRESENTATION_CONTEXT(2) 
PARAMETRIC_REPRESENTATION_CONTEXT() REPRESENTATION_CONTEXT('2D SPACE',''
  ) );
#793 = PCURVE('',#418,#794);
#794 = DEFINITIONAL_REPRESENTATION('',(#795),#799);
#795 = LINE('',#796,#797);
#796 = CARTESIAN_POINT('',(2.511473670975,0.));
#797 = VECTOR('',#798,1.);
#798 = DIRECTION('',(0.,-1.));
#799 = ( GEOMETRIC_REPRESENTATION_CONTEXT(2) 
PARAMETRIC_REPRESENTATION_CONTEXT() REPRESENTATION_CONTEXT('2D SPACE',''
  ) );
#800 = ORIENTED_EDGE('',*,*,#430,.T.);
#801 = ORIENTED_EDGE('',*,*,#710,.F.);
#802 = ADVANCED_FACE('',(#803),#418,.T.);
#803 = FACE_BOUND('',#804,.T.);
#804 = EDGE_LOOP('',(#805,#828,#849,#850));
#805 = ORIENTED_EDGE('',*,*,#806,.F.);
#806 = EDGE_CURVE('',#807,#758,#809,.T.);
#807 = VERTEX_POINT('',#808);
#808 = CARTESIAN_POINT('',(8.5,-1.255736835487,76.775));
#809 = SURFACE_CURVE('',#810,(#814,#821),.PCURVE_S1.);
#810 = LINE('',#811,#812);
#811 = CARTESIAN_POINT('',(8.5,-1.255736835487,76.775));
#812 = VECTOR('',#813,1.);
#813 = DIRECTION('',(0.,-0.5,-0.866025403784));
#814 = PCURVE('',#418,#815);
#815 = DEFINITIONAL_REPRESENTATION('',(#816),#820);
#816 = LINE('',#817,#818);
#817 = CARTESIAN_POINT('',(0.,0.));
#818 = VECTOR('',#819,1.);
#819 = DIRECTION('',(1.,0.));
#820 = ( GEOMETRIC_REPRESENTATION_CONTEXT(2) 
PARAMETRIC_REPRESENTATION_CONTEXT() REPRESENTATION_CONTEXT('2D SPACE',''
  ) );
#821 = PCURVE('',#698,#822);
#822 = DEFINITIONAL_REPRESENTATION('',(#823),#827);
#823 = LINE('',#824,#825);
#824 = CARTESIAN_POINT('',(2.175,1.255736835487));
#825 = VECTOR('',#826,1.);
#826 = DIRECTION('',(-0.866025403784,0.5));
#827 = ( GEOMETRIC_REPRESENTATION_CONTEXT(2) 
PARAMETRIC_REPRESENTATION_CONTEXT() REPRESENTATION_CONTEXT('2D SPACE',''
  ) );
#828 = ORIENTED_EDGE('',*,*,#829,.T.);
#829 = EDGE_CURVE('',#807,#375,#830,.T.);
#830 = SURFACE_CURVE('',#831,(#835,#842),.PCURVE_S1.);
#831 = LINE('',#832,#833);
#832 = CARTESIAN_POINT('',(8.5,-1.255736835487,76.775));
#833 = VECTOR('',#834,1.);
#834 = DIRECTION('',(1.,0.,0.));
#835 = PCURVE('',#418,#836);
#836 = DEFINITIONAL_REPRESENTATION('',(#837),#841);
#837 = LINE('',#838,#839);
#838 = CARTESIAN_POINT('',(0.,0.));
#839 = VECTOR('',#840,1.);
#840 = DIRECTION('',(0.,-1.));
#841 = ( GEOMETRIC_REPRESENTATION_CONTEXT(2) 
PARAMETRIC_REPRESENTATION_CONTEXT() REPRESENTATION_CONTEXT('2D SPACE',''
  ) );
#842 = PCURVE('',#197,#843);
#843 = DEFINITIONAL_REPRESENTATION('',(#844),#848);
#844 = LINE('',#845,#846);
#845 = CARTESIAN_POINT('',(2.511473670975,0.));
#846 = VECTOR('',#847,1.);
#847 = DIRECTION('',(0.,-1.));
#848 = ( GEOMETRIC_REPRESENTATION_CONTEXT(2) 
PARAMETRIC_REPRESENTATION_CONTEXT() REPRESENTATION_CONTEXT('2D SPACE',''
  ) );
#849 = ORIENTED_EDGE('',*,*,#398,.T.);
#850 = ORIENTED_EDGE('',*,*,#780,.F.);
#851 = ADVANCED_FACE('',(#852),#197,.T.);
#852 = FACE_BOUND('',#853,.T.);
#853 = EDGE_LOOP('',(#854,#877,#898,#899,#900));
#854 = ORIENTED_EDGE('',*,*,#855,.F.);
#855 = EDGE_CURVE('',#856,#807,#858,.T.);
#856 = VERTEX_POINT('',#857);
#857 = CARTESIAN_POINT('',(8.5,1.255736835487,76.775));
#858 = SURFACE_CURVE('',#859,(#863,#870),.PCURVE_S1.);
#859 = LINE('',#860,#861);
#860 = CARTESIAN_POINT('',(8.5,1.255736835487,76.775));
#861 = VECTOR('',#862,1.);
#862 = DIRECTION('',(0.,-1.,1.768241550698E-16));
#863 = PCURVE('',#197,#864);
#864 = DEFINITIONAL_REPRESENTATION('',(#865),#869);
#865 = LINE('',#866,#867);
#866 = CARTESIAN_POINT('',(0.,0.));
#867 = VECTOR('',#868,1.);
#868 = DIRECTION('',(1.,0.));
#869 = ( GEOMETRIC_REPRESENTATION_CONTEXT(2) 
PARAMETRIC_REPRESENTATION_CONTEXT() REPRESENTATION_CONTEXT('2D SPACE',''
  ) );
#870 = PCURVE('',#698,#871);
#871 = DEFINITIONAL_REPRESENTATION('',(#872),#876);
#872 = LINE('',#873,#874);
#873 = CARTESIAN_POINT('',(2.175,-1.255736835487));
#874 = VECTOR('',#875,1.);
#875 = DIRECTION('',(1.768241550698E-16,1.));
#876 = ( GEOMETRIC_REPRESENTATION_CONTEXT(2) 
PARAMETRIC_REPRESENTATION_CONTEXT() REPRESENTATION_CONTEXT('2D SPACE',''
  ) );
#877 = ORIENTED_EDGE('',*,*,#878,.T.);
#878 = EDGE_CURVE('',#856,#149,#879,.T.);
#879 = SURFACE_CURVE('',#880,(#884,#891),.PCURVE_S1.);
#880 = LINE('',#881,#882);
#881 = CARTESIAN_POINT('',(8.5,1.255736835487,76.775));
#882 = VECTOR('',#883,1.);
#883 = DIRECTION('',(1.,0.,0.));
#884 = PCURVE('',#197,#885);
#885 = DEFINITIONAL_REPRESENTATION('',(#886),#890);
#886 = LINE('',#887,#888);
#887 = CARTESIAN_POINT('',(0.,0.));
#888 = VECTOR('',#889,1.);
#889 = DIRECTION('',(0.,-1.));
#890 = ( GEOMETRIC_REPRESENTATION_CONTEXT(2) 
PARAMETRIC_REPRESENTATION_CONTEXT() REPRESENTATION_CONTEXT('2D SPACE',''
  ) );
#891 = PCURVE('',#168,#892);
#892 = DEFINITIONAL_REPRESENTATION('',(#893),#897);
#893 = LINE('',#894,#895);
#894 = CARTESIAN_POINT('',(2.511473670975,0.));
#895 = VECTOR('',#896,1.);
#896 = DIRECTION('',(0.,-1.));
#897 = ( GEOMETRIC_REPRESENTATION_CONTEXT(2) 
PARAMETRIC_REPRESENTATION_CONTEXT() REPRESENTATION_CONTEXT('2D SPACE',''
  ) );
#898 = ORIENTED_EDGE('',*,*,#180,.T.);
#899 = ORIENTED_EDGE('',*,*,#374,.T.);
#900 = ORIENTED_EDGE('',*,*,#829,.F.);
#901 = ADVANCED_FACE('',(#902),#361,.T.);
#902 = FACE_BOUND('',#903,.T.);
#903 = EDGE_LOOP('',(#904,#905,#926,#955,#987));
#904 = ORIENTED_EDGE('',*,*,#346,.T.);
#905 = ORIENTED_EDGE('',*,*,#906,.T.);
#906 = EDGE_CURVE('',#210,#907,#909,.T.);
#907 = VERTEX_POINT('',#908);
#908 = CARTESIAN_POINT('',(12.4,0.,80.));
#909 = SURFACE_CURVE('',#910,(#914,#920),.PCURVE_S1.);
#910 = LINE('',#911,#912);
#911 = CARTESIAN_POINT('',(13.,0.,79.4));
#912 = VECTOR('',#913,1.);
#913 = DIRECTION('',(-0.707106781187,0.,0.707106781187));
#914 = PCURVE('',#361,#915);
#915 = DEFINITIONAL_REPRESENTATION('',(#916),#919);
#916 = B_SPLINE_CURVE_WITH_KNOTS('',1,(#917,#918),.UNSPECIFIED.,.F.,.F.,
  (2,2),(0.,0.848528137424),.PIECEWISE_BEZIER_KNOTS.);
#917 = CARTESIAN_POINT('',(-6.28318530718,0.));
#918 = CARTESIAN_POINT('',(-6.28318530718,-0.6));
#919 = ( GEOMETRIC_REPRESENTATION_CONTEXT(2) 
PARAMETRIC_REPRESENTATION_CONTEXT() REPRESENTATION_CONTEXT('2D SPACE',''
  ) );
#920 = PCURVE('',#249,#921);
#921 = DEFINITIONAL_REPRESENTATION('',(#922),#925);
#922 = B_SPLINE_CURVE_WITH_KNOTS('',1,(#923,#924),.UNSPECIFIED.,.F.,.F.,
  (2,2),(0.,0.848528137424),.PIECEWISE_BEZIER_KNOTS.);
#923 = CARTESIAN_POINT('',(0.,0.));
#924 = CARTESIAN_POINT('',(0.,-0.6));
#925 = ( GEOMETRIC_REPRESENTATION_CONTEXT(2) 
PARAMETRIC_REPRESENTATION_CONTEXT() REPRESENTATION_CONTEXT('2D SPACE',''
  ) );
#926 = ORIENTED_EDGE('',*,*,#927,.F.);
#927 = EDGE_CURVE('',#928,#907,#930,.T.);
#928 = VERTEX_POINT('',#929);
#929 = CARTESIAN_POINT('',(7.592810154714E-16,12.4,80.));
#930 = SURFACE_CURVE('',#931,(#936,#943),.PCURVE_S1.);
#931 = CIRCLE('',#932,12.4);
#932 = AXIS2_PLACEMENT_3D('',#933,#934,#935);
#933 = CARTESIAN_POINT('',(0.,0.,80.));
#934 = DIRECTION('',(0.,0.,1.));
#935 = DIRECTION('',(1.,0.,-0.));
#936 = PCURVE('',#361,#937);
#937 = DEFINITIONAL_REPRESENTATION('',(#938),#942);
#938 = LINE('',#939,#940);
#939 = CARTESIAN_POINT('',(-0.,-0.6));
#940 = VECTOR('',#941,1.);
#941 = DIRECTION('',(-1.,-0.));
#942 = ( GEOMETRIC_REPRESENTATION_CONTEXT(2) 
PARAMETRIC_REPRESENTATION_CONTEXT() REPRESENTATION_CONTEXT('2D SPACE',''
  ) );
#943 = PCURVE('',#944,#949);
#944 = PLANE('',#945);
#945 = AXIS2_PLACEMENT_3D('',#946,#947,#948);
#946 = CARTESIAN_POINT('',(-4.207508100121E-16,1.152322960418E-15,80.));
#947 = DIRECTION('',(0.,0.,1.));
#948 = DIRECTION('',(1.,0.,-0.));
#949 = DEFINITIONAL_REPRESENTATION('',(#950),#954);
#950 = CIRCLE('',#951,12.4);
#951 = AXIS2_PLACEMENT_2D('',#952,#953);
#952 = CARTESIAN_POINT('',(4.207508100121E-16,-1.152322960418E-15));
#953 = DIRECTION('',(1.,0.));
#954 = ( GEOMETRIC_REPRESENTATION_CONTEXT(2) 
PARAMETRIC_REPRESENTATION_CONTEXT() REPRESENTATION_CONTEXT('2D SPACE',''
  ) );
#955 = ORIENTED_EDGE('',*,*,#956,.T.);
#956 = EDGE_CURVE('',#928,#957,#959,.T.);
#957 = VERTEX_POINT('',#958);
#958 = CARTESIAN_POINT('',(-0.5,12.4,79.989923449068));
#959 = SURFACE_CURVE('',#960,(#965,#975),.PCURVE_S1.);
#960 = HYPERBOLA('',#961,12.4,12.4);
#961 = AXIS2_PLACEMENT_3D('',#962,#963,#964);
#962 = CARTESIAN_POINT('',(0.,12.4,92.4));
#963 = DIRECTION('',(0.,1.,0.));
#964 = DIRECTION('',(0.,0.,-1.));
#965 = PCURVE('',#361,#966);
#966 = DEFINITIONAL_REPRESENTATION('',(#967),#974);
#967 = B_SPLINE_CURVE_WITH_KNOTS('',5,(#968,#969,#970,#971,#972,#973),
  .UNSPECIFIED.,.F.,.F.,(6,6),(5.314142997516E-11,4.836823509851E-02),
  .PIECEWISE_BEZIER_KNOTS.);
#968 = CARTESIAN_POINT('',(-1.570796326848,-0.6));
#969 = CARTESIAN_POINT('',(-1.580469973857,-0.599999999994));
#970 = CARTESIAN_POINT('',(-1.590143620867,-0.598549518572));
#971 = CARTESIAN_POINT('',(-1.599815381927,-0.595648555703));
#972 = CARTESIAN_POINT('',(-1.6094833711,-0.591296545935));
#973 = CARTESIAN_POINT('',(-1.619145713447,-0.585492357729));
#974 = ( GEOMETRIC_REPRESENTATION_CONTEXT(2) 
PARAMETRIC_REPRESENTATION_CONTEXT() REPRESENTATION_CONTEXT('2D SPACE',''
  ) );
#975 = PCURVE('',#976,#981);
#976 = PLANE('',#977);
#977 = AXIS2_PLACEMENT_3D('',#978,#979,#980);
#978 = CARTESIAN_POINT('',(-0.5,12.4,70.));
#979 = DIRECTION('',(0.,1.,0.));
#980 = DIRECTION('',(0.,0.,1.));
#981 = DEFINITIONAL_REPRESENTATION('',(#982),#986);
#982 = ( BOUNDED_CURVE() B_SPLINE_CURVE(2,(#983,#984,#985),
.UNSPECIFIED.,.F.,.F.) B_SPLINE_CURVE_WITH_KNOTS((3,3),(
    5.314142997516E-11,4.836823509851E-02),.PIECEWISE_BEZIER_KNOTS.) 
CURVE() GEOMETRIC_REPRESENTATION_ITEM() RATIONAL_B_SPLINE_CURVE((1.,
1.000292450024,1.)) REPRESENTATION_ITEM('') );
#983 = CARTESIAN_POINT('',(10.,0.499999999341));
#984 = CARTESIAN_POINT('',(9.999999999984,0.200175392741));
#985 = CARTESIAN_POINT('',(9.985492357729,-0.1));
#986 = ( GEOMETRIC_REPRESENTATION_CONTEXT(2) 
PARAMETRIC_REPRESENTATION_CONTEXT() REPRESENTATION_CONTEXT('2D SPACE',''
  ) );
#987 = ORIENTED_EDGE('',*,*,#988,.T.);
#988 = EDGE_CURVE('',#957,#321,#989,.T.);
#989 = SURFACE_CURVE('',#990,(#995,#1005),.PCURVE_S1.);
#990 = HYPERBOLA('',#991,0.5,0.5);
#991 = AXIS2_PLACEMENT_3D('',#992,#993,#994);
#992 = CARTESIAN_POINT('',(-0.5,0.,92.4));
#993 = DIRECTION('',(1.,0.,0.));
#994 = DIRECTION('',(0.,0.,-1.));
#995 = PCURVE('',#361,#996);
#996 = DEFINITIONAL_REPRESENTATION('',(#997),#1004);
#997 = B_SPLINE_CURVE_WITH_KNOTS('',5,(#998,#999,#1000,#1001,#1002,#1003
    ),.UNSPECIFIED.,.F.,.F.,(6,6),(3.903584108043,3.950873690774),
  .PIECEWISE_BEZIER_KNOTS.);
#998 = CARTESIAN_POINT('',(-1.61112984226,-0.6));
#999 = CARTESIAN_POINT('',(-1.610748474658,-0.482817215513));
#1000 = CARTESIAN_POINT('',(-1.610371612067,-0.364247922157));
#1001 = CARTESIAN_POINT('',(-1.609999183648,-0.244270281869));
#1002 = CARTESIAN_POINT('',(-1.609631120223,-0.122861939939));
#1003 = CARTESIAN_POINT('',(-1.609267354202,7.105427357601E-15));
#1004 = ( GEOMETRIC_REPRESENTATION_CONTEXT(2) 
PARAMETRIC_REPRESENTATION_CONTEXT() REPRESENTATION_CONTEXT('2D SPACE',''
  ) );
#1005 = PCURVE('',#335,#1006);
#1006 = DEFINITIONAL_REPRESENTATION('',(#1007),#1011);
#1007 = ( BOUNDED_CURVE() B_SPLINE_CURVE(2,(#1008,#1009,#1010),
.UNSPECIFIED.,.F.,.F.) B_SPLINE_CURVE_WITH_KNOTS((3,3),(3.903584108043,
3.950873690774),.PIECEWISE_BEZIER_KNOTS.) CURVE() 
GEOMETRIC_REPRESENTATION_ITEM() RATIONAL_B_SPLINE_CURVE((1.,
1.000279551103,1.)) REPRESENTATION_ITEM('') );
#1008 = CARTESIAN_POINT('',(10.,1.008474605254E-02));
#1009 = CARTESIAN_POINT('',(9.707097621661,-0.283056039576));
#1010 = CARTESIAN_POINT('',(9.4,-0.590381056767));
#1011 = ( GEOMETRIC_REPRESENTATION_CONTEXT(2) 
PARAMETRIC_REPRESENTATION_CONTEXT() REPRESENTATION_CONTEXT('2D SPACE',''
  ) );
#1012 = ADVANCED_FACE('',(#1013),#335,.T.);
#1013 = FACE_BOUND('',#1014,.T.);
#1014 = EDGE_LOOP('',(#1015,#1038,#1059,#1060));
#1015 = ORIENTED_EDGE('',*,*,#1016,.F.);
#1016 = EDGE_CURVE('',#1017,#957,#1019,.T.);
#1017 = VERTEX_POINT('',#1018);
#1018 = CARTESIAN_POINT('',(-0.5,12.4,70.));
#1019 = SURFACE_CURVE('',#1020,(#1024,#1031),.PCURVE_S1.);
#1020 = LINE('',#1021,#1022);
#1021 = CARTESIAN_POINT('',(-0.5,12.4,70.));
#1022 = VECTOR('',#1023,1.);
#1023 = DIRECTION('',(0.,0.,1.));
#1024 = PCURVE('',#335,#1025);
#1025 = DEFINITIONAL_REPRESENTATION('',(#1026),#1030);
#1026 = LINE('',#1027,#1028);
#1027 = CARTESIAN_POINT('',(0.,0.));
#1028 = VECTOR('',#1029,1.);
#1029 = DIRECTION('',(1.,0.));
#1030 = ( GEOMETRIC_REPRESENTATION_CONTEXT(2) 
PARAMETRIC_REPRESENTATION_CONTEXT() REPRESENTATION_CONTEXT('2D SPACE',''
  ) );
#1031 = PCURVE('',#976,#1032);
#1032 = DEFINITIONAL_REPRESENTATION('',(#1033),#1037);
#1033 = LINE('',#1034,#1035);
#1034 = CARTESIAN_POINT('',(0.,0.));
#1035 = VECTOR('',#1036,1.);
#1036 = DIRECTION('',(1.,0.));
#1037 = ( GEOMETRIC_REPRESENTATION_CONTEXT(2) 
PARAMETRIC_REPRESENTATION_CONTEXT() REPRESENTATION_CONTEXT('2D SPACE',''
  ) );
#1038 = ORIENTED_EDGE('',*,*,#1039,.T.);
#1039 = EDGE_CURVE('',#1017,#288,#1040,.T.);
#1040 = SURFACE_CURVE('',#1041,(#1045,#1052),.PCURVE_S1.);
#1041 = LINE('',#1042,#1043);
#1042 = CARTESIAN_POINT('',(-0.5,12.4,70.));
#1043 = VECTOR('',#1044,1.);
#1044 = DIRECTION('',(0.,1.,0.));
#1045 = PCURVE('',#335,#1046);
#1046 = DEFINITIONAL_REPRESENTATION('',(#1047),#1051);
#1047 = LINE('',#1048,#1049);
#1048 = CARTESIAN_POINT('',(0.,0.));
#1049 = VECTOR('',#1050,1.);
#1050 = DIRECTION('',(0.,-1.));
#1051 = ( GEOMETRIC_REPRESENTATION_CONTEXT(2) 
PARAMETRIC_REPRESENTATION_CONTEXT() REPRESENTATION_CONTEXT('2D SPACE',''
  ) );
#1052 = PCURVE('',#304,#1053);
#1053 = DEFINITIONAL_REPRESENTATION('',(#1054),#1058);
#1054 = LINE('',#1055,#1056);
#1055 = CARTESIAN_POINT('',(0.,0.));
#1056 = VECTOR('',#1057,1.);
#1057 = DIRECTION('',(0.,1.));
#1058 = ( GEOMETRIC_REPRESENTATION_CONTEXT(2) 
PARAMETRIC_REPRESENTATION_CONTEXT() REPRESENTATION_CONTEXT('2D SPACE',''
  ) );
#1059 = ORIENTED_EDGE('',*,*,#320,.F.);
#1060 = ORIENTED_EDGE('',*,*,#988,.F.);
#1061 = ADVANCED_FACE('',(#1062),#304,.T.);
#1062 = FACE_BOUND('',#1063,.T.);
#1063 = EDGE_LOOP('',(#1064,#1065,#1088,#1109));
#1064 = ORIENTED_EDGE('',*,*,#1039,.F.);
#1065 = ORIENTED_EDGE('',*,*,#1066,.T.);
#1066 = EDGE_CURVE('',#1017,#1067,#1069,.T.);
#1067 = VERTEX_POINT('',#1068);
#1068 = CARTESIAN_POINT('',(0.5,12.4,70.));
#1069 = SURFACE_CURVE('',#1070,(#1074,#1081),.PCURVE_S1.);
#1070 = LINE('',#1071,#1072);
#1071 = CARTESIAN_POINT('',(-0.5,12.4,70.));
#1072 = VECTOR('',#1073,1.);
#1073 = DIRECTION('',(1.,0.,0.));
#1074 = PCURVE('',#304,#1075);
#1075 = DEFINITIONAL_REPRESENTATION('',(#1076),#1080);
#1076 = LINE('',#1077,#1078);
#1077 = CARTESIAN_POINT('',(0.,0.));
#1078 = VECTOR('',#1079,1.);
#1079 = DIRECTION('',(1.,0.));
#1080 = ( GEOMETRIC_REPRESENTATION_CONTEXT(2) 
PARAMETRIC_REPRESENTATION_CONTEXT() REPRESENTATION_CONTEXT('2D SPACE',''
  ) );
#1081 = PCURVE('',#976,#1082);
#1082 = DEFINITIONAL_REPRESENTATION('',(#1083),#1087);
#1083 = LINE('',#1084,#1085);
#1084 = CARTESIAN_POINT('',(0.,0.));
#1085 = VECTOR('',#1086,1.);
#1086 = DIRECTION('',(0.,1.));
#1087 = ( GEOMETRIC_REPRESENTATION_CONTEXT(2) 
PARAMETRIC_REPRESENTATION_CONTEXT() REPRESENTATION_CONTEXT('2D SPACE',''
  ) );
#1088 = ORIENTED_EDGE('',*,*,#1089,.T.);
#1089 = EDGE_CURVE('',#1067,#262,#1090,.T.);
#1090 = SURFACE_CURVE('',#1091,(#1095,#1102),.PCURVE_S1.);
#1091 = LINE('',#1092,#1093);
#1092 = CARTESIAN_POINT('',(0.5,12.4,70.));
#1093 = VECTOR('',#1094,1.);
#1094 = DIRECTION('',(0.,1.,0.));
#1095 = PCURVE('',#304,#1096);
#1096 = DEFINITIONAL_REPRESENTATION('',(#1097),#1101);
#1097 = LINE('',#1098,#1099);
#1098 = CARTESIAN_POINT('',(1.,0.));
#1099 = VECTOR('',#1100,1.);
#1100 = DIRECTION('',(0.,1.));
#1101 = ( GEOMETRIC_REPRESENTATION_CONTEXT(2) 
PARAMETRIC_REPRESENTATION_CONTEXT() REPRESENTATION_CONTEXT('2D SPACE',''
  ) );
#1102 = PCURVE('',#276,#1103);
#1103 = DEFINITIONAL_REPRESENTATION('',(#1104),#1108);
#1104 = LINE('',#1105,#1106);
#1105 = CARTESIAN_POINT('',(0.,0.));
#1106 = VECTOR('',#1107,1.);
#1107 = DIRECTION('',(0.,-1.));
#1108 = ( GEOMETRIC_REPRESENTATION_CONTEXT(2) 
PARAMETRIC_REPRESENTATION_CONTEXT() REPRESENTATION_CONTEXT('2D SPACE',''
  ) );
#1109 = ORIENTED_EDGE('',*,*,#287,.F.);
#1110 = ADVANCED_FACE('',(#1111),#276,.F.);
#1111 = FACE_BOUND('',#1112,.F.);
#1112 = EDGE_LOOP('',(#1113,#1136,#1137,#1138));
#1113 = ORIENTED_EDGE('',*,*,#1114,.F.);
#1114 = EDGE_CURVE('',#1067,#1115,#1117,.T.);
#1115 = VERTEX_POINT('',#1116);
#1116 = CARTESIAN_POINT('',(0.5,12.4,79.989923449068));
#1117 = SURFACE_CURVE('',#1118,(#1122,#1129),.PCURVE_S1.);
#1118 = LINE('',#1119,#1120);
#1119 = CARTESIAN_POINT('',(0.5,12.4,70.));
#1120 = VECTOR('',#1121,1.);
#1121 = DIRECTION('',(0.,0.,1.));
#1122 = PCURVE('',#276,#1123);
#1123 = DEFINITIONAL_REPRESENTATION('',(#1124),#1128);
#1124 = LINE('',#1125,#1126);
#1125 = CARTESIAN_POINT('',(0.,0.));
#1126 = VECTOR('',#1127,1.);
#1127 = DIRECTION('',(1.,0.));
#1128 = ( GEOMETRIC_REPRESENTATION_CONTEXT(2) 
PARAMETRIC_REPRESENTATION_CONTEXT() REPRESENTATION_CONTEXT('2D SPACE',''
  ) );
#1129 = PCURVE('',#976,#1130);
#1130 = DEFINITIONAL_REPRESENTATION('',(#1131),#1135);
#1131 = LINE('',#1132,#1133);
#1132 = CARTESIAN_POINT('',(0.,1.));
#1133 = VECTOR('',#1134,1.);
#1134 = DIRECTION('',(1.,0.));
#1135 = ( GEOMETRIC_REPRESENTATION_CONTEXT(2) 
PARAMETRIC_REPRESENTATION_CONTEXT() REPRESENTATION_CONTEXT('2D SPACE',''
  ) );
#1136 = ORIENTED_EDGE('',*,*,#1089,.T.);
#1137 = ORIENTED_EDGE('',*,*,#261,.F.);
#1138 = ORIENTED_EDGE('',*,*,#1139,.F.);
#1139 = EDGE_CURVE('',#1115,#233,#1140,.T.);
#1140 = SURFACE_CURVE('',#1141,(#1146,#1153),.PCURVE_S1.);
#1141 = HYPERBOLA('',#1142,0.5,0.5);
#1142 = AXIS2_PLACEMENT_3D('',#1143,#1144,#1145);
#1143 = CARTESIAN_POINT('',(0.5,0.,92.4));
#1144 = DIRECTION('',(1.,0.,0.));
#1145 = DIRECTION('',(0.,0.,-1.));
#1146 = PCURVE('',#276,#1147);
#1147 = DEFINITIONAL_REPRESENTATION('',(#1148),#1152);
#1148 = ( BOUNDED_CURVE() B_SPLINE_CURVE(2,(#1149,#1150,#1151),
.UNSPECIFIED.,.F.,.F.) B_SPLINE_CURVE_WITH_KNOTS((3,3),(3.903584108043,
3.950873690774),.PIECEWISE_BEZIER_KNOTS.) CURVE() 
GEOMETRIC_REPRESENTATION_ITEM() RATIONAL_B_SPLINE_CURVE((1.,
1.000279551103,1.)) REPRESENTATION_ITEM('') );
#1149 = CARTESIAN_POINT('',(10.,1.008474605254E-02));
#1150 = CARTESIAN_POINT('',(9.707097621661,-0.283056039576));
#1151 = CARTESIAN_POINT('',(9.4,-0.590381056767));
#1152 = ( GEOMETRIC_REPRESENTATION_CONTEXT(2) 
PARAMETRIC_REPRESENTATION_CONTEXT() REPRESENTATION_CONTEXT('2D SPACE',''
  ) );
#1153 = PCURVE('',#249,#1154);
#1154 = DEFINITIONAL_REPRESENTATION('',(#1155),#1162);
#1155 = B_SPLINE_CURVE_WITH_KNOTS('',5,(#1156,#1157,#1158,#1159,#1160,
    #1161),.UNSPECIFIED.,.F.,.F.,(6,6),(3.903584108043,3.950873690774),
  .PIECEWISE_BEZIER_KNOTS.);
#1156 = CARTESIAN_POINT('',(-1.530462811329,-0.6));
#1157 = CARTESIAN_POINT('',(-1.530844178932,-0.482817215513));
#1158 = CARTESIAN_POINT('',(-1.531221041523,-0.364247922157));
#1159 = CARTESIAN_POINT('',(-1.531593469942,-0.244270281869));
#1160 = CARTESIAN_POINT('',(-1.531961533367,-0.122861939939));
#1161 = CARTESIAN_POINT('',(-1.532325299388,7.105427357601E-15));
#1162 = ( GEOMETRIC_REPRESENTATION_CONTEXT(2) 
PARAMETRIC_REPRESENTATION_CONTEXT() REPRESENTATION_CONTEXT('2D SPACE',''
  ) );
#1163 = ADVANCED_FACE('',(#1164),#249,.T.);
#1164 = FACE_BOUND('',#1165,.T.);
#1165 = EDGE_LOOP('',(#1166,#1167,#1168,#1193,#1215));
#1166 = ORIENTED_EDGE('',*,*,#232,.T.);
#1167 = ORIENTED_EDGE('',*,*,#1139,.F.);
#1168 = ORIENTED_EDGE('',*,*,#1169,.T.);
#1169 = EDGE_CURVE('',#1115,#928,#1170,.T.);
#1170 = SURFACE_CURVE('',#1171,(#1176,#1186),.PCURVE_S1.);
#1171 = HYPERBOLA('',#1172,12.4,12.4);
#1172 = AXIS2_PLACEMENT_3D('',#1173,#1174,#1175);
#1173 = CARTESIAN_POINT('',(0.,12.4,92.4));
#1174 = DIRECTION('',(0.,1.,0.));
#1175 = DIRECTION('',(0.,0.,-1.));
#1176 = PCURVE('',#249,#1177);
#1177 = DEFINITIONAL_REPRESENTATION('',(#1178),#1185);
#1178 = B_SPLINE_CURVE_WITH_KNOTS('',5,(#1179,#1180,#1181,#1182,#1183,
    #1184),.UNSPECIFIED.,.F.,.F.,(6,6),(-4.836823509851E-02,
    5.314142997516E-11),.PIECEWISE_BEZIER_KNOTS.);
#1179 = CARTESIAN_POINT('',(-1.522446940143,-0.585492357729));
#1180 = CARTESIAN_POINT('',(-1.532109282512,-0.591296545947));
#1181 = CARTESIAN_POINT('',(-1.541777271706,-0.595648555723));
#1182 = CARTESIAN_POINT('',(-1.551449032787,-0.598549518591));
#1183 = CARTESIAN_POINT('',(-1.561122679818,-0.600000000006));
#1184 = CARTESIAN_POINT('',(-1.570796326848,-0.6));
#1185 = ( GEOMETRIC_REPRESENTATION_CONTEXT(2) 
PARAMETRIC_REPRESENTATION_CONTEXT() REPRESENTATION_CONTEXT('2D SPACE',''
  ) );
#1186 = PCURVE('',#976,#1187);
#1187 = DEFINITIONAL_REPRESENTATION('',(#1188),#1192);
#1188 = ( BOUNDED_CURVE() B_SPLINE_CURVE(2,(#1189,#1190,#1191),
.UNSPECIFIED.,.F.,.F.) B_SPLINE_CURVE_WITH_KNOTS((3,3),(
    -4.836823509851E-02,5.314142997516E-11),.PIECEWISE_BEZIER_KNOTS.) 
CURVE() GEOMETRIC_REPRESENTATION_ITEM() RATIONAL_B_SPLINE_CURVE((1.,
1.000292450025,1.)) REPRESENTATION_ITEM('') );
#1189 = CARTESIAN_POINT('',(9.985492357729,1.1));
#1190 = CARTESIAN_POINT('',(10.000000000016,0.7998246066));
#1191 = CARTESIAN_POINT('',(10.,0.499999999341));
#1192 = ( GEOMETRIC_REPRESENTATION_CONTEXT(2) 
PARAMETRIC_REPRESENTATION_CONTEXT() REPRESENTATION_CONTEXT('2D SPACE',''
  ) );
#1193 = ORIENTED_EDGE('',*,*,#1194,.F.);
#1194 = EDGE_CURVE('',#907,#928,#1195,.T.);
#1195 = SURFACE_CURVE('',#1196,(#1201,#1208),.PCURVE_S1.);
#1196 = CIRCLE('',#1197,12.4);
#1197 = AXIS2_PLACEMENT_3D('',#1198,#1199,#1200);
#1198 = CARTESIAN_POINT('',(0.,0.,80.));
#1199 = DIRECTION('',(0.,0.,1.));
#1200 = DIRECTION('',(1.,0.,-0.));
#1201 = PCURVE('',#249,#1202);
#1202 = DEFINITIONAL_REPRESENTATION('',(#1203),#1207);
#1203 = LINE('',#1204,#1205);
#1204 = CARTESIAN_POINT('',(-0.,-0.6));
#1205 = VECTOR('',#1206,1.);
#1206 = DIRECTION('',(-1.,-0.));
#1207 = ( GEOMETRIC_REPRESENTATION_CONTEXT(2) 
PARAMETRIC_REPRESENTATION_CONTEXT() REPRESENTATION_CONTEXT('2D SPACE',''
  ) );
#1208 = PCURVE('',#944,#1209);
#1209 = DEFINITIONAL_REPRESENTATION('',(#1210),#1214);
#1210 = CIRCLE('',#1211,12.4);
#1211 = AXIS2_PLACEMENT_2D('',#1212,#1213);
#1212 = CARTESIAN_POINT('',(4.207508100121E-16,-1.152322960418E-15));
#1213 = DIRECTION('',(1.,0.));
#1214 = ( GEOMETRIC_REPRESENTATION_CONTEXT(2) 
PARAMETRIC_REPRESENTATION_CONTEXT() REPRESENTATION_CONTEXT('2D SPACE',''
  ) );
#1215 = ORIENTED_EDGE('',*,*,#906,.F.);
#1216 = ADVANCED_FACE('',(#1217),#168,.T.);
#1217 = FACE_BOUND('',#1218,.T.);
#1218 = EDGE_LOOP('',(#1219,#1242,#1263,#1264));
#1219 = ORIENTED_EDGE('',*,*,#1220,.F.);
#1220 = EDGE_CURVE('',#1221,#856,#1223,.T.);
#1221 = VERTEX_POINT('',#1222);
#1222 = CARTESIAN_POINT('',(8.5,2.511473670975,74.6));
#1223 = SURFACE_CURVE('',#1224,(#1228,#1235),.PCURVE_S1.);
#1224 = LINE('',#1225,#1226);
#1225 = CARTESIAN_POINT('',(8.5,2.511473670975,74.6));
#1226 = VECTOR('',#1227,1.);
#1227 = DIRECTION('',(0.,-0.5,0.866025403784));
#1228 = PCURVE('',#168,#1229);
#1229 = DEFINITIONAL_REPRESENTATION('',(#1230),#1234);
#1230 = LINE('',#1231,#1232);
#1231 = CARTESIAN_POINT('',(0.,0.));
#1232 = VECTOR('',#1233,1.);
#1233 = DIRECTION('',(1.,0.));
#1234 = ( GEOMETRIC_REPRESENTATION_CONTEXT(2) 
PARAMETRIC_REPRESENTATION_CONTEXT() REPRESENTATION_CONTEXT('2D SPACE',''
  ) );
#1235 = PCURVE('',#698,#1236);
#1236 = DEFINITIONAL_REPRESENTATION('',(#1237),#1241);
#1237 = LINE('',#1238,#1239);
#1238 = CARTESIAN_POINT('',(0.,-2.511473670975));
#1239 = VECTOR('',#1240,1.);
#1240 = DIRECTION('',(0.866025403784,0.5));
#1241 = ( GEOMETRIC_REPRESENTATION_CONTEXT(2) 
PARAMETRIC_REPRESENTATION_CONTEXT() REPRESENTATION_CONTEXT('2D SPACE',''
  ) );
#1242 = ORIENTED_EDGE('',*,*,#1243,.T.);
#1243 = EDGE_CURVE('',#1221,#117,#1244,.T.);
#1244 = SURFACE_CURVE('',#1245,(#1249,#1256),.PCURVE_S1.);
#1245 = LINE('',#1246,#1247);
#1246 = CARTESIAN_POINT('',(8.5,2.511473670975,74.6));
#1247 = VECTOR('',#1248,1.);
#1248 = DIRECTION('',(1.,0.,0.));
#1249 = PCURVE('',#168,#1250);
#1250 = DEFINITIONAL_REPRESENTATION('',(#1251),#1255);
#1251 = LINE('',#1252,#1253);
#1252 = CARTESIAN_POINT('',(0.,0.));
#1253 = VECTOR('',#1254,1.);
#1254 = DIRECTION('',(0.,-1.));
#1255 = ( GEOMETRIC_REPRESENTATION_CONTEXT(2) 
PARAMETRIC_REPRESENTATION_CONTEXT() REPRESENTATION_CONTEXT('2D SPACE',''
  ) );
#1256 = PCURVE('',#136,#1257);
#1257 = DEFINITIONAL_REPRESENTATION('',(#1258),#1262);
#1258 = LINE('',#1259,#1260);
#1259 = CARTESIAN_POINT('',(2.511473670975,0.));
#1260 = VECTOR('',#1261,1.);
#1261 = DIRECTION('',(0.,-1.));
#1262 = ( GEOMETRIC_REPRESENTATION_CONTEXT(2) 
PARAMETRIC_REPRESENTATION_CONTEXT() REPRESENTATION_CONTEXT('2D SPACE',''
  ) );
#1263 = ORIENTED_EDGE('',*,*,#148,.T.);
#1264 = ORIENTED_EDGE('',*,*,#878,.F.);
#1265 = ADVANCED_FACE('',(#1266),#136,.T.);
#1266 = FACE_BOUND('',#1267,.T.);
#1267 = EDGE_LOOP('',(#1268,#1289,#1290,#1291));
#1268 = ORIENTED_EDGE('',*,*,#1269,.F.);
#1269 = EDGE_CURVE('',#683,#1221,#1270,.T.);
#1270 = SURFACE_CURVE('',#1271,(#1275,#1282),.PCURVE_S1.);
#1271 = LINE('',#1272,#1273);
#1272 = CARTESIAN_POINT('',(8.5,1.255736835487,72.425));
#1273 = VECTOR('',#1274,1.);
#1274 = DIRECTION('',(0.,0.5,0.866025403784));
#1275 = PCURVE('',#136,#1276);
#1276 = DEFINITIONAL_REPRESENTATION('',(#1277),#1281);
#1277 = LINE('',#1278,#1279);
#1278 = CARTESIAN_POINT('',(0.,0.));
#1279 = VECTOR('',#1280,1.);
#1280 = DIRECTION('',(1.,0.));
#1281 = ( GEOMETRIC_REPRESENTATION_CONTEXT(2) 
PARAMETRIC_REPRESENTATION_CONTEXT() REPRESENTATION_CONTEXT('2D SPACE',''
  ) );
#1282 = PCURVE('',#698,#1283);
#1283 = DEFINITIONAL_REPRESENTATION('',(#1284),#1288);
#1284 = LINE('',#1285,#1286);
#1285 = CARTESIAN_POINT('',(-2.175,-1.255736835487));
#1286 = VECTOR('',#1287,1.);
#1287 = DIRECTION('',(0.866025403784,-0.5));
#1288 = ( GEOMETRIC_REPRESENTATION_CONTEXT(2) 
PARAMETRIC_REPRESENTATION_CONTEXT() REPRESENTATION_CONTEXT('2D SPACE',''
  ) );
#1289 = ORIENTED_EDGE('',*,*,#733,.T.);
#1290 = ORIENTED_EDGE('',*,*,#116,.T.);
#1291 = ORIENTED_EDGE('',*,*,#1243,.F.);
#1292 = ADVANCED_FACE('',(#1293,#1324),#66,.T.);
#1293 = FACE_BOUND('',#1294,.T.);
#1294 = EDGE_LOOP('',(#1295));
#1295 = ORIENTED_EDGE('',*,*,#1296,.T.);
#1296 = EDGE_CURVE('',#1297,#1297,#1299,.T.);
#1297 = VERTEX_POINT('',#1298);
#1298 = CARTESIAN_POINT('',(19.,0.,69.));
#1299 = SURFACE_CURVE('',#1300,(#1305,#1312),.PCURVE_S1.);
#1300 = CIRCLE('',#1301,19.);
#1301 = AXIS2_PLACEMENT_3D('',#1302,#1303,#1304);
#1302 = CARTESIAN_POINT('',(0.,0.,69.));
#1303 = DIRECTION('',(0.,0.,1.));
#1304 = DIRECTION('',(1.,0.,0.));
#1305 = PCURVE('',#66,#1306);
#1306 = DEFINITIONAL_REPRESENTATION('',(#1307),#1311);
#1307 = CIRCLE('',#1308,19.);
#1308 = AXIS2_PLACEMENT_2D('',#1309,#1310);
#1309 = CARTESIAN_POINT('',(1.727292798997E-15,-3.759188932048E-16));
#1310 = DIRECTION('',(1.,0.));
#1311 = ( GEOMETRIC_REPRESENTATION_CONTEXT(2) 
PARAMETRIC_REPRESENTATION_CONTEXT() REPRESENTATION_CONTEXT('2D SPACE',''
  ) );
#1312 = PCURVE('',#1313,#1318);
#1313 = CYLINDRICAL_SURFACE('',#1314,19.);
#1314 = AXIS2_PLACEMENT_3D('',#1315,#1316,#1317);
#1315 = CARTESIAN_POINT('',(0.,0.,65.));
#1316 = DIRECTION('',(-0.,-0.,-1.));
#1317 = DIRECTION('',(1.,0.,0.));
#1318 = DEFINITIONAL_REPRESENTATION('',(#1319),#1323);
#1319 = LINE('',#1320,#1321);
#1320 = CARTESIAN_POINT('',(-0.,-4.));
#1321 = VECTOR('',#1322,1.);
#1322 = DIRECTION('',(-1.,0.));
#1323 = ( GEOMETRIC_REPRESENTATION_CONTEXT(2) 
PARAMETRIC_REPRESENTATION_CONTEXT() REPRESENTATION_CONTEXT('2D SPACE',''
  ) );
#1324 = FACE_BOUND('',#1325,.T.);
#1325 = EDGE_LOOP('',(#1326));
#1326 = ORIENTED_EDGE('',*,*,#51,.T.);
#1327 = ADVANCED_FACE('',(#1328),#612,.F.);
#1328 = FACE_BOUND('',#1329,.T.);
#1329 = EDGE_LOOP('',(#1330,#1331,#1354,#1381));
#1330 = ORIENTED_EDGE('',*,*,#490,.F.);
#1331 = ORIENTED_EDGE('',*,*,#1332,.T.);
#1332 = EDGE_CURVE('',#491,#1333,#1335,.T.);
#1333 = VERTEX_POINT('',#1334);
#1334 = CARTESIAN_POINT('',(-9.,2.2,74.6));
#1335 = SEAM_CURVE('',#1336,(#1340,#1347),.PCURVE_S1.);
#1336 = LINE('',#1337,#1338);
#1337 = CARTESIAN_POINT('',(-14.,2.2,74.6));
#1338 = VECTOR('',#1339,1.);
#1339 = DIRECTION('',(1.,0.,0.));
#1340 = PCURVE('',#612,#1341);
#1341 = DEFINITIONAL_REPRESENTATION('',(#1342),#1346);
#1342 = LINE('',#1343,#1344);
#1343 = CARTESIAN_POINT('',(-6.28318530718,0.));
#1344 = VECTOR('',#1345,1.);
#1345 = DIRECTION('',(-0.,-1.));
#1346 = ( GEOMETRIC_REPRESENTATION_CONTEXT(2) 
PARAMETRIC_REPRESENTATION_CONTEXT() REPRESENTATION_CONTEXT('2D SPACE',''
  ) );
#1347 = PCURVE('',#612,#1348);
#1348 = DEFINITIONAL_REPRESENTATION('',(#1349),#1353);
#1349 = LINE('',#1350,#1351);
#1350 = CARTESIAN_POINT('',(-0.,0.));
#1351 = VECTOR('',#1352,1.);
#1352 = DIRECTION('',(-0.,-1.));
#1353 = ( GEOMETRIC_REPRESENTATION_CONTEXT(2) 
PARAMETRIC_REPRESENTATION_CONTEXT() REPRESENTATION_CONTEXT('2D SPACE',''
  ) );
#1354 = ORIENTED_EDGE('',*,*,#1355,.T.);
#1355 = EDGE_CURVE('',#1333,#1333,#1356,.T.);
#1356 = SURFACE_CURVE('',#1357,(#1362,#1369),.PCURVE_S1.);
#1357 = CIRCLE('',#1358,2.2);
#1358 = AXIS2_PLACEMENT_3D('',#1359,#1360,#1361);
#1359 = CARTESIAN_POINT('',(-9.,0.,74.6));
#1360 = DIRECTION('',(1.,0.,0.));
#1361 = DIRECTION('',(0.,1.,0.));
#1362 = PCURVE('',#612,#1363);
#1363 = DEFINITIONAL_REPRESENTATION('',(#1364),#1368);
#1364 = LINE('',#1365,#1366);
#1365 = CARTESIAN_POINT('',(-0.,-5.));
#1366 = VECTOR('',#1367,1.);
#1367 = DIRECTION('',(-1.,0.));
#1368 = ( GEOMETRIC_REPRESENTATION_CONTEXT(2) 
PARAMETRIC_REPRESENTATION_CONTEXT() REPRESENTATION_CONTEXT('2D SPACE',''
  ) );
#1369 = PCURVE('',#1370,#1375);
#1370 = PLANE('',#1371);
#1371 = AXIS2_PLACEMENT_3D('',#1372,#1373,#1374);
#1372 = CARTESIAN_POINT('',(-9.,-6.992591586849E-16,74.6));
#1373 = DIRECTION('',(1.,0.,0.));
#1374 = DIRECTION('',(-0.,0.,1.));
#1375 = DEFINITIONAL_REPRESENTATION('',(#1376),#1380);
#1376 = CIRCLE('',#1377,2.2);
#1377 = AXIS2_PLACEMENT_2D('',#1378,#1379);
#1378 = CARTESIAN_POINT('',(0.,-6.992591586849E-16));
#1379 = DIRECTION('',(0.,-1.));
#1380 = ( GEOMETRIC_REPRESENTATION_CONTEXT(2) 
PARAMETRIC_REPRESENTATION_CONTEXT() REPRESENTATION_CONTEXT('2D SPACE',''
  ) );
#1381 = ORIENTED_EDGE('',*,*,#1332,.F.);
#1382 = ADVANCED_FACE('',(#1383,#1391),#698,.T.);
#1383 = FACE_BOUND('',#1384,.T.);
#1384 = EDGE_LOOP('',(#1385,#1386,#1387,#1388,#1389,#1390));
#1385 = ORIENTED_EDGE('',*,*,#1220,.T.);
#1386 = ORIENTED_EDGE('',*,*,#855,.T.);
#1387 = ORIENTED_EDGE('',*,*,#806,.T.);
#1388 = ORIENTED_EDGE('',*,*,#757,.T.);
#1389 = ORIENTED_EDGE('',*,*,#680,.T.);
#1390 = ORIENTED_EDGE('',*,*,#1269,.T.);
#1391 = FACE_BOUND('',#1392,.T.);
#1392 = EDGE_LOOP('',(#1393));
#1393 = ORIENTED_EDGE('',*,*,#1394,.T.);
#1394 = EDGE_CURVE('',#1395,#1395,#1397,.T.);
#1395 = VERTEX_POINT('',#1396);
#1396 = CARTESIAN_POINT('',(8.5,1.125,74.6));
#1397 = SURFACE_CURVE('',#1398,(#1403,#1414),.PCURVE_S1.);
#1398 = CIRCLE('',#1399,1.125);
#1399 = AXIS2_PLACEMENT_3D('',#1400,#1401,#1402);
#1400 = CARTESIAN_POINT('',(8.5,0.,74.6));
#1401 = DIRECTION('',(-1.,0.,0.));
#1402 = DIRECTION('',(0.,1.,0.));
#1403 = PCURVE('',#698,#1404);
#1404 = DEFINITIONAL_REPRESENTATION('',(#1405),#1413);
#1405 = ( BOUNDED_CURVE() B_SPLINE_CURVE(2,(#1406,#1407,#1408,#1409,
#1410,#1411,#1412),.UNSPECIFIED.,.T.,.F.) B_SPLINE_CURVE_WITH_KNOTS((1,2
    ,2,2,2,1),(-2.094395102393,0.,2.094395102393,4.188790204786,
6.28318530718,8.377580409573),.UNSPECIFIED.) CURVE() 
GEOMETRIC_REPRESENTATION_ITEM() RATIONAL_B_SPLINE_CURVE((1.,0.5,1.,0.5,
1.,0.5,1.)) REPRESENTATION_ITEM('') );
#1406 = CARTESIAN_POINT('',(0.,-1.125));
#1407 = CARTESIAN_POINT('',(-1.948557158515,-1.125));
#1408 = CARTESIAN_POINT('',(-0.974278579257,0.5625));
#1409 = CARTESIAN_POINT('',(-2.755455298082E-16,2.25));
#1410 = CARTESIAN_POINT('',(0.974278579257,0.5625));
#1411 = CARTESIAN_POINT('',(1.948557158515,-1.125));
#1412 = CARTESIAN_POINT('',(0.,-1.125));
#1413 = ( GEOMETRIC_REPRESENTATION_CONTEXT(2) 
PARAMETRIC_REPRESENTATION_CONTEXT() REPRESENTATION_CONTEXT('2D SPACE',''
  ) );
#1414 = PCURVE('',#1415,#1420);
#1415 = CYLINDRICAL_SURFACE('',#1416,1.125);
#1416 = AXIS2_PLACEMENT_3D('',#1417,#1418,#1419);
#1417 = CARTESIAN_POINT('',(-14.,0.,74.6));
#1418 = DIRECTION('',(-1.,-0.,-0.));
#1419 = DIRECTION('',(0.,1.,0.));
#1420 = DEFINITIONAL_REPRESENTATION('',(#1421),#1425);
#1421 = LINE('',#1422,#1423);
#1422 = CARTESIAN_POINT('',(-6.28318530718,-22.5));
#1423 = VECTOR('',#1424,1.);
#1424 = DIRECTION('',(1.,-0.));
#1425 = ( GEOMETRIC_REPRESENTATION_CONTEXT(2) 
PARAMETRIC_REPRESENTATION_CONTEXT() REPRESENTATION_CONTEXT('2D SPACE',''
  ) );
#1426 = ADVANCED_FACE('',(#1427),#976,.T.);
#1427 = FACE_BOUND('',#1428,.T.);
#1428 = EDGE_LOOP('',(#1429,#1430,#1431,#1432,#1433));
#1429 = ORIENTED_EDGE('',*,*,#1114,.F.);
#1430 = ORIENTED_EDGE('',*,*,#1066,.F.);
#1431 = ORIENTED_EDGE('',*,*,#1016,.T.);
#1432 = ORIENTED_EDGE('',*,*,#956,.F.);
#1433 = ORIENTED_EDGE('',*,*,#1169,.F.);
#1434 = ADVANCED_FACE('',(#1435,#1439),#944,.T.);
#1435 = FACE_BOUND('',#1436,.T.);
#1436 = EDGE_LOOP('',(#1437,#1438));
#1437 = ORIENTED_EDGE('',*,*,#1194,.T.);
#1438 = ORIENTED_EDGE('',*,*,#927,.T.);
#1439 = FACE_BOUND('',#1440,.T.);
#1440 = EDGE_LOOP('',(#1441,#1469,#1495,#1521,#1547));
#1441 = ORIENTED_EDGE('',*,*,#1442,.T.);
#1442 = EDGE_CURVE('',#1443,#1445,#1447,.T.);
#1443 = VERTEX_POINT('',#1444);
#1444 = CARTESIAN_POINT('',(5.,2.7,80.));
#1445 = VERTEX_POINT('',#1446);
#1446 = CARTESIAN_POINT('',(5.,-5.,80.));
#1447 = SURFACE_CURVE('',#1448,(#1452,#1458),.PCURVE_S1.);
#1448 = LINE('',#1449,#1450);
#1449 = CARTESIAN_POINT('',(5.,-2.5,80.));
#1450 = VECTOR('',#1451,1.);
#1451 = DIRECTION('',(0.,-1.,0.));
#1452 = PCURVE('',#944,#1453);
#1453 = DEFINITIONAL_REPRESENTATION('',(#1454),#1457);
#1454 = B_SPLINE_CURVE_WITH_KNOTS('',1,(#1455,#1456),.UNSPECIFIED.,.F.,
  .F.,(2,2),(-5.2,2.5),.PIECEWISE_BEZIER_KNOTS.);
#1455 = CARTESIAN_POINT('',(5.,2.7));
#1456 = CARTESIAN_POINT('',(5.,-5.));
#1457 = ( GEOMETRIC_REPRESENTATION_CONTEXT(2) 
PARAMETRIC_REPRESENTATION_CONTEXT() REPRESENTATION_CONTEXT('2D SPACE',''
  ) );
#1458 = PCURVE('',#1459,#1464);
#1459 = PLANE('',#1460);
#1460 = AXIS2_PLACEMENT_3D('',#1461,#1462,#1463);
#1461 = CARTESIAN_POINT('',(5.,-5.,69.6));
#1462 = DIRECTION('',(-1.,0.,0.));
#1463 = DIRECTION('',(0.,1.,0.));
#1464 = DEFINITIONAL_REPRESENTATION('',(#1465),#1468);
#1465 = B_SPLINE_CURVE_WITH_KNOTS('',1,(#1466,#1467),.UNSPECIFIED.,.F.,
  .F.,(2,2),(-5.2,2.5),.PIECEWISE_BEZIER_KNOTS.);
#1466 = CARTESIAN_POINT('',(7.7,-10.4));
#1467 = CARTESIAN_POINT('',(0.,-10.4));
#1468 = ( GEOMETRIC_REPRESENTATION_CONTEXT(2) 
PARAMETRIC_REPRESENTATION_CONTEXT() REPRESENTATION_CONTEXT('2D SPACE',''
  ) );
#1469 = ORIENTED_EDGE('',*,*,#1470,.T.);
#1470 = EDGE_CURVE('',#1445,#1471,#1473,.T.);
#1471 = VERTEX_POINT('',#1472);
#1472 = CARTESIAN_POINT('',(-5.,-5.,80.));
#1473 = SURFACE_CURVE('',#1474,(#1478,#1484),.PCURVE_S1.);
#1474 = LINE('',#1475,#1476);
#1475 = CARTESIAN_POINT('',(-2.5,-5.,80.));
#1476 = VECTOR('',#1477,1.);
#1477 = DIRECTION('',(-1.,0.,0.));
#1478 = PCURVE('',#944,#1479);
#1479 = DEFINITIONAL_REPRESENTATION('',(#1480),#1483);
#1480 = B_SPLINE_CURVE_WITH_KNOTS('',1,(#1481,#1482),.UNSPECIFIED.,.F.,
  .F.,(2,2),(-7.5,2.5),.PIECEWISE_BEZIER_KNOTS.);
#1481 = CARTESIAN_POINT('',(5.,-5.));
#1482 = CARTESIAN_POINT('',(-5.,-5.));
#1483 = ( GEOMETRIC_REPRESENTATION_CONTEXT(2) 
PARAMETRIC_REPRESENTATION_CONTEXT() REPRESENTATION_CONTEXT('2D SPACE',''
  ) );
#1484 = PCURVE('',#1485,#1490);
#1485 = PLANE('',#1486);
#1486 = AXIS2_PLACEMENT_3D('',#1487,#1488,#1489);
#1487 = CARTESIAN_POINT('',(-5.,-5.,69.6));
#1488 = DIRECTION('',(0.,1.,0.));
#1489 = DIRECTION('',(1.,0.,0.));
#1490 = DEFINITIONAL_REPRESENTATION('',(#1491),#1494);
#1491 = B_SPLINE_CURVE_WITH_KNOTS('',1,(#1492,#1493),.UNSPECIFIED.,.F.,
  .F.,(2,2),(-7.5,2.5),.PIECEWISE_BEZIER_KNOTS.);
#1492 = CARTESIAN_POINT('',(10.,-10.4));
#1493 = CARTESIAN_POINT('',(0.,-10.4));
#1494 = ( GEOMETRIC_REPRESENTATION_CONTEXT(2) 
PARAMETRIC_REPRESENTATION_CONTEXT() REPRESENTATION_CONTEXT('2D SPACE',''
  ) );
#1495 = ORIENTED_EDGE('',*,*,#1496,.T.);
#1496 = EDGE_CURVE('',#1471,#1497,#1499,.T.);
#1497 = VERTEX_POINT('',#1498);
#1498 = CARTESIAN_POINT('',(-5.,5.,80.));
#1499 = SURFACE_CURVE('',#1500,(#1504,#1510),.PCURVE_S1.);
#1500 = LINE('',#1501,#1502);
#1501 = CARTESIAN_POINT('',(-5.,2.5,80.));
#1502 = VECTOR('',#1503,1.);
#1503 = DIRECTION('',(-0.,1.,0.));
#1504 = PCURVE('',#944,#1505);
#1505 = DEFINITIONAL_REPRESENTATION('',(#1506),#1509);
#1506 = B_SPLINE_CURVE_WITH_KNOTS('',1,(#1507,#1508),.UNSPECIFIED.,.F.,
  .F.,(2,2),(-7.5,2.5),.PIECEWISE_BEZIER_KNOTS.);
#1507 = CARTESIAN_POINT('',(-5.,-5.));
#1508 = CARTESIAN_POINT('',(-5.,5.));
#1509 = ( GEOMETRIC_REPRESENTATION_CONTEXT(2) 
PARAMETRIC_REPRESENTATION_CONTEXT() REPRESENTATION_CONTEXT('2D SPACE',''
  ) );
#1510 = PCURVE('',#1511,#1516);
#1511 = PLANE('',#1512);
#1512 = AXIS2_PLACEMENT_3D('',#1513,#1514,#1515);
#1513 = CARTESIAN_POINT('',(-5.,5.,69.6));
#1514 = DIRECTION('',(1.,0.,-0.));
#1515 = DIRECTION('',(0.,-1.,0.));
#1516 = DEFINITIONAL_REPRESENTATION('',(#1517),#1520);
#1517 = B_SPLINE_CURVE_WITH_KNOTS('',1,(#1518,#1519),.UNSPECIFIED.,.F.,
  .F.,(2,2),(-7.5,2.5),.PIECEWISE_BEZIER_KNOTS.);
#1518 = CARTESIAN_POINT('',(10.,-10.4));
#1519 = CARTESIAN_POINT('',(0.,-10.4));
#1520 = ( GEOMETRIC_REPRESENTATION_CONTEXT(2) 
PARAMETRIC_REPRESENTATION_CONTEXT() REPRESENTATION_CONTEXT('2D SPACE',''
  ) );
#1521 = ORIENTED_EDGE('',*,*,#1522,.T.);
#1522 = EDGE_CURVE('',#1497,#1523,#1525,.T.);
#1523 = VERTEX_POINT('',#1524);
#1524 = CARTESIAN_POINT('',(2.7,5.,80.));
#1525 = SURFACE_CURVE('',#1526,(#1530,#1536),.PCURVE_S1.);
#1526 = LINE('',#1527,#1528);
#1527 = CARTESIAN_POINT('',(1.35,5.,80.));
#1528 = VECTOR('',#1529,1.);
#1529 = DIRECTION('',(1.,0.,-0.));
#1530 = PCURVE('',#944,#1531);
#1531 = DEFINITIONAL_REPRESENTATION('',(#1532),#1535);
#1532 = B_SPLINE_CURVE_WITH_KNOTS('',1,(#1533,#1534),.UNSPECIFIED.,.F.,
  .F.,(2,2),(-6.35,1.35),.PIECEWISE_BEZIER_KNOTS.);
#1533 = CARTESIAN_POINT('',(-5.,5.));
#1534 = CARTESIAN_POINT('',(2.7,5.));
#1535 = ( GEOMETRIC_REPRESENTATION_CONTEXT(2) 
PARAMETRIC_REPRESENTATION_CONTEXT() REPRESENTATION_CONTEXT('2D SPACE',''
  ) );
#1536 = PCURVE('',#1537,#1542);
#1537 = PLANE('',#1538);
#1538 = AXIS2_PLACEMENT_3D('',#1539,#1540,#1541);
#1539 = CARTESIAN_POINT('',(2.7,5.,69.6));
#1540 = DIRECTION('',(0.,-1.,0.));
#1541 = DIRECTION('',(-1.,0.,0.));
#1542 = DEFINITIONAL_REPRESENTATION('',(#1543),#1546);
#1543 = B_SPLINE_CURVE_WITH_KNOTS('',1,(#1544,#1545),.UNSPECIFIED.,.F.,
  .F.,(2,2),(-6.35,1.35),.PIECEWISE_BEZIER_KNOTS.);
#1544 = CARTESIAN_POINT('',(7.7,-10.4));
#1545 = CARTESIAN_POINT('',(0.,-10.4));
#1546 = ( GEOMETRIC_REPRESENTATION_CONTEXT(2) 
PARAMETRIC_REPRESENTATION_CONTEXT() REPRESENTATION_CONTEXT('2D SPACE',''
  ) );
#1547 = ORIENTED_EDGE('',*,*,#1548,.T.);
#1548 = EDGE_CURVE('',#1523,#1443,#1549,.T.);
#1549 = SURFACE_CURVE('',#1550,(#1554,#1560),.PCURVE_S1.);
#1550 = LINE('',#1551,#1552);
#1551 = CARTESIAN_POINT('',(4.425,3.275,80.));
#1552 = VECTOR('',#1553,1.);
#1553 = DIRECTION('',(0.707106781187,-0.707106781187,0.));
#1554 = PCURVE('',#944,#1555);
#1555 = DEFINITIONAL_REPRESENTATION('',(#1556),#1559);
#1556 = B_SPLINE_CURVE_WITH_KNOTS('',1,(#1557,#1558),.UNSPECIFIED.,.F.,
  .F.,(2,2),(-2.439518395094,0.813172798365),.PIECEWISE_BEZIER_KNOTS.);
#1557 = CARTESIAN_POINT('',(2.7,5.));
#1558 = CARTESIAN_POINT('',(5.,2.7));
#1559 = ( GEOMETRIC_REPRESENTATION_CONTEXT(2) 
PARAMETRIC_REPRESENTATION_CONTEXT() REPRESENTATION_CONTEXT('2D SPACE',''
  ) );
#1560 = PCURVE('',#1561,#1566);
#1561 = PLANE('',#1562);
#1562 = AXIS2_PLACEMENT_3D('',#1563,#1564,#1565);
#1563 = CARTESIAN_POINT('',(5.,2.7,69.6));
#1564 = DIRECTION('',(-0.707106781187,-0.707106781187,0.));
#1565 = DIRECTION('',(-0.707106781187,0.707106781187,0.));
#1566 = DEFINITIONAL_REPRESENTATION('',(#1567),#1570);
#1567 = B_SPLINE_CURVE_WITH_KNOTS('',1,(#1568,#1569),.UNSPECIFIED.,.F.,
  .F.,(2,2),(-2.439518395094,0.813172798365),.PIECEWISE_BEZIER_KNOTS.);
#1568 = CARTESIAN_POINT('',(3.252691193458,-10.4));
#1569 = CARTESIAN_POINT('',(0.,-10.4));
#1570 = ( GEOMETRIC_REPRESENTATION_CONTEXT(2) 
PARAMETRIC_REPRESENTATION_CONTEXT() REPRESENTATION_CONTEXT('2D SPACE',''
  ) );
#1571 = ADVANCED_FACE('',(#1572),#1313,.T.);
#1572 = FACE_BOUND('',#1573,.F.);
#1573 = EDGE_LOOP('',(#1574,#1597,#1598,#1599));
#1574 = ORIENTED_EDGE('',*,*,#1575,.T.);
#1575 = EDGE_CURVE('',#1576,#1297,#1578,.T.);
#1576 = VERTEX_POINT('',#1577);
#1577 = CARTESIAN_POINT('',(19.,0.,65.));
#1578 = SEAM_CURVE('',#1579,(#1583,#1590),.PCURVE_S1.);
#1579 = LINE('',#1580,#1581);
#1580 = CARTESIAN_POINT('',(19.,0.,65.));
#1581 = VECTOR('',#1582,1.);
#1582 = DIRECTION('',(0.,0.,1.));
#1583 = PCURVE('',#1313,#1584);
#1584 = DEFINITIONAL_REPRESENTATION('',(#1585),#1589);
#1585 = LINE('',#1586,#1587);
#1586 = CARTESIAN_POINT('',(-0.,0.));
#1587 = VECTOR('',#1588,1.);
#1588 = DIRECTION('',(-0.,-1.));
#1589 = ( GEOMETRIC_REPRESENTATION_CONTEXT(2) 
PARAMETRIC_REPRESENTATION_CONTEXT() REPRESENTATION_CONTEXT('2D SPACE',''
  ) );
#1590 = PCURVE('',#1313,#1591);
#1591 = DEFINITIONAL_REPRESENTATION('',(#1592),#1596);
#1592 = LINE('',#1593,#1594);
#1593 = CARTESIAN_POINT('',(-6.28318530718,0.));
#1594 = VECTOR('',#1595,1.);
#1595 = DIRECTION('',(-0.,-1.));
#1596 = ( GEOMETRIC_REPRESENTATION_CONTEXT(2) 
PARAMETRIC_REPRESENTATION_CONTEXT() REPRESENTATION_CONTEXT('2D SPACE',''
  ) );
#1597 = ORIENTED_EDGE('',*,*,#1296,.T.);
#1598 = ORIENTED_EDGE('',*,*,#1575,.F.);
#1599 = ORIENTED_EDGE('',*,*,#1600,.F.);
#1600 = EDGE_CURVE('',#1576,#1576,#1601,.T.);
#1601 = SURFACE_CURVE('',#1602,(#1607,#1614),.PCURVE_S1.);
#1602 = CIRCLE('',#1603,19.);
#1603 = AXIS2_PLACEMENT_3D('',#1604,#1605,#1606);
#1604 = CARTESIAN_POINT('',(0.,0.,65.));
#1605 = DIRECTION('',(0.,0.,1.));
#1606 = DIRECTION('',(1.,0.,0.));
#1607 = PCURVE('',#1313,#1608);
#1608 = DEFINITIONAL_REPRESENTATION('',(#1609),#1613);
#1609 = LINE('',#1610,#1611);
#1610 = CARTESIAN_POINT('',(-0.,0.));
#1611 = VECTOR('',#1612,1.);
#1612 = DIRECTION('',(-1.,0.));
#1613 = ( GEOMETRIC_REPRESENTATION_CONTEXT(2) 
PARAMETRIC_REPRESENTATION_CONTEXT() REPRESENTATION_CONTEXT('2D SPACE',''
  ) );
#1614 = PCURVE('',#1615,#1620);
#1615 = PLANE('',#1616);
#1616 = AXIS2_PLACEMENT_3D('',#1617,#1618,#1619);
#1617 = CARTESIAN_POINT('',(-1.727292798997E-15,3.759188932048E-16,65.)
  );
#1618 = DIRECTION('',(0.,0.,1.));
#1619 = DIRECTION('',(1.,0.,-0.));
#1620 = DEFINITIONAL_REPRESENTATION('',(#1621),#1625);
#1621 = CIRCLE('',#1622,19.);
#1622 = AXIS2_PLACEMENT_2D('',#1623,#1624);
#1623 = CARTESIAN_POINT('',(1.727292798997E-15,-3.759188932048E-16));
#1624 = DIRECTION('',(1.,0.));
#1625 = ( GEOMETRIC_REPRESENTATION_CONTEXT(2) 
PARAMETRIC_REPRESENTATION_CONTEXT() REPRESENTATION_CONTEXT('2D SPACE',''
  ) );
#1626 = ADVANCED_FACE('',(#1627,#1630),#1370,.F.);
#1627 = FACE_BOUND('',#1628,.F.);
#1628 = EDGE_LOOP('',(#1629));
#1629 = ORIENTED_EDGE('',*,*,#1355,.T.);
#1630 = FACE_BOUND('',#1631,.F.);
#1631 = EDGE_LOOP('',(#1632));
#1632 = ORIENTED_EDGE('',*,*,#1633,.T.);
#1633 = EDGE_CURVE('',#1634,#1634,#1636,.T.);
#1634 = VERTEX_POINT('',#1635);
#1635 = CARTESIAN_POINT('',(-9.,1.125,74.6));
#1636 = SURFACE_CURVE('',#1637,(#1642,#1653),.PCURVE_S1.);
#1637 = CIRCLE('',#1638,1.125);
#1638 = AXIS2_PLACEMENT_3D('',#1639,#1640,#1641);
#1639 = CARTESIAN_POINT('',(-9.,0.,74.6));
#1640 = DIRECTION('',(-1.,0.,0.));
#1641 = DIRECTION('',(0.,1.,0.));
#1642 = PCURVE('',#1370,#1643);
#1643 = DEFINITIONAL_REPRESENTATION('',(#1644),#1652);
#1644 = ( BOUNDED_CURVE() B_SPLINE_CURVE(2,(#1645,#1646,#1647,#1648,
#1649,#1650,#1651),.UNSPECIFIED.,.T.,.F.) B_SPLINE_CURVE_WITH_KNOTS((1,2
    ,2,2,2,1),(-2.094395102393,0.,2.094395102393,4.188790204786,
6.28318530718,8.377580409573),.UNSPECIFIED.) CURVE() 
GEOMETRIC_REPRESENTATION_ITEM() RATIONAL_B_SPLINE_CURVE((1.,0.5,1.,0.5,
1.,0.5,1.)) REPRESENTATION_ITEM('') );
#1645 = CARTESIAN_POINT('',(0.,-1.125));
#1646 = CARTESIAN_POINT('',(-1.948557158515,-1.125));
#1647 = CARTESIAN_POINT('',(-0.974278579257,0.5625));
#1648 = CARTESIAN_POINT('',(-2.755455298082E-16,2.25));
#1649 = CARTESIAN_POINT('',(0.974278579257,0.5625));
#1650 = CARTESIAN_POINT('',(1.948557158515,-1.125));
#1651 = CARTESIAN_POINT('',(0.,-1.125));
#1652 = ( GEOMETRIC_REPRESENTATION_CONTEXT(2) 
PARAMETRIC_REPRESENTATION_CONTEXT() REPRESENTATION_CONTEXT('2D SPACE',''
  ) );
#1653 = PCURVE('',#1654,#1659);
#1654 = CYLINDRICAL_SURFACE('',#1655,1.125);
#1655 = AXIS2_PLACEMENT_3D('',#1656,#1657,#1658);
#1656 = CARTESIAN_POINT('',(-14.,0.,74.6));
#1657 = DIRECTION('',(-1.,-0.,-0.));
#1658 = DIRECTION('',(0.,1.,0.));
#1659 = DEFINITIONAL_REPRESENTATION('',(#1660),#1664);
#1660 = LINE('',#1661,#1662);
#1661 = CARTESIAN_POINT('',(-6.28318530718,-5.));
#1662 = VECTOR('',#1663,1.);
#1663 = DIRECTION('',(1.,-0.));
#1664 = ( GEOMETRIC_REPRESENTATION_CONTEXT(2) 
PARAMETRIC_REPRESENTATION_CONTEXT() REPRESENTATION_CONTEXT('2D SPACE',''
  ) );
#1665 = ADVANCED_FACE('',(#1666),#1415,.F.);
#1666 = FACE_BOUND('',#1667,.T.);
#1667 = EDGE_LOOP('',(#1668,#1691,#1713,#1714));
#1668 = ORIENTED_EDGE('',*,*,#1669,.F.);
#1669 = EDGE_CURVE('',#1670,#1395,#1672,.T.);
#1670 = VERTEX_POINT('',#1671);
#1671 = CARTESIAN_POINT('',(5.,1.125,74.6));
#1672 = SEAM_CURVE('',#1673,(#1677,#1684),.PCURVE_S1.);
#1673 = LINE('',#1674,#1675);
#1674 = CARTESIAN_POINT('',(-14.,1.125,74.6));
#1675 = VECTOR('',#1676,1.);
#1676 = DIRECTION('',(1.,0.,0.));
#1677 = PCURVE('',#1415,#1678);
#1678 = DEFINITIONAL_REPRESENTATION('',(#1679),#1683);
#1679 = LINE('',#1680,#1681);
#1680 = CARTESIAN_POINT('',(-6.28318530718,0.));
#1681 = VECTOR('',#1682,1.);
#1682 = DIRECTION('',(-0.,-1.));
#1683 = ( GEOMETRIC_REPRESENTATION_CONTEXT(2) 
PARAMETRIC_REPRESENTATION_CONTEXT() REPRESENTATION_CONTEXT('2D SPACE',''
  ) );
#1684 = PCURVE('',#1415,#1685);
#1685 = DEFINITIONAL_REPRESENTATION('',(#1686),#1690);
#1686 = LINE('',#1687,#1688);
#1687 = CARTESIAN_POINT('',(-0.,0.));
#1688 = VECTOR('',#1689,1.);
#1689 = DIRECTION('',(-0.,-1.));
#1690 = ( GEOMETRIC_REPRESENTATION_CONTEXT(2) 
PARAMETRIC_REPRESENTATION_CONTEXT() REPRESENTATION_CONTEXT('2D SPACE',''
  ) );
#1691 = ORIENTED_EDGE('',*,*,#1692,.T.);
#1692 = EDGE_CURVE('',#1670,#1670,#1693,.T.);
#1693 = SURFACE_CURVE('',#1694,(#1699,#1706),.PCURVE_S1.);
#1694 = CIRCLE('',#1695,1.125);
#1695 = AXIS2_PLACEMENT_3D('',#1696,#1697,#1698);
#1696 = CARTESIAN_POINT('',(5.,0.,74.6));
#1697 = DIRECTION('',(-1.,0.,0.));
#1698 = DIRECTION('',(0.,1.,0.));
#1699 = PCURVE('',#1415,#1700);
#1700 = DEFINITIONAL_REPRESENTATION('',(#1701),#1705);
#1701 = LINE('',#1702,#1703);
#1702 = CARTESIAN_POINT('',(-6.28318530718,-19.));
#1703 = VECTOR('',#1704,1.);
#1704 = DIRECTION('',(1.,-0.));
#1705 = ( GEOMETRIC_REPRESENTATION_CONTEXT(2) 
PARAMETRIC_REPRESENTATION_CONTEXT() REPRESENTATION_CONTEXT('2D SPACE',''
  ) );
#1706 = PCURVE('',#1459,#1707);
#1707 = DEFINITIONAL_REPRESENTATION('',(#1708),#1712);
#1708 = CIRCLE('',#1709,1.125);
#1709 = AXIS2_PLACEMENT_2D('',#1710,#1711);
#1710 = CARTESIAN_POINT('',(5.,-5.));
#1711 = DIRECTION('',(1.,0.));
#1712 = ( GEOMETRIC_REPRESENTATION_CONTEXT(2) 
PARAMETRIC_REPRESENTATION_CONTEXT() REPRESENTATION_CONTEXT('2D SPACE',''
  ) );
#1713 = ORIENTED_EDGE('',*,*,#1669,.T.);
#1714 = ORIENTED_EDGE('',*,*,#1394,.F.);
#1715 = ADVANCED_FACE('',(#1716,#1791),#1459,.T.);
#1716 = FACE_BOUND('',#1717,.T.);
#1717 = EDGE_LOOP('',(#1718,#1748,#1769,#1770));
#1718 = ORIENTED_EDGE('',*,*,#1719,.F.);
#1719 = EDGE_CURVE('',#1720,#1722,#1724,.T.);
#1720 = VERTEX_POINT('',#1721);
#1721 = CARTESIAN_POINT('',(5.,-5.,69.6));
#1722 = VERTEX_POINT('',#1723);
#1723 = CARTESIAN_POINT('',(5.,2.7,69.6));
#1724 = SURFACE_CURVE('',#1725,(#1729,#1736),.PCURVE_S1.);
#1725 = LINE('',#1726,#1727);
#1726 = CARTESIAN_POINT('',(5.,-5.,69.6));
#1727 = VECTOR('',#1728,1.);
#1728 = DIRECTION('',(0.,1.,0.));
#1729 = PCURVE('',#1459,#1730);
#1730 = DEFINITIONAL_REPRESENTATION('',(#1731),#1735);
#1731 = LINE('',#1732,#1733);
#1732 = CARTESIAN_POINT('',(0.,0.));
#1733 = VECTOR('',#1734,1.);
#1734 = DIRECTION('',(1.,0.));
#1735 = ( GEOMETRIC_REPRESENTATION_CONTEXT(2) 
PARAMETRIC_REPRESENTATION_CONTEXT() REPRESENTATION_CONTEXT('2D SPACE',''
  ) );
#1736 = PCURVE('',#1737,#1742);
#1737 = PLANE('',#1738);
#1738 = AXIS2_PLACEMENT_3D('',#1739,#1740,#1741);
#1739 = CARTESIAN_POINT('',(-0.202628553494,-0.202628553494,69.6));
#1740 = DIRECTION('',(0.,0.,1.));
#1741 = DIRECTION('',(1.,0.,-0.));
#1742 = DEFINITIONAL_REPRESENTATION('',(#1743),#1747);
#1743 = LINE('',#1744,#1745);
#1744 = CARTESIAN_POINT('',(5.202628553494,-4.797371446506));
#1745 = VECTOR('',#1746,1.);
#1746 = DIRECTION('',(0.,1.));
#1747 = ( GEOMETRIC_REPRESENTATION_CONTEXT(2) 
PARAMETRIC_REPRESENTATION_CONTEXT() REPRESENTATION_CONTEXT('2D SPACE',''
  ) );
#1748 = ORIENTED_EDGE('',*,*,#1749,.T.);
#1749 = EDGE_CURVE('',#1720,#1445,#1750,.T.);
#1750 = SURFACE_CURVE('',#1751,(#1755,#1762),.PCURVE_S1.);
#1751 = LINE('',#1752,#1753);
#1752 = CARTESIAN_POINT('',(5.,-5.,69.6));
#1753 = VECTOR('',#1754,1.);
#1754 = DIRECTION('',(0.,0.,1.));
#1755 = PCURVE('',#1459,#1756);
#1756 = DEFINITIONAL_REPRESENTATION('',(#1757),#1761);
#1757 = LINE('',#1758,#1759);
#1758 = CARTESIAN_POINT('',(0.,0.));
#1759 = VECTOR('',#1760,1.);
#1760 = DIRECTION('',(0.,-1.));
#1761 = ( GEOMETRIC_REPRESENTATION_CONTEXT(2) 
PARAMETRIC_REPRESENTATION_CONTEXT() REPRESENTATION_CONTEXT('2D SPACE',''
  ) );
#1762 = PCURVE('',#1485,#1763);
#1763 = DEFINITIONAL_REPRESENTATION('',(#1764),#1768);
#1764 = LINE('',#1765,#1766);
#1765 = CARTESIAN_POINT('',(10.,0.));
#1766 = VECTOR('',#1767,1.);
#1767 = DIRECTION('',(0.,-1.));
#1768 = ( GEOMETRIC_REPRESENTATION_CONTEXT(2) 
PARAMETRIC_REPRESENTATION_CONTEXT() REPRESENTATION_CONTEXT('2D SPACE',''
  ) );
#1769 = ORIENTED_EDGE('',*,*,#1442,.F.);
#1770 = ORIENTED_EDGE('',*,*,#1771,.F.);
#1771 = EDGE_CURVE('',#1722,#1443,#1772,.T.);
#1772 = SURFACE_CURVE('',#1773,(#1777,#1784),.PCURVE_S1.);
#1773 = LINE('',#1774,#1775);
#1774 = CARTESIAN_POINT('',(5.,2.7,69.6));
#1775 = VECTOR('',#1776,1.);
#1776 = DIRECTION('',(0.,0.,1.));
#1777 = PCURVE('',#1459,#1778);
#1778 = DEFINITIONAL_REPRESENTATION('',(#1779),#1783);
#1779 = LINE('',#1780,#1781);
#1780 = CARTESIAN_POINT('',(7.7,0.));
#1781 = VECTOR('',#1782,1.);
#1782 = DIRECTION('',(0.,-1.));
#1783 = ( GEOMETRIC_REPRESENTATION_CONTEXT(2) 
PARAMETRIC_REPRESENTATION_CONTEXT() REPRESENTATION_CONTEXT('2D SPACE',''
  ) );
#1784 = PCURVE('',#1561,#1785);
#1785 = DEFINITIONAL_REPRESENTATION('',(#1786),#1790);
#1786 = LINE('',#1787,#1788);
#1787 = CARTESIAN_POINT('',(0.,0.));
#1788 = VECTOR('',#1789,1.);
#1789 = DIRECTION('',(0.,-1.));
#1790 = ( GEOMETRIC_REPRESENTATION_CONTEXT(2) 
PARAMETRIC_REPRESENTATION_CONTEXT() REPRESENTATION_CONTEXT('2D SPACE',''
  ) );
#1791 = FACE_BOUND('',#1792,.T.);
#1792 = EDGE_LOOP('',(#1793));
#1793 = ORIENTED_EDGE('',*,*,#1692,.F.);
#1794 = ADVANCED_FACE('',(#1795),#1561,.T.);
#1795 = FACE_BOUND('',#1796,.T.);
#1796 = EDGE_LOOP('',(#1797,#1820,#1821,#1822));
#1797 = ORIENTED_EDGE('',*,*,#1798,.F.);
#1798 = EDGE_CURVE('',#1722,#1799,#1801,.T.);
#1799 = VERTEX_POINT('',#1800);
#1800 = CARTESIAN_POINT('',(2.7,5.,69.6));
#1801 = SURFACE_CURVE('',#1802,(#1806,#1813),.PCURVE_S1.);
#1802 = LINE('',#1803,#1804);
#1803 = CARTESIAN_POINT('',(5.,2.7,69.6));
#1804 = VECTOR('',#1805,1.);
#1805 = DIRECTION('',(-0.707106781187,0.707106781187,0.));
#1806 = PCURVE('',#1561,#1807);
#1807 = DEFINITIONAL_REPRESENTATION('',(#1808),#1812);
#1808 = LINE('',#1809,#1810);
#1809 = CARTESIAN_POINT('',(0.,0.));
#1810 = VECTOR('',#1811,1.);
#1811 = DIRECTION('',(1.,0.));
#1812 = ( GEOMETRIC_REPRESENTATION_CONTEXT(2) 
PARAMETRIC_REPRESENTATION_CONTEXT() REPRESENTATION_CONTEXT('2D SPACE',''
  ) );
#1813 = PCURVE('',#1737,#1814);
#1814 = DEFINITIONAL_REPRESENTATION('',(#1815),#1819);
#1815 = LINE('',#1816,#1817);
#1816 = CARTESIAN_POINT('',(5.202628553494,2.902628553494));
#1817 = VECTOR('',#1818,1.);
#1818 = DIRECTION('',(-0.707106781187,0.707106781187));
#1819 = ( GEOMETRIC_REPRESENTATION_CONTEXT(2) 
PARAMETRIC_REPRESENTATION_CONTEXT() REPRESENTATION_CONTEXT('2D SPACE',''
  ) );
#1820 = ORIENTED_EDGE('',*,*,#1771,.T.);
#1821 = ORIENTED_EDGE('',*,*,#1548,.F.);
#1822 = ORIENTED_EDGE('',*,*,#1823,.F.);
#1823 = EDGE_CURVE('',#1799,#1523,#1824,.T.);
#1824 = SURFACE_CURVE('',#1825,(#1829,#1836),.PCURVE_S1.);
#1825 = LINE('',#1826,#1827);
#1826 = CARTESIAN_POINT('',(2.7,5.,69.6));
#1827 = VECTOR('',#1828,1.);
#1828 = DIRECTION('',(0.,0.,1.));
#1829 = PCURVE('',#1561,#1830);
#1830 = DEFINITIONAL_REPRESENTATION('',(#1831),#1835);
#1831 = LINE('',#1832,#1833);
#1832 = CARTESIAN_POINT('',(3.252691193458,0.));
#1833 = VECTOR('',#1834,1.);
#1834 = DIRECTION('',(0.,-1.));
#1835 = ( GEOMETRIC_REPRESENTATION_CONTEXT(2) 
PARAMETRIC_REPRESENTATION_CONTEXT() REPRESENTATION_CONTEXT('2D SPACE',''
  ) );
#1836 = PCURVE('',#1537,#1837);
#1837 = DEFINITIONAL_REPRESENTATION('',(#1838),#1842);
#1838 = LINE('',#1839,#1840);
#1839 = CARTESIAN_POINT('',(0.,-0.));
#1840 = VECTOR('',#1841,1.);
#1841 = DIRECTION('',(0.,-1.));
#1842 = ( GEOMETRIC_REPRESENTATION_CONTEXT(2) 
PARAMETRIC_REPRESENTATION_CONTEXT() REPRESENTATION_CONTEXT('2D SPACE',''
  ) );
#1843 = ADVANCED_FACE('',(#1844),#1537,.T.);
#1844 = FACE_BOUND('',#1845,.T.);
#1845 = EDGE_LOOP('',(#1846,#1869,#1870,#1871));
#1846 = ORIENTED_EDGE('',*,*,#1847,.F.);
#1847 = EDGE_CURVE('',#1799,#1848,#1850,.T.);
#1848 = VERTEX_POINT('',#1849);
#1849 = CARTESIAN_POINT('',(-5.,5.,69.6));
#1850 = SURFACE_CURVE('',#1851,(#1855,#1862),.PCURVE_S1.);
#1851 = LINE('',#1852,#1853);
#1852 = CARTESIAN_POINT('',(2.7,5.,69.6));
#1853 = VECTOR('',#1854,1.);
#1854 = DIRECTION('',(-1.,0.,0.));
#1855 = PCURVE('',#1537,#1856);
#1856 = DEFINITIONAL_REPRESENTATION('',(#1857),#1861);
#1857 = LINE('',#1858,#1859);
#1858 = CARTESIAN_POINT('',(0.,-0.));
#1859 = VECTOR('',#1860,1.);
#1860 = DIRECTION('',(1.,0.));
#1861 = ( GEOMETRIC_REPRESENTATION_CONTEXT(2) 
PARAMETRIC_REPRESENTATION_CONTEXT() REPRESENTATION_CONTEXT('2D SPACE',''
  ) );
#1862 = PCURVE('',#1737,#1863);
#1863 = DEFINITIONAL_REPRESENTATION('',(#1864),#1868);
#1864 = LINE('',#1865,#1866);
#1865 = CARTESIAN_POINT('',(2.902628553494,5.202628553494));
#1866 = VECTOR('',#1867,1.);
#1867 = DIRECTION('',(-1.,0.));
#1868 = ( GEOMETRIC_REPRESENTATION_CONTEXT(2) 
PARAMETRIC_REPRESENTATION_CONTEXT() REPRESENTATION_CONTEXT('2D SPACE',''
  ) );
#1869 = ORIENTED_EDGE('',*,*,#1823,.T.);
#1870 = ORIENTED_EDGE('',*,*,#1522,.F.);
#1871 = ORIENTED_EDGE('',*,*,#1872,.F.);
#1872 = EDGE_CURVE('',#1848,#1497,#1873,.T.);
#1873 = SURFACE_CURVE('',#1874,(#1878,#1885),.PCURVE_S1.);
#1874 = LINE('',#1875,#1876);
#1875 = CARTESIAN_POINT('',(-5.,5.,69.6));
#1876 = VECTOR('',#1877,1.);
#1877 = DIRECTION('',(0.,0.,1.));
#1878 = PCURVE('',#1537,#1879);
#1879 = DEFINITIONAL_REPRESENTATION('',(#1880),#1884);
#1880 = LINE('',#1881,#1882);
#1881 = CARTESIAN_POINT('',(7.7,0.));
#1882 = VECTOR('',#1883,1.);
#1883 = DIRECTION('',(0.,-1.));
#1884 = ( GEOMETRIC_REPRESENTATION_CONTEXT(2) 
PARAMETRIC_REPRESENTATION_CONTEXT() REPRESENTATION_CONTEXT('2D SPACE',''
  ) );
#1885 = PCURVE('',#1511,#1886);
#1886 = DEFINITIONAL_REPRESENTATION('',(#1887),#1891);
#1887 = LINE('',#1888,#1889);
#1888 = CARTESIAN_POINT('',(0.,0.));
#1889 = VECTOR('',#1890,1.);
#1890 = DIRECTION('',(0.,-1.));
#1891 = ( GEOMETRIC_REPRESENTATION_CONTEXT(2) 
PARAMETRIC_REPRESENTATION_CONTEXT() REPRESENTATION_CONTEXT('2D SPACE',''
  ) );
#1892 = ADVANCED_FACE('',(#1893,#1941),#1511,.T.);
#1893 = FACE_BOUND('',#1894,.T.);
#1894 = EDGE_LOOP('',(#1895,#1918,#1919,#1920));
#1895 = ORIENTED_EDGE('',*,*,#1896,.F.);
#1896 = EDGE_CURVE('',#1848,#1897,#1899,.T.);
#1897 = VERTEX_POINT('',#1898);
#1898 = CARTESIAN_POINT('',(-5.,-5.,69.6));
#1899 = SURFACE_CURVE('',#1900,(#1904,#1911),.PCURVE_S1.);
#1900 = LINE('',#1901,#1902);
#1901 = CARTESIAN_POINT('',(-5.,5.,69.6));
#1902 = VECTOR('',#1903,1.);
#1903 = DIRECTION('',(0.,-1.,0.));
#1904 = PCURVE('',#1511,#1905);
#1905 = DEFINITIONAL_REPRESENTATION('',(#1906),#1910);
#1906 = LINE('',#1907,#1908);
#1907 = CARTESIAN_POINT('',(0.,0.));
#1908 = VECTOR('',#1909,1.);
#1909 = DIRECTION('',(1.,0.));
#1910 = ( GEOMETRIC_REPRESENTATION_CONTEXT(2) 
PARAMETRIC_REPRESENTATION_CONTEXT() REPRESENTATION_CONTEXT('2D SPACE',''
  ) );
#1911 = PCURVE('',#1737,#1912);
#1912 = DEFINITIONAL_REPRESENTATION('',(#1913),#1917);
#1913 = LINE('',#1914,#1915);
#1914 = CARTESIAN_POINT('',(-4.797371446506,5.202628553494));
#1915 = VECTOR('',#1916,1.);
#1916 = DIRECTION('',(0.,-1.));
#1917 = ( GEOMETRIC_REPRESENTATION_CONTEXT(2) 
PARAMETRIC_REPRESENTATION_CONTEXT() REPRESENTATION_CONTEXT('2D SPACE',''
  ) );
#1918 = ORIENTED_EDGE('',*,*,#1872,.T.);
#1919 = ORIENTED_EDGE('',*,*,#1496,.F.);
#1920 = ORIENTED_EDGE('',*,*,#1921,.F.);
#1921 = EDGE_CURVE('',#1897,#1471,#1922,.T.);
#1922 = SURFACE_CURVE('',#1923,(#1927,#1934),.PCURVE_S1.);
#1923 = LINE('',#1924,#1925);
#1924 = CARTESIAN_POINT('',(-5.,-5.,69.6));
#1925 = VECTOR('',#1926,1.);
#1926 = DIRECTION('',(0.,0.,1.));
#1927 = PCURVE('',#1511,#1928);
#1928 = DEFINITIONAL_REPRESENTATION('',(#1929),#1933);
#1929 = LINE('',#1930,#1931);
#1930 = CARTESIAN_POINT('',(10.,0.));
#1931 = VECTOR('',#1932,1.);
#1932 = DIRECTION('',(0.,-1.));
#1933 = ( GEOMETRIC_REPRESENTATION_CONTEXT(2) 
PARAMETRIC_REPRESENTATION_CONTEXT() REPRESENTATION_CONTEXT('2D SPACE',''
  ) );
#1934 = PCURVE('',#1485,#1935);
#1935 = DEFINITIONAL_REPRESENTATION('',(#1936),#1940);
#1936 = LINE('',#1937,#1938);
#1937 = CARTESIAN_POINT('',(0.,0.));
#1938 = VECTOR('',#1939,1.);
#1939 = DIRECTION('',(0.,-1.));
#1940 = ( GEOMETRIC_REPRESENTATION_CONTEXT(2) 
PARAMETRIC_REPRESENTATION_CONTEXT() REPRESENTATION_CONTEXT('2D SPACE',''
  ) );
#1941 = FACE_BOUND('',#1942,.T.);
#1942 = EDGE_LOOP('',(#1943));
#1943 = ORIENTED_EDGE('',*,*,#1944,.T.);
#1944 = EDGE_CURVE('',#1945,#1945,#1947,.T.);
#1945 = VERTEX_POINT('',#1946);
#1946 = CARTESIAN_POINT('',(-5.,1.125,74.6));
#1947 = SURFACE_CURVE('',#1948,(#1953,#1964),.PCURVE_S1.);
#1948 = CIRCLE('',#1949,1.125);
#1949 = AXIS2_PLACEMENT_3D('',#1950,#1951,#1952);
#1950 = CARTESIAN_POINT('',(-5.,0.,74.6));
#1951 = DIRECTION('',(-1.,0.,0.));
#1952 = DIRECTION('',(0.,1.,0.));
#1953 = PCURVE('',#1511,#1954);
#1954 = DEFINITIONAL_REPRESENTATION('',(#1955),#1963);
#1955 = ( BOUNDED_CURVE() B_SPLINE_CURVE(2,(#1956,#1957,#1958,#1959,
#1960,#1961,#1962),.UNSPECIFIED.,.T.,.F.) B_SPLINE_CURVE_WITH_KNOTS((1,2
    ,2,2,2,1),(-2.094395102393,0.,2.094395102393,4.188790204786,
6.28318530718,8.377580409573),.UNSPECIFIED.) CURVE() 
GEOMETRIC_REPRESENTATION_ITEM() RATIONAL_B_SPLINE_CURVE((1.,0.5,1.,0.5,
1.,0.5,1.)) REPRESENTATION_ITEM('') );
#1956 = CARTESIAN_POINT('',(3.875,-5.));
#1957 = CARTESIAN_POINT('',(3.875,-3.051442841485));
#1958 = CARTESIAN_POINT('',(5.5625,-4.025721420743));
#1959 = CARTESIAN_POINT('',(7.25,-5.));
#1960 = CARTESIAN_POINT('',(5.5625,-5.974278579257));
#1961 = CARTESIAN_POINT('',(3.875,-6.948557158515));
#1962 = CARTESIAN_POINT('',(3.875,-5.));
#1963 = ( GEOMETRIC_REPRESENTATION_CONTEXT(2) 
PARAMETRIC_REPRESENTATION_CONTEXT() REPRESENTATION_CONTEXT('2D SPACE',''
  ) );
#1964 = PCURVE('',#1654,#1965);
#1965 = DEFINITIONAL_REPRESENTATION('',(#1966),#1970);
#1966 = LINE('',#1967,#1968);
#1967 = CARTESIAN_POINT('',(-6.28318530718,-9.));
#1968 = VECTOR('',#1969,1.);
#1969 = DIRECTION('',(1.,-0.));
#1970 = ( GEOMETRIC_REPRESENTATION_CONTEXT(2) 
PARAMETRIC_REPRESENTATION_CONTEXT() REPRESENTATION_CONTEXT('2D SPACE',''
  ) );
#1971 = ADVANCED_FACE('',(#1972),#1485,.T.);
#1972 = FACE_BOUND('',#1973,.T.);
#1973 = EDGE_LOOP('',(#1974,#1995,#1996,#1997));
#1974 = ORIENTED_EDGE('',*,*,#1975,.F.);
#1975 = EDGE_CURVE('',#1897,#1720,#1976,.T.);
#1976 = SURFACE_CURVE('',#1977,(#1981,#1988),.PCURVE_S1.);
#1977 = LINE('',#1978,#1979);
#1978 = CARTESIAN_POINT('',(-5.,-5.,69.6));
#1979 = VECTOR('',#1980,1.);
#1980 = DIRECTION('',(1.,0.,0.));
#1981 = PCURVE('',#1485,#1982);
#1982 = DEFINITIONAL_REPRESENTATION('',(#1983),#1987);
#1983 = LINE('',#1984,#1985);
#1984 = CARTESIAN_POINT('',(0.,0.));
#1985 = VECTOR('',#1986,1.);
#1986 = DIRECTION('',(1.,0.));
#1987 = ( GEOMETRIC_REPRESENTATION_CONTEXT(2) 
PARAMETRIC_REPRESENTATION_CONTEXT() REPRESENTATION_CONTEXT('2D SPACE',''
  ) );
#1988 = PCURVE('',#1737,#1989);
#1989 = DEFINITIONAL_REPRESENTATION('',(#1990),#1994);
#1990 = LINE('',#1991,#1992);
#1991 = CARTESIAN_POINT('',(-4.797371446506,-4.797371446506));
#1992 = VECTOR('',#1993,1.);
#1993 = DIRECTION('',(1.,0.));
#1994 = ( GEOMETRIC_REPRESENTATION_CONTEXT(2) 
PARAMETRIC_REPRESENTATION_CONTEXT() REPRESENTATION_CONTEXT('2D SPACE',''
  ) );
#1995 = ORIENTED_EDGE('',*,*,#1921,.T.);
#1996 = ORIENTED_EDGE('',*,*,#1470,.F.);
#1997 = ORIENTED_EDGE('',*,*,#1749,.F.);
#1998 = ADVANCED_FACE('',(#1999,#2002),#1615,.F.);
#1999 = FACE_BOUND('',#2000,.F.);
#2000 = EDGE_LOOP('',(#2001));
#2001 = ORIENTED_EDGE('',*,*,#1600,.T.);
#2002 = FACE_BOUND('',#2003,.F.);
#2003 = EDGE_LOOP('',(#2004,#2032,#2058,#2091,#2117,#2143,#2169,#2197));
#2004 = ORIENTED_EDGE('',*,*,#2005,.F.);
#2005 = EDGE_CURVE('',#2006,#2008,#2010,.T.);
#2006 = VERTEX_POINT('',#2007);
#2007 = CARTESIAN_POINT('',(17.3,-3.4,65.));
#2008 = VERTEX_POINT('',#2009);
#2009 = CARTESIAN_POINT('',(17.3,3.4,65.));
#2010 = SURFACE_CURVE('',#2011,(#2015,#2021),.PCURVE_S1.);
#2011 = LINE('',#2012,#2013);
#2012 = CARTESIAN_POINT('',(17.3,-1.7,65.));
#2013 = VECTOR('',#2014,1.);
#2014 = DIRECTION('',(0.,1.,0.));
#2015 = PCURVE('',#1615,#2016);
#2016 = DEFINITIONAL_REPRESENTATION('',(#2017),#2020);
#2017 = B_SPLINE_CURVE_WITH_KNOTS('',1,(#2018,#2019),.UNSPECIFIED.,.F.,
  .F.,(2,2),(-1.7,5.1),.PIECEWISE_BEZIER_KNOTS.);
#2018 = CARTESIAN_POINT('',(17.3,-3.4));
#2019 = CARTESIAN_POINT('',(17.3,3.4));
#2020 = ( GEOMETRIC_REPRESENTATION_CONTEXT(2) 
PARAMETRIC_REPRESENTATION_CONTEXT() REPRESENTATION_CONTEXT('2D SPACE',''
  ) );
#2021 = PCURVE('',#2022,#2027);
#2022 = PLANE('',#2023);
#2023 = AXIS2_PLACEMENT_3D('',#2024,#2025,#2026);
#2024 = CARTESIAN_POINT('',(17.3,-3.4,64.));
#2025 = DIRECTION('',(1.,0.,0.));
#2026 = DIRECTION('',(0.,0.,1.));
#2027 = DEFINITIONAL_REPRESENTATION('',(#2028),#2031);
#2028 = B_SPLINE_CURVE_WITH_KNOTS('',1,(#2029,#2030),.UNSPECIFIED.,.F.,
  .F.,(2,2),(-1.7,5.1),.PIECEWISE_BEZIER_KNOTS.);
#2029 = CARTESIAN_POINT('',(1.,0.));
#2030 = CARTESIAN_POINT('',(1.,-6.8));
#2031 = ( GEOMETRIC_REPRESENTATION_CONTEXT(2) 
PARAMETRIC_REPRESENTATION_CONTEXT() REPRESENTATION_CONTEXT('2D SPACE',''
  ) );
#2032 = ORIENTED_EDGE('',*,*,#2033,.T.);
#2033 = EDGE_CURVE('',#2006,#2034,#2036,.T.);
#2034 = VERTEX_POINT('',#2035);
#2035 = CARTESIAN_POINT('',(1.910497317454,-3.4,65.));
#2036 = SURFACE_CURVE('',#2037,(#2041,#2047),.PCURVE_S1.);
#2037 = LINE('',#2038,#2039);
#2038 = CARTESIAN_POINT('',(-8.65,-3.4,65.));
#2039 = VECTOR('',#2040,1.);
#2040 = DIRECTION('',(-1.,0.,0.));
#2041 = PCURVE('',#1615,#2042);
#2042 = DEFINITIONAL_REPRESENTATION('',(#2043),#2046);
#2043 = B_SPLINE_CURVE_WITH_KNOTS('',1,(#2044,#2045),.UNSPECIFIED.,.F.,
  .F.,(2,2),(-25.95,8.65),.PIECEWISE_BEZIER_KNOTS.);
#2044 = CARTESIAN_POINT('',(17.3,-3.4));
#2045 = CARTESIAN_POINT('',(-17.3,-3.4));
#2046 = ( GEOMETRIC_REPRESENTATION_CONTEXT(2) 
PARAMETRIC_REPRESENTATION_CONTEXT() REPRESENTATION_CONTEXT('2D SPACE',''
  ) );
#2047 = PCURVE('',#2048,#2053);
#2048 = PLANE('',#2049);
#2049 = AXIS2_PLACEMENT_3D('',#2050,#2051,#2052);
#2050 = CARTESIAN_POINT('',(-17.3,-3.4,64.));
#2051 = DIRECTION('',(0.,1.,0.));
#2052 = DIRECTION('',(0.,0.,1.));
#2053 = DEFINITIONAL_REPRESENTATION('',(#2054),#2057);
#2054 = B_SPLINE_CURVE_WITH_KNOTS('',1,(#2055,#2056),.UNSPECIFIED.,.F.,
  .F.,(2,2),(-25.95,8.65),.PIECEWISE_BEZIER_KNOTS.);
#2055 = CARTESIAN_POINT('',(1.,34.6));
#2056 = CARTESIAN_POINT('',(1.,0.));
#2057 = ( GEOMETRIC_REPRESENTATION_CONTEXT(2) 
PARAMETRIC_REPRESENTATION_CONTEXT() REPRESENTATION_CONTEXT('2D SPACE',''
  ) );
#2058 = ORIENTED_EDGE('',*,*,#2059,.T.);
#2059 = EDGE_CURVE('',#2034,#2060,#2062,.T.);
#2060 = VERTEX_POINT('',#2061);
#2061 = CARTESIAN_POINT('',(-1.910497317454,-3.4,65.));
#2062 = SURFACE_CURVE('',#2063,(#2068,#2079),.PCURVE_S1.);
#2063 = CIRCLE('',#2064,3.9);
#2064 = AXIS2_PLACEMENT_3D('',#2065,#2066,#2067);
#2065 = CARTESIAN_POINT('',(0.,0.,65.));
#2066 = DIRECTION('',(0.,0.,-1.));
#2067 = DIRECTION('',(1.,0.,0.));
#2068 = PCURVE('',#1615,#2069);
#2069 = DEFINITIONAL_REPRESENTATION('',(#2070),#2078);
#2070 = ( BOUNDED_CURVE() B_SPLINE_CURVE(2,(#2071,#2072,#2073,#2074,
#2075,#2076,#2077),.UNSPECIFIED.,.T.,.F.) B_SPLINE_CURVE_WITH_KNOTS((1,2
    ,2,2,2,1),(-2.094395102393,0.,2.094395102393,4.188790204786,
6.28318530718,8.377580409573),.UNSPECIFIED.) CURVE() 
GEOMETRIC_REPRESENTATION_ITEM() RATIONAL_B_SPLINE_CURVE((1.,0.5,1.,0.5,
1.,0.5,1.)) REPRESENTATION_ITEM('') );
#2071 = CARTESIAN_POINT('',(3.9,-3.759188932048E-16));
#2072 = CARTESIAN_POINT('',(3.9,-6.754998149519));
#2073 = CARTESIAN_POINT('',(-1.95,-3.377499074759));
#2074 = CARTESIAN_POINT('',(-7.8,-1.33114339654E-15));
#2075 = CARTESIAN_POINT('',(-1.95,3.377499074759));
#2076 = CARTESIAN_POINT('',(3.9,6.754998149519));
#2077 = CARTESIAN_POINT('',(3.9,-3.759188932048E-16));
#2078 = ( GEOMETRIC_REPRESENTATION_CONTEXT(2) 
PARAMETRIC_REPRESENTATION_CONTEXT() REPRESENTATION_CONTEXT('2D SPACE',''
  ) );
#2079 = PCURVE('',#2080,#2085);
#2080 = CYLINDRICAL_SURFACE('',#2081,3.9);
#2081 = AXIS2_PLACEMENT_3D('',#2082,#2083,#2084);
#2082 = CARTESIAN_POINT('',(0.,0.,64.));
#2083 = DIRECTION('',(-0.,-0.,-1.));
#2084 = DIRECTION('',(1.,0.,0.));
#2085 = DEFINITIONAL_REPRESENTATION('',(#2086),#2090);
#2086 = LINE('',#2087,#2088);
#2087 = CARTESIAN_POINT('',(-6.28318530718,-1.));
#2088 = VECTOR('',#2089,1.);
#2089 = DIRECTION('',(1.,-0.));
#2090 = ( GEOMETRIC_REPRESENTATION_CONTEXT(2) 
PARAMETRIC_REPRESENTATION_CONTEXT() REPRESENTATION_CONTEXT('2D SPACE',''
  ) );
#2091 = ORIENTED_EDGE('',*,*,#2092,.T.);
#2092 = EDGE_CURVE('',#2060,#2093,#2095,.T.);
#2093 = VERTEX_POINT('',#2094);
#2094 = CARTESIAN_POINT('',(-17.3,-3.4,65.));
#2095 = SURFACE_CURVE('',#2096,(#2100,#2106),.PCURVE_S1.);
#2096 = LINE('',#2097,#2098);
#2097 = CARTESIAN_POINT('',(-8.65,-3.4,65.));
#2098 = VECTOR('',#2099,1.);
#2099 = DIRECTION('',(-1.,0.,0.));
#2100 = PCURVE('',#1615,#2101);
#2101 = DEFINITIONAL_REPRESENTATION('',(#2102),#2105);
#2102 = B_SPLINE_CURVE_WITH_KNOTS('',1,(#2103,#2104),.UNSPECIFIED.,.F.,
  .F.,(2,2),(-25.95,8.65),.PIECEWISE_BEZIER_KNOTS.);
#2103 = CARTESIAN_POINT('',(17.3,-3.4));
#2104 = CARTESIAN_POINT('',(-17.3,-3.4));
#2105 = ( GEOMETRIC_REPRESENTATION_CONTEXT(2) 
PARAMETRIC_REPRESENTATION_CONTEXT() REPRESENTATION_CONTEXT('2D SPACE',''
  ) );
#2106 = PCURVE('',#2107,#2112);
#2107 = PLANE('',#2108);
#2108 = AXIS2_PLACEMENT_3D('',#2109,#2110,#2111);
#2109 = CARTESIAN_POINT('',(-17.3,-3.4,64.));
#2110 = DIRECTION('',(0.,1.,0.));
#2111 = DIRECTION('',(0.,0.,1.));
#2112 = DEFINITIONAL_REPRESENTATION('',(#2113),#2116);
#2113 = B_SPLINE_CURVE_WITH_KNOTS('',1,(#2114,#2115),.UNSPECIFIED.,.F.,
  .F.,(2,2),(-25.95,8.65),.PIECEWISE_BEZIER_KNOTS.);
#2114 = CARTESIAN_POINT('',(1.,34.6));
#2115 = CARTESIAN_POINT('',(1.,0.));
#2116 = ( GEOMETRIC_REPRESENTATION_CONTEXT(2) 
PARAMETRIC_REPRESENTATION_CONTEXT() REPRESENTATION_CONTEXT('2D SPACE',''
  ) );
#2117 = ORIENTED_EDGE('',*,*,#2118,.T.);
#2118 = EDGE_CURVE('',#2093,#2119,#2121,.T.);
#2119 = VERTEX_POINT('',#2120);
#2120 = CARTESIAN_POINT('',(-17.3,3.4,65.));
#2121 = SURFACE_CURVE('',#2122,(#2126,#2132),.PCURVE_S1.);
#2122 = LINE('',#2123,#2124);
#2123 = CARTESIAN_POINT('',(-17.3,-1.7,65.));
#2124 = VECTOR('',#2125,1.);
#2125 = DIRECTION('',(0.,1.,0.));
#2126 = PCURVE('',#1615,#2127);
#2127 = DEFINITIONAL_REPRESENTATION('',(#2128),#2131);
#2128 = B_SPLINE_CURVE_WITH_KNOTS('',1,(#2129,#2130),.UNSPECIFIED.,.F.,
  .F.,(2,2),(-1.7,5.1),.PIECEWISE_BEZIER_KNOTS.);
#2129 = CARTESIAN_POINT('',(-17.3,-3.4));
#2130 = CARTESIAN_POINT('',(-17.3,3.4));
#2131 = ( GEOMETRIC_REPRESENTATION_CONTEXT(2) 
PARAMETRIC_REPRESENTATION_CONTEXT() REPRESENTATION_CONTEXT('2D SPACE',''
  ) );
#2132 = PCURVE('',#2133,#2138);
#2133 = PLANE('',#2134);
#2134 = AXIS2_PLACEMENT_3D('',#2135,#2136,#2137);
#2135 = CARTESIAN_POINT('',(-17.3,-3.4,64.));
#2136 = DIRECTION('',(1.,0.,0.));
#2137 = DIRECTION('',(0.,0.,1.));
#2138 = DEFINITIONAL_REPRESENTATION('',(#2139),#2142);
#2139 = B_SPLINE_CURVE_WITH_KNOTS('',1,(#2140,#2141),.UNSPECIFIED.,.F.,
  .F.,(2,2),(-1.7,5.1),.PIECEWISE_BEZIER_KNOTS.);
#2140 = CARTESIAN_POINT('',(1.,0.));
#2141 = CARTESIAN_POINT('',(1.,-6.8));
#2142 = ( GEOMETRIC_REPRESENTATION_CONTEXT(2) 
PARAMETRIC_REPRESENTATION_CONTEXT() REPRESENTATION_CONTEXT('2D SPACE',''
  ) );
#2143 = ORIENTED_EDGE('',*,*,#2144,.F.);
#2144 = EDGE_CURVE('',#2145,#2119,#2147,.T.);
#2145 = VERTEX_POINT('',#2146);
#2146 = CARTESIAN_POINT('',(-1.910497317454,3.4,65.));
#2147 = SURFACE_CURVE('',#2148,(#2152,#2158),.PCURVE_S1.);
#2148 = LINE('',#2149,#2150);
#2149 = CARTESIAN_POINT('',(-8.65,3.4,65.));
#2150 = VECTOR('',#2151,1.);
#2151 = DIRECTION('',(-1.,0.,0.));
#2152 = PCURVE('',#1615,#2153);
#2153 = DEFINITIONAL_REPRESENTATION('',(#2154),#2157);
#2154 = B_SPLINE_CURVE_WITH_KNOTS('',1,(#2155,#2156),.UNSPECIFIED.,.F.,
  .F.,(2,2),(-25.95,8.65),.PIECEWISE_BEZIER_KNOTS.);
#2155 = CARTESIAN_POINT('',(17.3,3.4));
#2156 = CARTESIAN_POINT('',(-17.3,3.4));
#2157 = ( GEOMETRIC_REPRESENTATION_CONTEXT(2) 
PARAMETRIC_REPRESENTATION_CONTEXT() REPRESENTATION_CONTEXT('2D SPACE',''
  ) );
#2158 = PCURVE('',#2159,#2164);
#2159 = PLANE('',#2160);
#2160 = AXIS2_PLACEMENT_3D('',#2161,#2162,#2163);
#2161 = CARTESIAN_POINT('',(-17.3,3.4,64.));
#2162 = DIRECTION('',(0.,1.,0.));
#2163 = DIRECTION('',(0.,0.,1.));
#2164 = DEFINITIONAL_REPRESENTATION('',(#2165),#2168);
#2165 = B_SPLINE_CURVE_WITH_KNOTS('',1,(#2166,#2167),.UNSPECIFIED.,.F.,
  .F.,(2,2),(-25.95,8.65),.PIECEWISE_BEZIER_KNOTS.);
#2166 = CARTESIAN_POINT('',(1.,34.6));
#2167 = CARTESIAN_POINT('',(1.,0.));
#2168 = ( GEOMETRIC_REPRESENTATION_CONTEXT(2) 
PARAMETRIC_REPRESENTATION_CONTEXT() REPRESENTATION_CONTEXT('2D SPACE',''
  ) );
#2169 = ORIENTED_EDGE('',*,*,#2170,.T.);
#2170 = EDGE_CURVE('',#2145,#2171,#2173,.T.);
#2171 = VERTEX_POINT('',#2172);
#2172 = CARTESIAN_POINT('',(1.910497317454,3.4,65.));
#2173 = SURFACE_CURVE('',#2174,(#2179,#2190),.PCURVE_S1.);
#2174 = CIRCLE('',#2175,3.9);
#2175 = AXIS2_PLACEMENT_3D('',#2176,#2177,#2178);
#2176 = CARTESIAN_POINT('',(0.,0.,65.));
#2177 = DIRECTION('',(0.,0.,-1.));
#2178 = DIRECTION('',(1.,0.,0.));
#2179 = PCURVE('',#1615,#2180);
#2180 = DEFINITIONAL_REPRESENTATION('',(#2181),#2189);
#2181 = ( BOUNDED_CURVE() B_SPLINE_CURVE(2,(#2182,#2183,#2184,#2185,
#2186,#2187,#2188),.UNSPECIFIED.,.T.,.F.) B_SPLINE_CURVE_WITH_KNOTS((1,2
    ,2,2,2,1),(-2.094395102393,0.,2.094395102393,4.188790204786,
6.28318530718,8.377580409573),.UNSPECIFIED.) CURVE() 
GEOMETRIC_REPRESENTATION_ITEM() RATIONAL_B_SPLINE_CURVE((1.,0.5,1.,0.5,
1.,0.5,1.)) REPRESENTATION_ITEM('') );
#2182 = CARTESIAN_POINT('',(3.9,-3.759188932048E-16));
#2183 = CARTESIAN_POINT('',(3.9,-6.754998149519));
#2184 = CARTESIAN_POINT('',(-1.95,-3.377499074759));
#2185 = CARTESIAN_POINT('',(-7.8,-1.33114339654E-15));
#2186 = CARTESIAN_POINT('',(-1.95,3.377499074759));
#2187 = CARTESIAN_POINT('',(3.9,6.754998149519));
#2188 = CARTESIAN_POINT('',(3.9,-3.759188932048E-16));
#2189 = ( GEOMETRIC_REPRESENTATION_CONTEXT(2) 
PARAMETRIC_REPRESENTATION_CONTEXT() REPRESENTATION_CONTEXT('2D SPACE',''
  ) );
#2190 = PCURVE('',#2080,#2191);
#2191 = DEFINITIONAL_REPRESENTATION('',(#2192),#2196);
#2192 = LINE('',#2193,#2194);
#2193 = CARTESIAN_POINT('',(-6.28318530718,-1.));
#2194 = VECTOR('',#2195,1.);
#2195 = DIRECTION('',(1.,-0.));
#2196 = ( GEOMETRIC_REPRESENTATION_CONTEXT(2) 
PARAMETRIC_REPRESENTATION_CONTEXT() REPRESENTATION_CONTEXT('2D SPACE',''
  ) );
#2197 = ORIENTED_EDGE('',*,*,#2198,.F.);
#2198 = EDGE_CURVE('',#2008,#2171,#2199,.T.);
#2199 = SURFACE_CURVE('',#2200,(#2204,#2210),.PCURVE_S1.);
#2200 = LINE('',#2201,#2202);
#2201 = CARTESIAN_POINT('',(-8.65,3.4,65.));
#2202 = VECTOR('',#2203,1.);
#2203 = DIRECTION('',(-1.,0.,0.));
#2204 = PCURVE('',#1615,#2205);
#2205 = DEFINITIONAL_REPRESENTATION('',(#2206),#2209);
#2206 = B_SPLINE_CURVE_WITH_KNOTS('',1,(#2207,#2208),.UNSPECIFIED.,.F.,
  .F.,(2,2),(-25.95,8.65),.PIECEWISE_BEZIER_KNOTS.);
#2207 = CARTESIAN_POINT('',(17.3,3.4));
#2208 = CARTESIAN_POINT('',(-17.3,3.4));
#2209 = ( GEOMETRIC_REPRESENTATION_CONTEXT(2) 
PARAMETRIC_REPRESENTATION_CONTEXT() REPRESENTATION_CONTEXT('2D SPACE',''
  ) );
#2210 = PCURVE('',#2211,#2216);
#2211 = PLANE('',#2212);
#2212 = AXIS2_PLACEMENT_3D('',#2213,#2214,#2215);
#2213 = CARTESIAN_POINT('',(-17.3,3.4,64.));
#2214 = DIRECTION('',(0.,1.,0.));
#2215 = DIRECTION('',(0.,0.,1.));
#2216 = DEFINITIONAL_REPRESENTATION('',(#2217),#2220);
#2217 = B_SPLINE_CURVE_WITH_KNOTS('',1,(#2218,#2219),.UNSPECIFIED.,.F.,
  .F.,(2,2),(-25.95,8.65),.PIECEWISE_BEZIER_KNOTS.);
#2218 = CARTESIAN_POINT('',(1.,34.6));
#2219 = CARTESIAN_POINT('',(1.,0.));
#2220 = ( GEOMETRIC_REPRESENTATION_CONTEXT(2) 
PARAMETRIC_REPRESENTATION_CONTEXT() REPRESENTATION_CONTEXT('2D SPACE',''
  ) );
#2221 = ADVANCED_FACE('',(#2222),#1654,.F.);
#2222 = FACE_BOUND('',#2223,.T.);
#2223 = EDGE_LOOP('',(#2224,#2225,#2246,#2247));
#2224 = ORIENTED_EDGE('',*,*,#1633,.T.);
#2225 = ORIENTED_EDGE('',*,*,#2226,.T.);
#2226 = EDGE_CURVE('',#1634,#1945,#2227,.T.);
#2227 = SEAM_CURVE('',#2228,(#2232,#2239),.PCURVE_S1.);
#2228 = LINE('',#2229,#2230);
#2229 = CARTESIAN_POINT('',(-14.,1.125,74.6));
#2230 = VECTOR('',#2231,1.);
#2231 = DIRECTION('',(1.,0.,0.));
#2232 = PCURVE('',#1654,#2233);
#2233 = DEFINITIONAL_REPRESENTATION('',(#2234),#2238);
#2234 = LINE('',#2235,#2236);
#2235 = CARTESIAN_POINT('',(-6.28318530718,0.));
#2236 = VECTOR('',#2237,1.);
#2237 = DIRECTION('',(-0.,-1.));
#2238 = ( GEOMETRIC_REPRESENTATION_CONTEXT(2) 
PARAMETRIC_REPRESENTATION_CONTEXT() REPRESENTATION_CONTEXT('2D SPACE',''
  ) );
#2239 = PCURVE('',#1654,#2240);
#2240 = DEFINITIONAL_REPRESENTATION('',(#2241),#2245);
#2241 = LINE('',#2242,#2243);
#2242 = CARTESIAN_POINT('',(-0.,0.));
#2243 = VECTOR('',#2244,1.);
#2244 = DIRECTION('',(-0.,-1.));
#2245 = ( GEOMETRIC_REPRESENTATION_CONTEXT(2) 
PARAMETRIC_REPRESENTATION_CONTEXT() REPRESENTATION_CONTEXT('2D SPACE',''
  ) );
#2246 = ORIENTED_EDGE('',*,*,#1944,.F.);
#2247 = ORIENTED_EDGE('',*,*,#2226,.F.);
#2248 = ADVANCED_FACE('',(#2249,#2256),#1737,.T.);
#2249 = FACE_BOUND('',#2250,.T.);
#2250 = EDGE_LOOP('',(#2251,#2252,#2253,#2254,#2255));
#2251 = ORIENTED_EDGE('',*,*,#1975,.T.);
#2252 = ORIENTED_EDGE('',*,*,#1719,.T.);
#2253 = ORIENTED_EDGE('',*,*,#1798,.T.);
#2254 = ORIENTED_EDGE('',*,*,#1847,.T.);
#2255 = ORIENTED_EDGE('',*,*,#1896,.T.);
#2256 = FACE_BOUND('',#2257,.T.);
#2257 = EDGE_LOOP('',(#2258));
#2258 = ORIENTED_EDGE('',*,*,#2259,.T.);
#2259 = EDGE_CURVE('',#2260,#2260,#2262,.T.);
#2260 = VERTEX_POINT('',#2261);
#2261 = CARTESIAN_POINT('',(2.75,0.,69.6));
#2262 = SURFACE_CURVE('',#2263,(#2268,#2279),.PCURVE_S1.);
#2263 = CIRCLE('',#2264,2.75);
#2264 = AXIS2_PLACEMENT_3D('',#2265,#2266,#2267);
#2265 = CARTESIAN_POINT('',(0.,0.,69.6));
#2266 = DIRECTION('',(0.,0.,-1.));
#2267 = DIRECTION('',(1.,0.,0.));
#2268 = PCURVE('',#1737,#2269);
#2269 = DEFINITIONAL_REPRESENTATION('',(#2270),#2278);
#2270 = ( BOUNDED_CURVE() B_SPLINE_CURVE(2,(#2271,#2272,#2273,#2274,
#2275,#2276,#2277),.UNSPECIFIED.,.T.,.F.) B_SPLINE_CURVE_WITH_KNOTS((1,2
    ,2,2,2,1),(-2.094395102393,0.,2.094395102393,4.188790204786,
6.28318530718,8.377580409573),.UNSPECIFIED.) CURVE() 
GEOMETRIC_REPRESENTATION_ITEM() RATIONAL_B_SPLINE_CURVE((1.,0.5,1.,0.5,
1.,0.5,1.)) REPRESENTATION_ITEM('') );
#2271 = CARTESIAN_POINT('',(2.952628553494,0.202628553494));
#2272 = CARTESIAN_POINT('',(2.952628553494,-4.56051116732));
#2273 = CARTESIAN_POINT('',(-1.172371446506,-2.178941306913));
#2274 = CARTESIAN_POINT('',(-5.297371446506,0.202628553494));
#2275 = CARTESIAN_POINT('',(-1.172371446506,2.584198413901));
#2276 = CARTESIAN_POINT('',(2.952628553494,4.965768274309));
#2277 = CARTESIAN_POINT('',(2.952628553494,0.202628553494));
#2278 = ( GEOMETRIC_REPRESENTATION_CONTEXT(2) 
PARAMETRIC_REPRESENTATION_CONTEXT() REPRESENTATION_CONTEXT('2D SPACE',''
  ) );
#2279 = PCURVE('',#2280,#2285);
#2280 = CYLINDRICAL_SURFACE('',#2281,2.75);
#2281 = AXIS2_PLACEMENT_3D('',#2282,#2283,#2284);
#2282 = CARTESIAN_POINT('',(0.,0.,64.));
#2283 = DIRECTION('',(-0.,-0.,-1.));
#2284 = DIRECTION('',(1.,0.,0.));
#2285 = DEFINITIONAL_REPRESENTATION('',(#2286),#2290);
#2286 = LINE('',#2287,#2288);
#2287 = CARTESIAN_POINT('',(-6.28318530718,-5.6));
#2288 = VECTOR('',#2289,1.);
#2289 = DIRECTION('',(1.,-0.));
#2290 = ( GEOMETRIC_REPRESENTATION_CONTEXT(2) 
PARAMETRIC_REPRESENTATION_CONTEXT() REPRESENTATION_CONTEXT('2D SPACE',''
  ) );
#2291 = ADVANCED_FACE('',(#2292),#2022,.F.);
#2292 = FACE_BOUND('',#2293,.F.);
#2293 = EDGE_LOOP('',(#2294,#2317,#2318,#2341));
#2294 = ORIENTED_EDGE('',*,*,#2295,.F.);
#2295 = EDGE_CURVE('',#2006,#2296,#2298,.T.);
#2296 = VERTEX_POINT('',#2297);
#2297 = CARTESIAN_POINT('',(17.3,-3.4,67.));
#2298 = SURFACE_CURVE('',#2299,(#2303,#2310),.PCURVE_S1.);
#2299 = LINE('',#2300,#2301);
#2300 = CARTESIAN_POINT('',(17.3,-3.4,64.));
#2301 = VECTOR('',#2302,1.);
#2302 = DIRECTION('',(0.,0.,1.));
#2303 = PCURVE('',#2022,#2304);
#2304 = DEFINITIONAL_REPRESENTATION('',(#2305),#2309);
#2305 = LINE('',#2306,#2307);
#2306 = CARTESIAN_POINT('',(0.,0.));
#2307 = VECTOR('',#2308,1.);
#2308 = DIRECTION('',(1.,0.));
#2309 = ( GEOMETRIC_REPRESENTATION_CONTEXT(2) 
PARAMETRIC_REPRESENTATION_CONTEXT() REPRESENTATION_CONTEXT('2D SPACE',''
  ) );
#2310 = PCURVE('',#2048,#2311);
#2311 = DEFINITIONAL_REPRESENTATION('',(#2312),#2316);
#2312 = LINE('',#2313,#2314);
#2313 = CARTESIAN_POINT('',(0.,34.6));
#2314 = VECTOR('',#2315,1.);
#2315 = DIRECTION('',(1.,0.));
#2316 = ( GEOMETRIC_REPRESENTATION_CONTEXT(2) 
PARAMETRIC_REPRESENTATION_CONTEXT() REPRESENTATION_CONTEXT('2D SPACE',''
  ) );
#2317 = ORIENTED_EDGE('',*,*,#2005,.T.);
#2318 = ORIENTED_EDGE('',*,*,#2319,.T.);
#2319 = EDGE_CURVE('',#2008,#2320,#2322,.T.);
#2320 = VERTEX_POINT('',#2321);
#2321 = CARTESIAN_POINT('',(17.3,3.4,67.));
#2322 = SURFACE_CURVE('',#2323,(#2327,#2334),.PCURVE_S1.);
#2323 = LINE('',#2324,#2325);
#2324 = CARTESIAN_POINT('',(17.3,3.4,64.));
#2325 = VECTOR('',#2326,1.);
#2326 = DIRECTION('',(0.,0.,1.));
#2327 = PCURVE('',#2022,#2328);
#2328 = DEFINITIONAL_REPRESENTATION('',(#2329),#2333);
#2329 = LINE('',#2330,#2331);
#2330 = CARTESIAN_POINT('',(0.,-6.8));
#2331 = VECTOR('',#2332,1.);
#2332 = DIRECTION('',(1.,0.));
#2333 = ( GEOMETRIC_REPRESENTATION_CONTEXT(2) 
PARAMETRIC_REPRESENTATION_CONTEXT() REPRESENTATION_CONTEXT('2D SPACE',''
  ) );
#2334 = PCURVE('',#2211,#2335);
#2335 = DEFINITIONAL_REPRESENTATION('',(#2336),#2340);
#2336 = LINE('',#2337,#2338);
#2337 = CARTESIAN_POINT('',(0.,34.6));
#2338 = VECTOR('',#2339,1.);
#2339 = DIRECTION('',(1.,0.));
#2340 = ( GEOMETRIC_REPRESENTATION_CONTEXT(2) 
PARAMETRIC_REPRESENTATION_CONTEXT() REPRESENTATION_CONTEXT('2D SPACE',''
  ) );
#2341 = ORIENTED_EDGE('',*,*,#2342,.F.);
#2342 = EDGE_CURVE('',#2296,#2320,#2343,.T.);
#2343 = SURFACE_CURVE('',#2344,(#2348,#2355),.PCURVE_S1.);
#2344 = LINE('',#2345,#2346);
#2345 = CARTESIAN_POINT('',(17.3,-3.4,67.));
#2346 = VECTOR('',#2347,1.);
#2347 = DIRECTION('',(0.,1.,0.));
#2348 = PCURVE('',#2022,#2349);
#2349 = DEFINITIONAL_REPRESENTATION('',(#2350),#2354);
#2350 = LINE('',#2351,#2352);
#2351 = CARTESIAN_POINT('',(3.,0.));
#2352 = VECTOR('',#2353,1.);
#2353 = DIRECTION('',(0.,-1.));
#2354 = ( GEOMETRIC_REPRESENTATION_CONTEXT(2) 
PARAMETRIC_REPRESENTATION_CONTEXT() REPRESENTATION_CONTEXT('2D SPACE',''
  ) );
#2355 = PCURVE('',#2356,#2361);
#2356 = PLANE('',#2357);
#2357 = AXIS2_PLACEMENT_3D('',#2358,#2359,#2360);
#2358 = CARTESIAN_POINT('',(-17.3,-3.4,67.));
#2359 = DIRECTION('',(0.,0.,1.));
#2360 = DIRECTION('',(1.,0.,0.));
#2361 = DEFINITIONAL_REPRESENTATION('',(#2362),#2366);
#2362 = LINE('',#2363,#2364);
#2363 = CARTESIAN_POINT('',(34.6,0.));
#2364 = VECTOR('',#2365,1.);
#2365 = DIRECTION('',(0.,1.));
#2366 = ( GEOMETRIC_REPRESENTATION_CONTEXT(2) 
PARAMETRIC_REPRESENTATION_CONTEXT() REPRESENTATION_CONTEXT('2D SPACE',''
  ) );
#2367 = ADVANCED_FACE('',(#2368),#2211,.F.);
#2368 = FACE_BOUND('',#2369,.F.);
#2369 = EDGE_LOOP('',(#2370,#2371,#2372,#2393));
#2370 = ORIENTED_EDGE('',*,*,#2319,.F.);
#2371 = ORIENTED_EDGE('',*,*,#2198,.T.);
#2372 = ORIENTED_EDGE('',*,*,#2373,.F.);
#2373 = EDGE_CURVE('',#2374,#2171,#2376,.T.);
#2374 = VERTEX_POINT('',#2375);
#2375 = CARTESIAN_POINT('',(1.910497317454,3.4,67.));
#2376 = SURFACE_CURVE('',#2377,(#2381,#2387),.PCURVE_S1.);
#2377 = LINE('',#2378,#2379);
#2378 = CARTESIAN_POINT('',(1.910497317454,3.4,64.));
#2379 = VECTOR('',#2380,1.);
#2380 = DIRECTION('',(-0.,-0.,-1.));
#2381 = PCURVE('',#2211,#2382);
#2382 = DEFINITIONAL_REPRESENTATION('',(#2383),#2386);
#2383 = B_SPLINE_CURVE_WITH_KNOTS('',1,(#2384,#2385),.UNSPECIFIED.,.F.,
  .F.,(2,2),(-3.2,-0.8),.PIECEWISE_BEZIER_KNOTS.);
#2384 = CARTESIAN_POINT('',(3.2,19.210497317454));
#2385 = CARTESIAN_POINT('',(0.8,19.210497317454));
#2386 = ( GEOMETRIC_REPRESENTATION_CONTEXT(2) 
PARAMETRIC_REPRESENTATION_CONTEXT() REPRESENTATION_CONTEXT('2D SPACE',''
  ) );
#2387 = PCURVE('',#2080,#2388);
#2388 = DEFINITIONAL_REPRESENTATION('',(#2389),#2392);
#2389 = B_SPLINE_CURVE_WITH_KNOTS('',1,(#2390,#2391),.UNSPECIFIED.,.F.,
  .F.,(2,2),(-3.2,-0.8),.PIECEWISE_BEZIER_KNOTS.);
#2390 = CARTESIAN_POINT('',(-1.058854427811,-3.2));
#2391 = CARTESIAN_POINT('',(-1.058854427811,-0.8));
#2392 = ( GEOMETRIC_REPRESENTATION_CONTEXT(2) 
PARAMETRIC_REPRESENTATION_CONTEXT() REPRESENTATION_CONTEXT('2D SPACE',''
  ) );
#2393 = ORIENTED_EDGE('',*,*,#2394,.T.);
#2394 = EDGE_CURVE('',#2374,#2320,#2395,.T.);
#2395 = SURFACE_CURVE('',#2396,(#2400,#2407),.PCURVE_S1.);
#2396 = LINE('',#2397,#2398);
#2397 = CARTESIAN_POINT('',(-17.3,3.4,67.));
#2398 = VECTOR('',#2399,1.);
#2399 = DIRECTION('',(1.,0.,0.));
#2400 = PCURVE('',#2211,#2401);
#2401 = DEFINITIONAL_REPRESENTATION('',(#2402),#2406);
#2402 = LINE('',#2403,#2404);
#2403 = CARTESIAN_POINT('',(3.,0.));
#2404 = VECTOR('',#2405,1.);
#2405 = DIRECTION('',(0.,1.));
#2406 = ( GEOMETRIC_REPRESENTATION_CONTEXT(2) 
PARAMETRIC_REPRESENTATION_CONTEXT() REPRESENTATION_CONTEXT('2D SPACE',''
  ) );
#2407 = PCURVE('',#2356,#2408);
#2408 = DEFINITIONAL_REPRESENTATION('',(#2409),#2413);
#2409 = LINE('',#2410,#2411);
#2410 = CARTESIAN_POINT('',(0.,6.8));
#2411 = VECTOR('',#2412,1.);
#2412 = DIRECTION('',(1.,0.));
#2413 = ( GEOMETRIC_REPRESENTATION_CONTEXT(2) 
PARAMETRIC_REPRESENTATION_CONTEXT() REPRESENTATION_CONTEXT('2D SPACE',''
  ) );
#2414 = ADVANCED_FACE('',(#2415),#2080,.F.);
#2415 = FACE_BOUND('',#2416,.T.);
#2416 = EDGE_LOOP('',(#2417,#2445,#2468,#2495,#2496,#2524,#2543,#2544,
    #2565,#2598,#2617,#2618));
#2417 = ORIENTED_EDGE('',*,*,#2418,.T.);
#2418 = EDGE_CURVE('',#2374,#2419,#2421,.T.);
#2419 = VERTEX_POINT('',#2420);
#2420 = CARTESIAN_POINT('',(3.9,0.,67.));
#2421 = SURFACE_CURVE('',#2422,(#2427,#2434),.PCURVE_S1.);
#2422 = CIRCLE('',#2423,3.9);
#2423 = AXIS2_PLACEMENT_3D('',#2424,#2425,#2426);
#2424 = CARTESIAN_POINT('',(0.,0.,67.));
#2425 = DIRECTION('',(0.,0.,-1.));
#2426 = DIRECTION('',(1.,0.,0.));
#2427 = PCURVE('',#2080,#2428);
#2428 = DEFINITIONAL_REPRESENTATION('',(#2429),#2433);
#2429 = LINE('',#2430,#2431);
#2430 = CARTESIAN_POINT('',(-6.28318530718,-3.));
#2431 = VECTOR('',#2432,1.);
#2432 = DIRECTION('',(1.,-0.));
#2433 = ( GEOMETRIC_REPRESENTATION_CONTEXT(2) 
PARAMETRIC_REPRESENTATION_CONTEXT() REPRESENTATION_CONTEXT('2D SPACE',''
  ) );
#2434 = PCURVE('',#2356,#2435);
#2435 = DEFINITIONAL_REPRESENTATION('',(#2436),#2444);
#2436 = ( BOUNDED_CURVE() B_SPLINE_CURVE(2,(#2437,#2438,#2439,#2440,
#2441,#2442,#2443),.UNSPECIFIED.,.T.,.F.) B_SPLINE_CURVE_WITH_KNOTS((1,2
    ,2,2,2,1),(-2.094395102393,0.,2.094395102393,4.188790204786,
6.28318530718,8.377580409573),.UNSPECIFIED.) CURVE() 
GEOMETRIC_REPRESENTATION_ITEM() RATIONAL_B_SPLINE_CURVE((1.,0.5,1.,0.5,
1.,0.5,1.)) REPRESENTATION_ITEM('') );
#2437 = CARTESIAN_POINT('',(21.2,3.4));
#2438 = CARTESIAN_POINT('',(21.2,-3.354998149519));
#2439 = CARTESIAN_POINT('',(15.35,2.250092524069E-02));
#2440 = CARTESIAN_POINT('',(9.5,3.4));
#2441 = CARTESIAN_POINT('',(15.35,6.777499074759));
#2442 = CARTESIAN_POINT('',(21.2,10.154998149519));
#2443 = CARTESIAN_POINT('',(21.2,3.4));
#2444 = ( GEOMETRIC_REPRESENTATION_CONTEXT(2) 
PARAMETRIC_REPRESENTATION_CONTEXT() REPRESENTATION_CONTEXT('2D SPACE',''
  ) );
#2445 = ORIENTED_EDGE('',*,*,#2446,.T.);
#2446 = EDGE_CURVE('',#2419,#2447,#2449,.T.);
#2447 = VERTEX_POINT('',#2448);
#2448 = CARTESIAN_POINT('',(3.9,0.,67.8));
#2449 = SEAM_CURVE('',#2450,(#2454,#2461),.PCURVE_S1.);
#2450 = LINE('',#2451,#2452);
#2451 = CARTESIAN_POINT('',(3.9,0.,64.));
#2452 = VECTOR('',#2453,1.);
#2453 = DIRECTION('',(0.,0.,1.));
#2454 = PCURVE('',#2080,#2455);
#2455 = DEFINITIONAL_REPRESENTATION('',(#2456),#2460);
#2456 = LINE('',#2457,#2458);
#2457 = CARTESIAN_POINT('',(-6.28318530718,0.));
#2458 = VECTOR('',#2459,1.);
#2459 = DIRECTION('',(-0.,-1.));
#2460 = ( GEOMETRIC_REPRESENTATION_CONTEXT(2) 
PARAMETRIC_REPRESENTATION_CONTEXT() REPRESENTATION_CONTEXT('2D SPACE',''
  ) );
#2461 = PCURVE('',#2080,#2462);
#2462 = DEFINITIONAL_REPRESENTATION('',(#2463),#2467);
#2463 = LINE('',#2464,#2465);
#2464 = CARTESIAN_POINT('',(-0.,0.));
#2465 = VECTOR('',#2466,1.);
#2466 = DIRECTION('',(-0.,-1.));
#2467 = ( GEOMETRIC_REPRESENTATION_CONTEXT(2) 
PARAMETRIC_REPRESENTATION_CONTEXT() REPRESENTATION_CONTEXT('2D SPACE',''
  ) );
#2468 = ORIENTED_EDGE('',*,*,#2469,.T.);
#2469 = EDGE_CURVE('',#2447,#2447,#2470,.T.);
#2470 = SURFACE_CURVE('',#2471,(#2476,#2483),.PCURVE_S1.);
#2471 = CIRCLE('',#2472,3.9);
#2472 = AXIS2_PLACEMENT_3D('',#2473,#2474,#2475);
#2473 = CARTESIAN_POINT('',(0.,0.,67.8));
#2474 = DIRECTION('',(0.,0.,1.));
#2475 = DIRECTION('',(1.,0.,0.));
#2476 = PCURVE('',#2080,#2477);
#2477 = DEFINITIONAL_REPRESENTATION('',(#2478),#2482);
#2478 = LINE('',#2479,#2480);
#2479 = CARTESIAN_POINT('',(-0.,-3.8));
#2480 = VECTOR('',#2481,1.);
#2481 = DIRECTION('',(-1.,0.));
#2482 = ( GEOMETRIC_REPRESENTATION_CONTEXT(2) 
PARAMETRIC_REPRESENTATION_CONTEXT() REPRESENTATION_CONTEXT('2D SPACE',''
  ) );
#2483 = PCURVE('',#2484,#2489);
#2484 = PLANE('',#2485);
#2485 = AXIS2_PLACEMENT_3D('',#2486,#2487,#2488);
#2486 = CARTESIAN_POINT('',(-2.629692562576E-16,1.91421591121E-16,67.8)
  );
#2487 = DIRECTION('',(0.,0.,1.));
#2488 = DIRECTION('',(1.,0.,-0.));
#2489 = DEFINITIONAL_REPRESENTATION('',(#2490),#2494);
#2490 = CIRCLE('',#2491,3.9);
#2491 = AXIS2_PLACEMENT_2D('',#2492,#2493);
#2492 = CARTESIAN_POINT('',(2.629692562576E-16,-1.91421591121E-16));
#2493 = DIRECTION('',(1.,0.));
#2494 = ( GEOMETRIC_REPRESENTATION_CONTEXT(2) 
PARAMETRIC_REPRESENTATION_CONTEXT() REPRESENTATION_CONTEXT('2D SPACE',''
  ) );
#2495 = ORIENTED_EDGE('',*,*,#2446,.F.);
#2496 = ORIENTED_EDGE('',*,*,#2497,.T.);
#2497 = EDGE_CURVE('',#2419,#2498,#2500,.T.);
#2498 = VERTEX_POINT('',#2499);
#2499 = CARTESIAN_POINT('',(1.910497317454,-3.4,67.));
#2500 = SURFACE_CURVE('',#2501,(#2506,#2513),.PCURVE_S1.);
#2501 = CIRCLE('',#2502,3.9);
#2502 = AXIS2_PLACEMENT_3D('',#2503,#2504,#2505);
#2503 = CARTESIAN_POINT('',(0.,0.,67.));
#2504 = DIRECTION('',(0.,0.,-1.));
#2505 = DIRECTION('',(1.,0.,0.));
#2506 = PCURVE('',#2080,#2507);
#2507 = DEFINITIONAL_REPRESENTATION('',(#2508),#2512);
#2508 = LINE('',#2509,#2510);
#2509 = CARTESIAN_POINT('',(-6.28318530718,-3.));
#2510 = VECTOR('',#2511,1.);
#2511 = DIRECTION('',(1.,-0.));
#2512 = ( GEOMETRIC_REPRESENTATION_CONTEXT(2) 
PARAMETRIC_REPRESENTATION_CONTEXT() REPRESENTATION_CONTEXT('2D SPACE',''
  ) );
#2513 = PCURVE('',#2356,#2514);
#2514 = DEFINITIONAL_REPRESENTATION('',(#2515),#2523);
#2515 = ( BOUNDED_CURVE() B_SPLINE_CURVE(2,(#2516,#2517,#2518,#2519,
#2520,#2521,#2522),.UNSPECIFIED.,.T.,.F.) B_SPLINE_CURVE_WITH_KNOTS((1,2
    ,2,2,2,1),(-2.094395102393,0.,2.094395102393,4.188790204786,
6.28318530718,8.377580409573),.UNSPECIFIED.) CURVE() 
GEOMETRIC_REPRESENTATION_ITEM() RATIONAL_B_SPLINE_CURVE((1.,0.5,1.,0.5,
1.,0.5,1.)) REPRESENTATION_ITEM('') );
#2516 = CARTESIAN_POINT('',(21.2,3.4));
#2517 = CARTESIAN_POINT('',(21.2,-3.354998149519));
#2518 = CARTESIAN_POINT('',(15.35,2.250092524069E-02));
#2519 = CARTESIAN_POINT('',(9.5,3.4));
#2520 = CARTESIAN_POINT('',(15.35,6.777499074759));
#2521 = CARTESIAN_POINT('',(21.2,10.154998149519));
#2522 = CARTESIAN_POINT('',(21.2,3.4));
#2523 = ( GEOMETRIC_REPRESENTATION_CONTEXT(2) 
PARAMETRIC_REPRESENTATION_CONTEXT() REPRESENTATION_CONTEXT('2D SPACE',''
  ) );
#2524 = ORIENTED_EDGE('',*,*,#2525,.T.);
#2525 = EDGE_CURVE('',#2498,#2034,#2526,.T.);
#2526 = SURFACE_CURVE('',#2527,(#2531,#2537),.PCURVE_S1.);
#2527 = LINE('',#2528,#2529);
#2528 = CARTESIAN_POINT('',(1.910497317454,-3.4,64.));
#2529 = VECTOR('',#2530,1.);
#2530 = DIRECTION('',(-0.,-0.,-1.));
#2531 = PCURVE('',#2080,#2532);
#2532 = DEFINITIONAL_REPRESENTATION('',(#2533),#2536);
#2533 = B_SPLINE_CURVE_WITH_KNOTS('',1,(#2534,#2535),.UNSPECIFIED.,.F.,
  .F.,(2,2),(-3.2,-0.8),.PIECEWISE_BEZIER_KNOTS.);
#2534 = CARTESIAN_POINT('',(-5.224330879369,-3.2));
#2535 = CARTESIAN_POINT('',(-5.224330879369,-0.8));
#2536 = ( GEOMETRIC_REPRESENTATION_CONTEXT(2) 
PARAMETRIC_REPRESENTATION_CONTEXT() REPRESENTATION_CONTEXT('2D SPACE',''
  ) );
#2537 = PCURVE('',#2048,#2538);
#2538 = DEFINITIONAL_REPRESENTATION('',(#2539),#2542);
#2539 = B_SPLINE_CURVE_WITH_KNOTS('',1,(#2540,#2541),.UNSPECIFIED.,.F.,
  .F.,(2,2),(-3.2,-0.8),.PIECEWISE_BEZIER_KNOTS.);
#2540 = CARTESIAN_POINT('',(3.2,19.210497317454));
#2541 = CARTESIAN_POINT('',(0.8,19.210497317454));
#2542 = ( GEOMETRIC_REPRESENTATION_CONTEXT(2) 
PARAMETRIC_REPRESENTATION_CONTEXT() REPRESENTATION_CONTEXT('2D SPACE',''
  ) );
#2543 = ORIENTED_EDGE('',*,*,#2059,.T.);
#2544 = ORIENTED_EDGE('',*,*,#2545,.F.);
#2545 = EDGE_CURVE('',#2546,#2060,#2548,.T.);
#2546 = VERTEX_POINT('',#2547);
#2547 = CARTESIAN_POINT('',(-1.910497317454,-3.4,67.));
#2548 = SURFACE_CURVE('',#2549,(#2553,#2559),.PCURVE_S1.);
#2549 = LINE('',#2550,#2551);
#2550 = CARTESIAN_POINT('',(-1.910497317454,-3.4,64.));
#2551 = VECTOR('',#2552,1.);
#2552 = DIRECTION('',(-0.,-0.,-1.));
#2553 = PCURVE('',#2080,#2554);
#2554 = DEFINITIONAL_REPRESENTATION('',(#2555),#2558);
#2555 = B_SPLINE_CURVE_WITH_KNOTS('',1,(#2556,#2557),.UNSPECIFIED.,.F.,
  .F.,(2,2),(-3.2,-0.8),.PIECEWISE_BEZIER_KNOTS.);
#2556 = CARTESIAN_POINT('',(-4.200447081401,-3.2));
#2557 = CARTESIAN_POINT('',(-4.200447081401,-0.8));
#2558 = ( GEOMETRIC_REPRESENTATION_CONTEXT(2) 
PARAMETRIC_REPRESENTATION_CONTEXT() REPRESENTATION_CONTEXT('2D SPACE',''
  ) );
#2559 = PCURVE('',#2107,#2560);
#2560 = DEFINITIONAL_REPRESENTATION('',(#2561),#2564);
#2561 = B_SPLINE_CURVE_WITH_KNOTS('',1,(#2562,#2563),.UNSPECIFIED.,.F.,
  .F.,(2,2),(-3.2,-0.8),.PIECEWISE_BEZIER_KNOTS.);
#2562 = CARTESIAN_POINT('',(3.2,15.389502682546));
#2563 = CARTESIAN_POINT('',(0.8,15.389502682546));
#2564 = ( GEOMETRIC_REPRESENTATION_CONTEXT(2) 
PARAMETRIC_REPRESENTATION_CONTEXT() REPRESENTATION_CONTEXT('2D SPACE',''
  ) );
#2565 = ORIENTED_EDGE('',*,*,#2566,.T.);
#2566 = EDGE_CURVE('',#2546,#2567,#2569,.T.);
#2567 = VERTEX_POINT('',#2568);
#2568 = CARTESIAN_POINT('',(-1.910497317454,3.4,67.));
#2569 = SURFACE_CURVE('',#2570,(#2575,#2582),.PCURVE_S1.);
#2570 = CIRCLE('',#2571,3.9);
#2571 = AXIS2_PLACEMENT_3D('',#2572,#2573,#2574);
#2572 = CARTESIAN_POINT('',(0.,0.,67.));
#2573 = DIRECTION('',(0.,0.,-1.));
#2574 = DIRECTION('',(1.,0.,0.));
#2575 = PCURVE('',#2080,#2576);
#2576 = DEFINITIONAL_REPRESENTATION('',(#2577),#2581);
#2577 = LINE('',#2578,#2579);
#2578 = CARTESIAN_POINT('',(-6.28318530718,-3.));
#2579 = VECTOR('',#2580,1.);
#2580 = DIRECTION('',(1.,-0.));
#2581 = ( GEOMETRIC_REPRESENTATION_CONTEXT(2) 
PARAMETRIC_REPRESENTATION_CONTEXT() REPRESENTATION_CONTEXT('2D SPACE',''
  ) );
#2582 = PCURVE('',#2583,#2588);
#2583 = PLANE('',#2584);
#2584 = AXIS2_PLACEMENT_3D('',#2585,#2586,#2587);
#2585 = CARTESIAN_POINT('',(-17.3,-3.4,67.));
#2586 = DIRECTION('',(0.,0.,1.));
#2587 = DIRECTION('',(1.,0.,0.));
#2588 = DEFINITIONAL_REPRESENTATION('',(#2589),#2597);
#2589 = ( BOUNDED_CURVE() B_SPLINE_CURVE(2,(#2590,#2591,#2592,#2593,
#2594,#2595,#2596),.UNSPECIFIED.,.T.,.F.) B_SPLINE_CURVE_WITH_KNOTS((1,2
    ,2,2,2,1),(-2.094395102393,0.,2.094395102393,4.188790204786,
6.28318530718,8.377580409573),.UNSPECIFIED.) CURVE() 
GEOMETRIC_REPRESENTATION_ITEM() RATIONAL_B_SPLINE_CURVE((1.,0.5,1.,0.5,
1.,0.5,1.)) REPRESENTATION_ITEM('') );
#2590 = CARTESIAN_POINT('',(21.2,3.4));
#2591 = CARTESIAN_POINT('',(21.2,-3.354998149519));
#2592 = CARTESIAN_POINT('',(15.35,2.250092524069E-02));
#2593 = CARTESIAN_POINT('',(9.5,3.4));
#2594 = CARTESIAN_POINT('',(15.35,6.777499074759));
#2595 = CARTESIAN_POINT('',(21.2,10.154998149519));
#2596 = CARTESIAN_POINT('',(21.2,3.4));
#2597 = ( GEOMETRIC_REPRESENTATION_CONTEXT(2) 
PARAMETRIC_REPRESENTATION_CONTEXT() REPRESENTATION_CONTEXT('2D SPACE',''
  ) );
#2598 = ORIENTED_EDGE('',*,*,#2599,.T.);
#2599 = EDGE_CURVE('',#2567,#2145,#2600,.T.);
#2600 = SURFACE_CURVE('',#2601,(#2605,#2611),.PCURVE_S1.);
#2601 = LINE('',#2602,#2603);
#2602 = CARTESIAN_POINT('',(-1.910497317454,3.4,64.));
#2603 = VECTOR('',#2604,1.);
#2604 = DIRECTION('',(-0.,-0.,-1.));
#2605 = PCURVE('',#2080,#2606);
#2606 = DEFINITIONAL_REPRESENTATION('',(#2607),#2610);
#2607 = B_SPLINE_CURVE_WITH_KNOTS('',1,(#2608,#2609),.UNSPECIFIED.,.F.,
  .F.,(2,2),(-3.2,-0.8),.PIECEWISE_BEZIER_KNOTS.);
#2608 = CARTESIAN_POINT('',(-2.082738225779,-3.2));
#2609 = CARTESIAN_POINT('',(-2.082738225779,-0.8));
#2610 = ( GEOMETRIC_REPRESENTATION_CONTEXT(2) 
PARAMETRIC_REPRESENTATION_CONTEXT() REPRESENTATION_CONTEXT('2D SPACE',''
  ) );
#2611 = PCURVE('',#2159,#2612);
#2612 = DEFINITIONAL_REPRESENTATION('',(#2613),#2616);
#2613 = B_SPLINE_CURVE_WITH_KNOTS('',1,(#2614,#2615),.UNSPECIFIED.,.F.,
  .F.,(2,2),(-3.2,-0.8),.PIECEWISE_BEZIER_KNOTS.);
#2614 = CARTESIAN_POINT('',(3.2,15.389502682546));
#2615 = CARTESIAN_POINT('',(0.8,15.389502682546));
#2616 = ( GEOMETRIC_REPRESENTATION_CONTEXT(2) 
PARAMETRIC_REPRESENTATION_CONTEXT() REPRESENTATION_CONTEXT('2D SPACE',''
  ) );
#2617 = ORIENTED_EDGE('',*,*,#2170,.T.);
#2618 = ORIENTED_EDGE('',*,*,#2373,.F.);
#2619 = ADVANCED_FACE('',(#2620),#2159,.F.);
#2620 = FACE_BOUND('',#2621,.F.);
#2621 = EDGE_LOOP('',(#2622,#2623,#2624,#2647));
#2622 = ORIENTED_EDGE('',*,*,#2599,.T.);
#2623 = ORIENTED_EDGE('',*,*,#2144,.T.);
#2624 = ORIENTED_EDGE('',*,*,#2625,.T.);
#2625 = EDGE_CURVE('',#2119,#2626,#2628,.T.);
#2626 = VERTEX_POINT('',#2627);
#2627 = CARTESIAN_POINT('',(-17.3,3.4,67.));
#2628 = SURFACE_CURVE('',#2629,(#2633,#2640),.PCURVE_S1.);
#2629 = LINE('',#2630,#2631);
#2630 = CARTESIAN_POINT('',(-17.3,3.4,64.));
#2631 = VECTOR('',#2632,1.);
#2632 = DIRECTION('',(0.,0.,1.));
#2633 = PCURVE('',#2159,#2634);
#2634 = DEFINITIONAL_REPRESENTATION('',(#2635),#2639);
#2635 = LINE('',#2636,#2637);
#2636 = CARTESIAN_POINT('',(0.,0.));
#2637 = VECTOR('',#2638,1.);
#2638 = DIRECTION('',(1.,0.));
#2639 = ( GEOMETRIC_REPRESENTATION_CONTEXT(2) 
PARAMETRIC_REPRESENTATION_CONTEXT() REPRESENTATION_CONTEXT('2D SPACE',''
  ) );
#2640 = PCURVE('',#2133,#2641);
#2641 = DEFINITIONAL_REPRESENTATION('',(#2642),#2646);
#2642 = LINE('',#2643,#2644);
#2643 = CARTESIAN_POINT('',(0.,-6.8));
#2644 = VECTOR('',#2645,1.);
#2645 = DIRECTION('',(1.,0.));
#2646 = ( GEOMETRIC_REPRESENTATION_CONTEXT(2) 
PARAMETRIC_REPRESENTATION_CONTEXT() REPRESENTATION_CONTEXT('2D SPACE',''
  ) );
#2647 = ORIENTED_EDGE('',*,*,#2648,.T.);
#2648 = EDGE_CURVE('',#2626,#2567,#2649,.T.);
#2649 = SURFACE_CURVE('',#2650,(#2654,#2661),.PCURVE_S1.);
#2650 = LINE('',#2651,#2652);
#2651 = CARTESIAN_POINT('',(-17.3,3.4,67.));
#2652 = VECTOR('',#2653,1.);
#2653 = DIRECTION('',(1.,0.,0.));
#2654 = PCURVE('',#2159,#2655);
#2655 = DEFINITIONAL_REPRESENTATION('',(#2656),#2660);
#2656 = LINE('',#2657,#2658);
#2657 = CARTESIAN_POINT('',(3.,0.));
#2658 = VECTOR('',#2659,1.);
#2659 = DIRECTION('',(0.,1.));
#2660 = ( GEOMETRIC_REPRESENTATION_CONTEXT(2) 
PARAMETRIC_REPRESENTATION_CONTEXT() REPRESENTATION_CONTEXT('2D SPACE',''
  ) );
#2661 = PCURVE('',#2583,#2662);
#2662 = DEFINITIONAL_REPRESENTATION('',(#2663),#2667);
#2663 = LINE('',#2664,#2665);
#2664 = CARTESIAN_POINT('',(0.,6.8));
#2665 = VECTOR('',#2666,1.);
#2666 = DIRECTION('',(1.,0.));
#2667 = ( GEOMETRIC_REPRESENTATION_CONTEXT(2) 
PARAMETRIC_REPRESENTATION_CONTEXT() REPRESENTATION_CONTEXT('2D SPACE',''
  ) );
#2668 = ADVANCED_FACE('',(#2669),#2133,.T.);
#2669 = FACE_BOUND('',#2670,.T.);
#2670 = EDGE_LOOP('',(#2671,#2694,#2695,#2696));
#2671 = ORIENTED_EDGE('',*,*,#2672,.F.);
#2672 = EDGE_CURVE('',#2093,#2673,#2675,.T.);
#2673 = VERTEX_POINT('',#2674);
#2674 = CARTESIAN_POINT('',(-17.3,-3.4,67.));
#2675 = SURFACE_CURVE('',#2676,(#2680,#2687),.PCURVE_S1.);
#2676 = LINE('',#2677,#2678);
#2677 = CARTESIAN_POINT('',(-17.3,-3.4,64.));
#2678 = VECTOR('',#2679,1.);
#2679 = DIRECTION('',(0.,0.,1.));
#2680 = PCURVE('',#2133,#2681);
#2681 = DEFINITIONAL_REPRESENTATION('',(#2682),#2686);
#2682 = LINE('',#2683,#2684);
#2683 = CARTESIAN_POINT('',(0.,0.));
#2684 = VECTOR('',#2685,1.);
#2685 = DIRECTION('',(1.,0.));
#2686 = ( GEOMETRIC_REPRESENTATION_CONTEXT(2) 
PARAMETRIC_REPRESENTATION_CONTEXT() REPRESENTATION_CONTEXT('2D SPACE',''
  ) );
#2687 = PCURVE('',#2107,#2688);
#2688 = DEFINITIONAL_REPRESENTATION('',(#2689),#2693);
#2689 = LINE('',#2690,#2691);
#2690 = CARTESIAN_POINT('',(0.,0.));
#2691 = VECTOR('',#2692,1.);
#2692 = DIRECTION('',(1.,0.));
#2693 = ( GEOMETRIC_REPRESENTATION_CONTEXT(2) 
PARAMETRIC_REPRESENTATION_CONTEXT() REPRESENTATION_CONTEXT('2D SPACE',''
  ) );
#2694 = ORIENTED_EDGE('',*,*,#2118,.T.);
#2695 = ORIENTED_EDGE('',*,*,#2625,.T.);
#2696 = ORIENTED_EDGE('',*,*,#2697,.F.);
#2697 = EDGE_CURVE('',#2673,#2626,#2698,.T.);
#2698 = SURFACE_CURVE('',#2699,(#2703,#2710),.PCURVE_S1.);
#2699 = LINE('',#2700,#2701);
#2700 = CARTESIAN_POINT('',(-17.3,-3.4,67.));
#2701 = VECTOR('',#2702,1.);
#2702 = DIRECTION('',(0.,1.,0.));
#2703 = PCURVE('',#2133,#2704);
#2704 = DEFINITIONAL_REPRESENTATION('',(#2705),#2709);
#2705 = LINE('',#2706,#2707);
#2706 = CARTESIAN_POINT('',(3.,0.));
#2707 = VECTOR('',#2708,1.);
#2708 = DIRECTION('',(0.,-1.));
#2709 = ( GEOMETRIC_REPRESENTATION_CONTEXT(2) 
PARAMETRIC_REPRESENTATION_CONTEXT() REPRESENTATION_CONTEXT('2D SPACE',''
  ) );
#2710 = PCURVE('',#2583,#2711);
#2711 = DEFINITIONAL_REPRESENTATION('',(#2712),#2716);
#2712 = LINE('',#2713,#2714);
#2713 = CARTESIAN_POINT('',(0.,0.));
#2714 = VECTOR('',#2715,1.);
#2715 = DIRECTION('',(0.,1.));
#2716 = ( GEOMETRIC_REPRESENTATION_CONTEXT(2) 
PARAMETRIC_REPRESENTATION_CONTEXT() REPRESENTATION_CONTEXT('2D SPACE',''
  ) );
#2717 = ADVANCED_FACE('',(#2718),#2107,.T.);
#2718 = FACE_BOUND('',#2719,.T.);
#2719 = EDGE_LOOP('',(#2720,#2721,#2722,#2723));
#2720 = ORIENTED_EDGE('',*,*,#2545,.T.);
#2721 = ORIENTED_EDGE('',*,*,#2092,.T.);
#2722 = ORIENTED_EDGE('',*,*,#2672,.T.);
#2723 = ORIENTED_EDGE('',*,*,#2724,.T.);
#2724 = EDGE_CURVE('',#2673,#2546,#2725,.T.);
#2725 = SURFACE_CURVE('',#2726,(#2730,#2737),.PCURVE_S1.);
#2726 = LINE('',#2727,#2728);
#2727 = CARTESIAN_POINT('',(-17.3,-3.4,67.));
#2728 = VECTOR('',#2729,1.);
#2729 = DIRECTION('',(1.,0.,0.));
#2730 = PCURVE('',#2107,#2731);
#2731 = DEFINITIONAL_REPRESENTATION('',(#2732),#2736);
#2732 = LINE('',#2733,#2734);
#2733 = CARTESIAN_POINT('',(3.,0.));
#2734 = VECTOR('',#2735,1.);
#2735 = DIRECTION('',(0.,1.));
#2736 = ( GEOMETRIC_REPRESENTATION_CONTEXT(2) 
PARAMETRIC_REPRESENTATION_CONTEXT() REPRESENTATION_CONTEXT('2D SPACE',''
  ) );
#2737 = PCURVE('',#2583,#2738);
#2738 = DEFINITIONAL_REPRESENTATION('',(#2739),#2743);
#2739 = LINE('',#2740,#2741);
#2740 = CARTESIAN_POINT('',(0.,0.));
#2741 = VECTOR('',#2742,1.);
#2742 = DIRECTION('',(1.,0.));
#2743 = ( GEOMETRIC_REPRESENTATION_CONTEXT(2) 
PARAMETRIC_REPRESENTATION_CONTEXT() REPRESENTATION_CONTEXT('2D SPACE',''
  ) );
#2744 = ADVANCED_FACE('',(#2745),#2048,.T.);
#2745 = FACE_BOUND('',#2746,.T.);
#2746 = EDGE_LOOP('',(#2747,#2748,#2749,#2750));
#2747 = ORIENTED_EDGE('',*,*,#2295,.F.);
#2748 = ORIENTED_EDGE('',*,*,#2033,.T.);
#2749 = ORIENTED_EDGE('',*,*,#2525,.F.);
#2750 = ORIENTED_EDGE('',*,*,#2751,.T.);
#2751 = EDGE_CURVE('',#2498,#2296,#2752,.T.);
#2752 = SURFACE_CURVE('',#2753,(#2757,#2764),.PCURVE_S1.);
#2753 = LINE('',#2754,#2755);
#2754 = CARTESIAN_POINT('',(-17.3,-3.4,67.));
#2755 = VECTOR('',#2756,1.);
#2756 = DIRECTION('',(1.,0.,0.));
#2757 = PCURVE('',#2048,#2758);
#2758 = DEFINITIONAL_REPRESENTATION('',(#2759),#2763);
#2759 = LINE('',#2760,#2761);
#2760 = CARTESIAN_POINT('',(3.,0.));
#2761 = VECTOR('',#2762,1.);
#2762 = DIRECTION('',(0.,1.));
#2763 = ( GEOMETRIC_REPRESENTATION_CONTEXT(2) 
PARAMETRIC_REPRESENTATION_CONTEXT() REPRESENTATION_CONTEXT('2D SPACE',''
  ) );
#2764 = PCURVE('',#2356,#2765);
#2765 = DEFINITIONAL_REPRESENTATION('',(#2766),#2770);
#2766 = LINE('',#2767,#2768);
#2767 = CARTESIAN_POINT('',(0.,0.));
#2768 = VECTOR('',#2769,1.);
#2769 = DIRECTION('',(1.,0.));
#2770 = ( GEOMETRIC_REPRESENTATION_CONTEXT(2) 
PARAMETRIC_REPRESENTATION_CONTEXT() REPRESENTATION_CONTEXT('2D SPACE',''
  ) );
#2771 = ADVANCED_FACE('',(#2772),#2280,.F.);
#2772 = FACE_BOUND('',#2773,.T.);
#2773 = EDGE_LOOP('',(#2774,#2797,#2823,#2824));
#2774 = ORIENTED_EDGE('',*,*,#2775,.F.);
#2775 = EDGE_CURVE('',#2776,#2260,#2778,.T.);
#2776 = VERTEX_POINT('',#2777);
#2777 = CARTESIAN_POINT('',(2.75,0.,67.8));
#2778 = SEAM_CURVE('',#2779,(#2783,#2790),.PCURVE_S1.);
#2779 = LINE('',#2780,#2781);
#2780 = CARTESIAN_POINT('',(2.75,0.,64.));
#2781 = VECTOR('',#2782,1.);
#2782 = DIRECTION('',(0.,0.,1.));
#2783 = PCURVE('',#2280,#2784);
#2784 = DEFINITIONAL_REPRESENTATION('',(#2785),#2789);
#2785 = LINE('',#2786,#2787);
#2786 = CARTESIAN_POINT('',(-6.28318530718,0.));
#2787 = VECTOR('',#2788,1.);
#2788 = DIRECTION('',(-0.,-1.));
#2789 = ( GEOMETRIC_REPRESENTATION_CONTEXT(2) 
PARAMETRIC_REPRESENTATION_CONTEXT() REPRESENTATION_CONTEXT('2D SPACE',''
  ) );
#2790 = PCURVE('',#2280,#2791);
#2791 = DEFINITIONAL_REPRESENTATION('',(#2792),#2796);
#2792 = LINE('',#2793,#2794);
#2793 = CARTESIAN_POINT('',(-0.,0.));
#2794 = VECTOR('',#2795,1.);
#2795 = DIRECTION('',(-0.,-1.));
#2796 = ( GEOMETRIC_REPRESENTATION_CONTEXT(2) 
PARAMETRIC_REPRESENTATION_CONTEXT() REPRESENTATION_CONTEXT('2D SPACE',''
  ) );
#2797 = ORIENTED_EDGE('',*,*,#2798,.T.);
#2798 = EDGE_CURVE('',#2776,#2776,#2799,.T.);
#2799 = SURFACE_CURVE('',#2800,(#2805,#2812),.PCURVE_S1.);
#2800 = CIRCLE('',#2801,2.75);
#2801 = AXIS2_PLACEMENT_3D('',#2802,#2803,#2804);
#2802 = CARTESIAN_POINT('',(0.,0.,67.8));
#2803 = DIRECTION('',(0.,0.,-1.));
#2804 = DIRECTION('',(1.,0.,0.));
#2805 = PCURVE('',#2280,#2806);
#2806 = DEFINITIONAL_REPRESENTATION('',(#2807),#2811);
#2807 = LINE('',#2808,#2809);
#2808 = CARTESIAN_POINT('',(-6.28318530718,-3.8));
#2809 = VECTOR('',#2810,1.);
#2810 = DIRECTION('',(1.,-0.));
#2811 = ( GEOMETRIC_REPRESENTATION_CONTEXT(2) 
PARAMETRIC_REPRESENTATION_CONTEXT() REPRESENTATION_CONTEXT('2D SPACE',''
  ) );
#2812 = PCURVE('',#2484,#2813);
#2813 = DEFINITIONAL_REPRESENTATION('',(#2814),#2822);
#2814 = ( BOUNDED_CURVE() B_SPLINE_CURVE(2,(#2815,#2816,#2817,#2818,
#2819,#2820,#2821),.UNSPECIFIED.,.T.,.F.) B_SPLINE_CURVE_WITH_KNOTS((1,2
    ,2,2,2,1),(-2.094395102393,0.,2.094395102393,4.188790204786,
6.28318530718,8.377580409573),.UNSPECIFIED.) CURVE() 
GEOMETRIC_REPRESENTATION_ITEM() RATIONAL_B_SPLINE_CURVE((1.,0.5,1.,0.5,
1.,0.5,1.)) REPRESENTATION_ITEM('') );
#2815 = CARTESIAN_POINT('',(2.75,-1.91421591121E-16));
#2816 = CARTESIAN_POINT('',(2.75,-4.763139720814));
#2817 = CARTESIAN_POINT('',(-1.375,-2.381569860407));
#2818 = CARTESIAN_POINT('',(-5.5,-8.64977330652E-16));
#2819 = CARTESIAN_POINT('',(-1.375,2.381569860407));
#2820 = CARTESIAN_POINT('',(2.75,4.763139720814));
#2821 = CARTESIAN_POINT('',(2.75,-1.91421591121E-16));
#2822 = ( GEOMETRIC_REPRESENTATION_CONTEXT(2) 
PARAMETRIC_REPRESENTATION_CONTEXT() REPRESENTATION_CONTEXT('2D SPACE',''
  ) );
#2823 = ORIENTED_EDGE('',*,*,#2775,.T.);
#2824 = ORIENTED_EDGE('',*,*,#2259,.F.);
#2825 = ADVANCED_FACE('',(#2826,#2833),#2356,.F.);
#2826 = FACE_BOUND('',#2827,.F.);
#2827 = EDGE_LOOP('',(#2828,#2829,#2830,#2831,#2832));
#2828 = ORIENTED_EDGE('',*,*,#2394,.F.);
#2829 = ORIENTED_EDGE('',*,*,#2418,.T.);
#2830 = ORIENTED_EDGE('',*,*,#2497,.T.);
#2831 = ORIENTED_EDGE('',*,*,#2751,.T.);
#2832 = ORIENTED_EDGE('',*,*,#2342,.T.);
#2833 = FACE_BOUND('',#2834,.F.);
#2834 = EDGE_LOOP('',(#2835));
#2835 = ORIENTED_EDGE('',*,*,#2836,.T.);
#2836 = EDGE_CURVE('',#2837,#2837,#2839,.T.);
#2837 = VERTEX_POINT('',#2838);
#2838 = CARTESIAN_POINT('',(12.85,0.,67.));
#2839 = SURFACE_CURVE('',#2840,(#2845,#2856),.PCURVE_S1.);
#2840 = CIRCLE('',#2841,0.85);
#2841 = AXIS2_PLACEMENT_3D('',#2842,#2843,#2844);
#2842 = CARTESIAN_POINT('',(12.,0.,67.));
#2843 = DIRECTION('',(0.,0.,-1.));
#2844 = DIRECTION('',(1.,0.,0.));
#2845 = PCURVE('',#2356,#2846);
#2846 = DEFINITIONAL_REPRESENTATION('',(#2847),#2855);
#2847 = ( BOUNDED_CURVE() B_SPLINE_CURVE(2,(#2848,#2849,#2850,#2851,
#2852,#2853,#2854),.UNSPECIFIED.,.T.,.F.) B_SPLINE_CURVE_WITH_KNOTS((1,2
    ,2,2,2,1),(-2.094395102393,0.,2.094395102393,4.188790204786,
6.28318530718,8.377580409573),.UNSPECIFIED.) CURVE() 
GEOMETRIC_REPRESENTATION_ITEM() RATIONAL_B_SPLINE_CURVE((1.,0.5,1.,0.5,
1.,0.5,1.)) REPRESENTATION_ITEM('') );
#2848 = CARTESIAN_POINT('',(30.15,3.4));
#2849 = CARTESIAN_POINT('',(30.15,1.927756813566));
#2850 = CARTESIAN_POINT('',(28.875,2.663878406783));
#2851 = CARTESIAN_POINT('',(27.6,3.4));
#2852 = CARTESIAN_POINT('',(28.875,4.136121593217));
#2853 = CARTESIAN_POINT('',(30.15,4.872243186434));
#2854 = CARTESIAN_POINT('',(30.15,3.4));
#2855 = ( GEOMETRIC_REPRESENTATION_CONTEXT(2) 
PARAMETRIC_REPRESENTATION_CONTEXT() REPRESENTATION_CONTEXT('2D SPACE',''
  ) );
#2856 = PCURVE('',#2857,#2862);
#2857 = CYLINDRICAL_SURFACE('',#2858,0.85);
#2858 = AXIS2_PLACEMENT_3D('',#2859,#2860,#2861);
#2859 = CARTESIAN_POINT('',(12.,0.,64.));
#2860 = DIRECTION('',(-0.,-0.,-1.));
#2861 = DIRECTION('',(1.,0.,0.));
#2862 = DEFINITIONAL_REPRESENTATION('',(#2863),#2867);
#2863 = LINE('',#2864,#2865);
#2864 = CARTESIAN_POINT('',(-6.28318530718,-3.));
#2865 = VECTOR('',#2866,1.);
#2866 = DIRECTION('',(1.,-0.));
#2867 = ( GEOMETRIC_REPRESENTATION_CONTEXT(2) 
PARAMETRIC_REPRESENTATION_CONTEXT() REPRESENTATION_CONTEXT('2D SPACE',''
  ) );
#2868 = ADVANCED_FACE('',(#2869,#2875),#2583,.F.);
#2869 = FACE_BOUND('',#2870,.F.);
#2870 = EDGE_LOOP('',(#2871,#2872,#2873,#2874));
#2871 = ORIENTED_EDGE('',*,*,#2648,.F.);
#2872 = ORIENTED_EDGE('',*,*,#2697,.F.);
#2873 = ORIENTED_EDGE('',*,*,#2724,.T.);
#2874 = ORIENTED_EDGE('',*,*,#2566,.T.);
#2875 = FACE_BOUND('',#2876,.F.);
#2876 = EDGE_LOOP('',(#2877));
#2877 = ORIENTED_EDGE('',*,*,#2878,.T.);
#2878 = EDGE_CURVE('',#2879,#2879,#2881,.T.);
#2879 = VERTEX_POINT('',#2880);
#2880 = CARTESIAN_POINT('',(-11.15,0.,67.));
#2881 = SURFACE_CURVE('',#2882,(#2887,#2898),.PCURVE_S1.);
#2882 = CIRCLE('',#2883,0.85);
#2883 = AXIS2_PLACEMENT_3D('',#2884,#2885,#2886);
#2884 = CARTESIAN_POINT('',(-12.,0.,67.));
#2885 = DIRECTION('',(0.,0.,-1.));
#2886 = DIRECTION('',(1.,0.,0.));
#2887 = PCURVE('',#2583,#2888);
#2888 = DEFINITIONAL_REPRESENTATION('',(#2889),#2897);
#2889 = ( BOUNDED_CURVE() B_SPLINE_CURVE(2,(#2890,#2891,#2892,#2893,
#2894,#2895,#2896),.UNSPECIFIED.,.T.,.F.) B_SPLINE_CURVE_WITH_KNOTS((1,2
    ,2,2,2,1),(-2.094395102393,0.,2.094395102393,4.188790204786,
6.28318530718,8.377580409573),.UNSPECIFIED.) CURVE() 
GEOMETRIC_REPRESENTATION_ITEM() RATIONAL_B_SPLINE_CURVE((1.,0.5,1.,0.5,
1.,0.5,1.)) REPRESENTATION_ITEM('') );
#2890 = CARTESIAN_POINT('',(6.15,3.4));
#2891 = CARTESIAN_POINT('',(6.15,1.927756813566));
#2892 = CARTESIAN_POINT('',(4.875,2.663878406783));
#2893 = CARTESIAN_POINT('',(3.6,3.4));
#2894 = CARTESIAN_POINT('',(4.875,4.136121593217));
#2895 = CARTESIAN_POINT('',(6.15,4.872243186434));
#2896 = CARTESIAN_POINT('',(6.15,3.4));
#2897 = ( GEOMETRIC_REPRESENTATION_CONTEXT(2) 
PARAMETRIC_REPRESENTATION_CONTEXT() REPRESENTATION_CONTEXT('2D SPACE',''
  ) );
#2898 = PCURVE('',#2899,#2904);
#2899 = CYLINDRICAL_SURFACE('',#2900,0.85);
#2900 = AXIS2_PLACEMENT_3D('',#2901,#2902,#2903);
#2901 = CARTESIAN_POINT('',(-12.,0.,64.));
#2902 = DIRECTION('',(-0.,-0.,-1.));
#2903 = DIRECTION('',(1.,0.,0.));
#2904 = DEFINITIONAL_REPRESENTATION('',(#2905),#2909);
#2905 = LINE('',#2906,#2907);
#2906 = CARTESIAN_POINT('',(-6.28318530718,-3.));
#2907 = VECTOR('',#2908,1.);
#2908 = DIRECTION('',(1.,-0.));
#2909 = ( GEOMETRIC_REPRESENTATION_CONTEXT(2) 
PARAMETRIC_REPRESENTATION_CONTEXT() REPRESENTATION_CONTEXT('2D SPACE',''
  ) );
#2910 = ADVANCED_FACE('',(#2911,#2914),#2484,.F.);
#2911 = FACE_BOUND('',#2912,.F.);
#2912 = EDGE_LOOP('',(#2913));
#2913 = ORIENTED_EDGE('',*,*,#2469,.T.);
#2914 = FACE_BOUND('',#2915,.F.);
#2915 = EDGE_LOOP('',(#2916));
#2916 = ORIENTED_EDGE('',*,*,#2798,.T.);
#2917 = ADVANCED_FACE('',(#2918),#2857,.F.);
#2918 = FACE_BOUND('',#2919,.T.);
#2919 = EDGE_LOOP('',(#2920,#2921,#2944,#2971));
#2920 = ORIENTED_EDGE('',*,*,#2836,.T.);
#2921 = ORIENTED_EDGE('',*,*,#2922,.T.);
#2922 = EDGE_CURVE('',#2837,#2923,#2925,.T.);
#2923 = VERTEX_POINT('',#2924);
#2924 = CARTESIAN_POINT('',(12.85,0.,72.));
#2925 = SEAM_CURVE('',#2926,(#2930,#2937),.PCURVE_S1.);
#2926 = LINE('',#2927,#2928);
#2927 = CARTESIAN_POINT('',(12.85,0.,64.));
#2928 = VECTOR('',#2929,1.);
#2929 = DIRECTION('',(0.,0.,1.));
#2930 = PCURVE('',#2857,#2931);
#2931 = DEFINITIONAL_REPRESENTATION('',(#2932),#2936);
#2932 = LINE('',#2933,#2934);
#2933 = CARTESIAN_POINT('',(-6.28318530718,0.));
#2934 = VECTOR('',#2935,1.);
#2935 = DIRECTION('',(-0.,-1.));
#2936 = ( GEOMETRIC_REPRESENTATION_CONTEXT(2) 
PARAMETRIC_REPRESENTATION_CONTEXT() REPRESENTATION_CONTEXT('2D SPACE',''
  ) );
#2937 = PCURVE('',#2857,#2938);
#2938 = DEFINITIONAL_REPRESENTATION('',(#2939),#2943);
#2939 = LINE('',#2940,#2941);
#2940 = CARTESIAN_POINT('',(-0.,0.));
#2941 = VECTOR('',#2942,1.);
#2942 = DIRECTION('',(-0.,-1.));
#2943 = ( GEOMETRIC_REPRESENTATION_CONTEXT(2) 
PARAMETRIC_REPRESENTATION_CONTEXT() REPRESENTATION_CONTEXT('2D SPACE',''
  ) );
#2944 = ORIENTED_EDGE('',*,*,#2945,.T.);
#2945 = EDGE_CURVE('',#2923,#2923,#2946,.T.);
#2946 = SURFACE_CURVE('',#2947,(#2952,#2959),.PCURVE_S1.);
#2947 = CIRCLE('',#2948,0.85);
#2948 = AXIS2_PLACEMENT_3D('',#2949,#2950,#2951);
#2949 = CARTESIAN_POINT('',(12.,0.,72.));
#2950 = DIRECTION('',(0.,0.,1.));
#2951 = DIRECTION('',(1.,0.,0.));
#2952 = PCURVE('',#2857,#2953);
#2953 = DEFINITIONAL_REPRESENTATION('',(#2954),#2958);
#2954 = LINE('',#2955,#2956);
#2955 = CARTESIAN_POINT('',(-0.,-8.));
#2956 = VECTOR('',#2957,1.);
#2957 = DIRECTION('',(-1.,0.));
#2958 = ( GEOMETRIC_REPRESENTATION_CONTEXT(2) 
PARAMETRIC_REPRESENTATION_CONTEXT() REPRESENTATION_CONTEXT('2D SPACE',''
  ) );
#2959 = PCURVE('',#2960,#2965);
#2960 = PLANE('',#2961);
#2961 = AXIS2_PLACEMENT_3D('',#2962,#2963,#2964);
#2962 = CARTESIAN_POINT('',(12.,6.584874259323E-17,72.));
#2963 = DIRECTION('',(0.,0.,1.));
#2964 = DIRECTION('',(1.,0.,-0.));
#2965 = DEFINITIONAL_REPRESENTATION('',(#2966),#2970);
#2966 = CIRCLE('',#2967,0.85);
#2967 = AXIS2_PLACEMENT_2D('',#2968,#2969);
#2968 = CARTESIAN_POINT('',(0.,-6.584874259323E-17));
#2969 = DIRECTION('',(1.,0.));
#2970 = ( GEOMETRIC_REPRESENTATION_CONTEXT(2) 
PARAMETRIC_REPRESENTATION_CONTEXT() REPRESENTATION_CONTEXT('2D SPACE',''
  ) );
#2971 = ORIENTED_EDGE('',*,*,#2922,.F.);
#2972 = ADVANCED_FACE('',(#2973),#2899,.F.);
#2973 = FACE_BOUND('',#2974,.T.);
#2974 = EDGE_LOOP('',(#2975,#2976,#2999,#3026));
#2975 = ORIENTED_EDGE('',*,*,#2878,.T.);
#2976 = ORIENTED_EDGE('',*,*,#2977,.T.);
#2977 = EDGE_CURVE('',#2879,#2978,#2980,.T.);
#2978 = VERTEX_POINT('',#2979);
#2979 = CARTESIAN_POINT('',(-11.15,0.,72.));
#2980 = SEAM_CURVE('',#2981,(#2985,#2992),.PCURVE_S1.);
#2981 = LINE('',#2982,#2983);
#2982 = CARTESIAN_POINT('',(-11.15,0.,64.));
#2983 = VECTOR('',#2984,1.);
#2984 = DIRECTION('',(0.,0.,1.));
#2985 = PCURVE('',#2899,#2986);
#2986 = DEFINITIONAL_REPRESENTATION('',(#2987),#2991);
#2987 = LINE('',#2988,#2989);
#2988 = CARTESIAN_POINT('',(-6.28318530718,0.));
#2989 = VECTOR('',#2990,1.);
#2990 = DIRECTION('',(-0.,-1.));
#2991 = ( GEOMETRIC_REPRESENTATION_CONTEXT(2) 
PARAMETRIC_REPRESENTATION_CONTEXT() REPRESENTATION_CONTEXT('2D SPACE',''
  ) );
#2992 = PCURVE('',#2899,#2993);
#2993 = DEFINITIONAL_REPRESENTATION('',(#2994),#2998);
#2994 = LINE('',#2995,#2996);
#2995 = CARTESIAN_POINT('',(-0.,0.));
#2996 = VECTOR('',#2997,1.);
#2997 = DIRECTION('',(-0.,-1.));
#2998 = ( GEOMETRIC_REPRESENTATION_CONTEXT(2) 
PARAMETRIC_REPRESENTATION_CONTEXT() REPRESENTATION_CONTEXT('2D SPACE',''
  ) );
#2999 = ORIENTED_EDGE('',*,*,#3000,.T.);
#3000 = EDGE_CURVE('',#2978,#2978,#3001,.T.);
#3001 = SURFACE_CURVE('',#3002,(#3007,#3014),.PCURVE_S1.);
#3002 = CIRCLE('',#3003,0.85);
#3003 = AXIS2_PLACEMENT_3D('',#3004,#3005,#3006);
#3004 = CARTESIAN_POINT('',(-12.,0.,72.));
#3005 = DIRECTION('',(0.,0.,1.));
#3006 = DIRECTION('',(1.,0.,0.));
#3007 = PCURVE('',#2899,#3008);
#3008 = DEFINITIONAL_REPRESENTATION('',(#3009),#3013);
#3009 = LINE('',#3010,#3011);
#3010 = CARTESIAN_POINT('',(-0.,-8.));
#3011 = VECTOR('',#3012,1.);
#3012 = DIRECTION('',(-1.,0.));
#3013 = ( GEOMETRIC_REPRESENTATION_CONTEXT(2) 
PARAMETRIC_REPRESENTATION_CONTEXT() REPRESENTATION_CONTEXT('2D SPACE',''
  ) );
#3014 = PCURVE('',#3015,#3020);
#3015 = PLANE('',#3016);
#3016 = AXIS2_PLACEMENT_3D('',#3017,#3018,#3019);
#3017 = CARTESIAN_POINT('',(-12.,6.584874259323E-17,72.));
#3018 = DIRECTION('',(0.,0.,1.));
#3019 = DIRECTION('',(1.,0.,-0.));
#3020 = DEFINITIONAL_REPRESENTATION('',(#3021),#3025);
#3021 = CIRCLE('',#3022,0.85);
#3022 = AXIS2_PLACEMENT_2D('',#3023,#3024);
#3023 = CARTESIAN_POINT('',(1.7763568394E-15,-6.584874259323E-17));
#3024 = DIRECTION('',(1.,0.));
#3025 = ( GEOMETRIC_REPRESENTATION_CONTEXT(2) 
PARAMETRIC_REPRESENTATION_CONTEXT() REPRESENTATION_CONTEXT('2D SPACE',''
  ) );
#3026 = ORIENTED_EDGE('',*,*,#2977,.F.);
#3027 = ADVANCED_FACE('',(#3028),#2960,.F.);
#3028 = FACE_BOUND('',#3029,.F.);
#3029 = EDGE_LOOP('',(#3030));
#3030 = ORIENTED_EDGE('',*,*,#2945,.T.);
#3031 = ADVANCED_FACE('',(#3032),#3015,.F.);
#3032 = FACE_BOUND('',#3033,.F.);
#3033 = EDGE_LOOP('',(#3034));
#3034 = ORIENTED_EDGE('',*,*,#3000,.T.);
#3035 = ( GEOMETRIC_REPRESENTATION_CONTEXT(3) 
GLOBAL_UNCERTAINTY_ASSIGNED_CONTEXT((#3039)) 
GLOBAL_UNIT_ASSIGNED_CONTEXT((#3036,#3037,#3038)) REPRESENTATION_CONTEXT
('Context #1','3D Context with UNIT and UNCERTAINTY') );
#3036 = ( LENGTH_UNIT() NAMED_UNIT(*) SI_UNIT(.MILLI.,.METRE.) );
#3037 = ( NAMED_UNIT(*) PLANE_ANGLE_UNIT() SI_UNIT($,.RADIAN.) );
#3038 = ( NAMED_UNIT(*) SI_UNIT($,.STERADIAN.) SOLID_ANGLE_UNIT() );
#3039 = UNCERTAINTY_MEASURE_WITH_UNIT(LENGTH_MEASURE(1.E-07),#3036,
  'distance_accuracy_value','confusion accuracy');
#3040 = PRODUCT_RELATED_PRODUCT_CATEGORY('part',$,(#7));
ENDSEC;
END-ISO-10303-21;
